-- phpMyAdmin SQL Dump
-- version 3.2.4
-- http://www.phpmyadmin.net
--
-- Host: localhost
-- Generation Time: Feb 21, 2010 at 09:29 PM
-- Server version: 5.1.41
-- PHP Version: 5.3.1

SET SQL_MODE="NO_AUTO_VALUE_ON_ZERO";


/*!40101 SET @OLD_CHARACTER_SET_CLIENT=@@CHARACTER_SET_CLIENT */;
/*!40101 SET @OLD_CHARACTER_SET_RESULTS=@@CHARACTER_SET_RESULTS */;
/*!40101 SET @OLD_COLLATION_CONNECTION=@@COLLATION_CONNECTION */;
/*!40101 SET NAMES utf8 */;

--
-- Database: `waldkorn`
--

-- --------------------------------------------------------

--
-- Table structure for table `catalogue_articles`
--

CREATE TABLE IF NOT EXISTS `catalogue_articles` (
  `id` varchar(20) CHARACTER SET latin1 COLLATE latin1_general_ci NOT NULL DEFAULT '',
  `section` char(3) CHARACTER SET latin1 COLLATE latin1_general_ci NOT NULL DEFAULT '',
  `price` int(11) NOT NULL DEFAULT '0',
  `definitionid` int(11) NOT NULL,
  PRIMARY KEY (`id`)
) ENGINE=MyISAM DEFAULT CHARSET=latin1;

--
-- Dumping data for table `catalogue_articles`
--

INSERT INTO `catalogue_articles` (`id`, `section`, `price`, `definitionid`) VALUES
('EHP', 'A1', 2, 2544),
('BHP', 'A1', 2, 2556),
('DHP', 'A1', 2, 2581),
('ovi', 'a2', 5, 1179),
('ovi2', 'a2', 3, 1180),
('ovi3', 'a2', 4, 1181),
('PIZ', 'A1', 2, 1105),
('DRK', 'A1', 2, 1106),
('PUL', 'A2', 1, 1112),
('RTV', 'A2', 3, 1126),
('WTV', 'A2', 4, 1127),
('DIGITV', 'A2', 6, 1155),
('LAVUAARI', 'A1', 3, 1157),
('PYTTYSIN', 'A2', 2, 1158),
('PYTTYPUN', 'A2', 2, 1161),
('PYTTYKELT', 'A2', 2, 1162),
('AMME', 'A2', 6, 1156),
('KAAKELISIN', 'A2', 2, 1160),
('KAAKELIPUN', 'A2', 2, 1163),
('KAAKELIKELT', 'A2', 2, 1164),
('GIRLSTP', 'A1', 3, 1136),
('GIRLS1P', 'A1', 3, 1137),
('GIRLS2P', 'A2', 4, 1138),
('GIRLSHP', 'A2', 4, 1139),
('MURLOVE', 'A2', 4, 1045),
('STP', 'A1', 3, 1019),
('B9P', 'A1', 2, 2556),
('KUMIANKKA', 'A1', 1, 1159),
('RMA', 'A1', 2, 1044),
('BJA', 'A1', 1, 1118),
('BAA', 'A2', 4, 1116),
('JLA', 'A1', 2, 1041),
('JAA', 'A1', 1, 1039),
('PPA', 'A1', 2, 1038),
('S1A', 'A1', 2, 1042),
('S2A', 'A2', 3, 1032),
('TAA', 'A2', 4, 1040),
('KHA', 'A1', 3, 1035),
('KYA', 'A2', 2, 1177),
('STN', 'A2', 3, 1174),
('TUN', 'A1', 2, 1015),
('PEN', 'A1', 2, 1014),
('PYN', 'A1', 2, 2410),
('HYN', 'A1', 3, 1001),
('PSN', 'A2', 4, 1175),
('S1S', 'A1', 3, 1029),
('S2S', 'A1', 3, 1030),
('KHS', 'A1', 3, 1003),
('PYS', 'A1', 2, 1007),
('SHS', 'A1', 3, 1013),
('STS', 'A1', 2, 1021),
('TLP', 'A2', 20, 2360),
('TUS', 'A1', 2, 1012),
('PPS', 'A1', 1, 1031),
('CHP', 'A1', 2, 2573),
('AHP', 'A1', 0, 2592),
('PL1', 'A2', 2, 2600),
('PIA', 'A2', 3, 1037),
('PEA', 'A1', 2, 1036),
('BTA', 'A1', 3, 1117),
('S1BVALKO', 'A1', 2, 1140),
('S2BVALKO', 'A1', 3, 1141),
('S1B', 'A1', 2, 1033),
('S2B', 'A1', 3, 1034),
('BABA', 'A2', 4, 1172),
('FDG', 'A2', 6, 1178),
('BLMP', 'A1', 3, 1176),
('S1P', 'A1', 3, 1026),
('PPP', 'A1', 1, 1004),
('TUP', 'A1', 2, 1005),
('SHP', 'A2', 4, 1594),
('S2P', 'A2', 3, 1025),
('PMP', 'A1', 3, 1016),
('LTP', 'A1', 1, 1011),
('BTP', 'A1', 2, 1113),
('BKP', 'A1', 2, 1114),
('BAP', 'A2', 5, 1110),
('KHP', 'A2', 4, 1002),
('OSB', 'A1', 1, 1017),
('ANANAS', 'A1', 2, 1142),
('PIKKUKAKTUS', 'A1', 1, 1144),
('PUU', 'A1', 2, 1143),
('BONSAI', 'A2', 3, 1145),
('JUKKA', 'A2', 3, 1147),
('ISOKAKTUS', 'A2', 2, 1146),
('RUUSU', 'A2', 3, 1154),
('AURINKO', 'A2', 3, 1153),
('T', 'A2', 2, 2408),
('L', 'A2', 2, 2407),
('juliste', 'A2', 2, 2409),
('tree3', 'a2', 4, 1194),
('E1P', 'A1', 2, 2547),
('E8P', 'A1', 2, 2548),
('E3P', 'A1', 2, 2543),
('E7P', 'A1', 2, 2545),
('E6P', 'A1', 2, 2546),
('E4P', 'A1', 2, 2551),
('E5P', 'A1', 2, 2550),
('E2P', 'A1', 2, 2549),
('E9P', 'A1', 2, 2542),
('PL3', 'A2', 2, 2602),
('PL2', 'A2', 2, 2601),
('PL4', 'A2', 2, 2603),
('PL5', 'A2', 2, 2604),
('BV7', 'A1', 1, 1018),
('BV1', 'A1', 1, 1075),
('BM8', 'A1', 2, 1060),
('BMA', 'A1', 2, 1066),
('BM5', 'A1', 2, 1073),
('BM1', 'A1', 2, 1103),
('BM9', 'A1', 2, 1149),
('BMB', 'A1', 2, 1151),
('BMC', 'A1', 2, 1152),
('BM7', 'A1', 2, 1043),
('menorah', 'A2', 3, 1187),
('BV6', 'A1', 1, 2413),
('ham', 'a1', 3, 1189),
('turkey', 'a1', 3, 1190);

-- --------------------------------------------------------

--
-- Table structure for table `items`
--

CREATE TABLE IF NOT EXISTS `items` (
  `id` int(10) NOT NULL AUTO_INCREMENT,
  `definitionid` int(6) NOT NULL,
  `ownerid` int(10) NOT NULL,
  `spaceid` int(10) NOT NULL DEFAULT '0',
  `x` smallint(6) NOT NULL DEFAULT '0',
  `y` smallint(6) NOT NULL DEFAULT '0',
  `z` float NOT NULL DEFAULT '0',
  `rotation` tinyint(1) NOT NULL DEFAULT '0',
  `customdata` varchar(350) DEFAULT NULL,
  `teleporterid` int(10) DEFAULT NULL,
  `wallposition` varchar(100) DEFAULT NULL,
  `itemdata` text,
  PRIMARY KEY (`id`),
  UNIQUE KEY `uni` (`id`)
) ENGINE=MyISAM  DEFAULT CHARSET=latin1 AUTO_INCREMENT=4343 ;

--
-- Dumping data for table `items`
--

INSERT INTO `items` (`id`, `definitionid`, `ownerid`, `spaceid`, `x`, `y`, `z`, `rotation`, `customdata`, `teleporterid`, `wallposition`, `itemdata`) VALUES
(3, 1175, 1, 2752, 6, 3, 0, 4, 'TRUE', 0, NULL, NULL),
(4, 1003, 1, 2752, 5, 9, 0, 0, 'TRUE', 0, NULL, NULL),
(6, 2410, 3, 2754, 9, 1, 2, 0, 'TRUE', 0, NULL, NULL),
(8, 1157, 1, 2752, 8, 1, 0, 4, 'TRUE', 0, NULL, NULL),
(9, 2363, 1, 0, 0, 0, 0, 0, 'TRUE', 0, NULL, NULL),
(57, 1113, 4, 2753, 8, 2, 0, 2, NULL, 0, NULL, NULL),
(27, 1180, 4, 2753, 8, 13, 0, 2, NULL, 28, NULL, NULL),
(12, 1013, 1, 2752, 8, 10, 0, 4, 'TRUE', 0, NULL, NULL),
(125, 1013, 12, 2757, 6, 1, 0, 2, NULL, 0, NULL, NULL),
(126, 1013, 12, 2757, 9, 1, 0, 6, NULL, 0, NULL, NULL),
(127, 1013, 12, 2757, 6, 3, 0, 2, NULL, 0, NULL, NULL),
(15, 1163, 1, 2752, 8, 5, 0, 0, 'TRUE', 0, NULL, NULL),
(16, 1164, 1, 2752, 8, 1, 0, 0, 'TRUE', 0, NULL, NULL),
(486, 2409, 1, 2756, 0, 0, 0, 0, '20', 0, 'leftwall 2.0938,-3.6667,10001', NULL),
(17, 1036, 1, 2752, 7, 7, 0, 4, 'TRUE', 0, NULL, NULL),
(19, 1037, 1, 2752, 10, 9, 0, 0, 'TRUE', 0, NULL, NULL),
(20, 1147, 1, 2752, 4, 6, 0, 0, 'TRUE', 0, NULL, NULL),
(21, 1142, 2, 0, 0, 0, 0, 0, 'TRUE', 0, NULL, NULL),
(22, 1154, 1, 2752, 5, 3, 0, 0, 'TRUE', 0, NULL, NULL),
(25, 1040, 1, 2752, 10, 1, 0, 0, 'OFF', 0, NULL, NULL),
(26, 1155, 4, 2753, 11, 13, 4, 0, 'ON', 0, NULL, NULL),
(34, 1127, 1, 2752, 9, 3, 0, 0, '1', 0, NULL, NULL),
(28, 1180, 4, 2753, 3, 5, 0, 2, NULL, 27, NULL, NULL),
(122, 1012, 1, 2752, 7, 8, 0, 0, NULL, 0, NULL, NULL),
(233, 2409, 1, 2756, 0, 0, 0, 0, '4', 0, 'frontwall -11.0000,-16.1111,11000', NULL),
(29, 2410, 3, 2754, 9, 1, 0, 0, NULL, 0, NULL, NULL),
(33, 1155, 4, 2753, 8, 2, 2, 0, 'ON', 0, NULL, NULL),
(32, 1126, 1, 2752, 11, 10, 2, 4, 'ON', 0, NULL, NULL),
(35, 1112, 4, 2753, 7, 4, 2, 0, '6', 0, NULL, NULL),
(36, 1159, 4, 2753, 8, 3, 2, 0, NULL, 0, NULL, NULL),
(37, 2409, 4, 2753, 0, 0, 0, 0, '2', 0, 'frontwall -10.5625,-15.2222,10563/2', NULL),
(38, 1034, 4, 2753, 9, 6, 0, 0, NULL, 0, NULL, NULL),
(56, 1113, 4, 2753, 6, 6, 0, 0, NULL, 0, NULL, NULL),
(39, 1011, 4, 2753, 5, 6, 2, 2, NULL, 0, NULL, NULL),
(40, 1011, 4, 2753, 11, 1, 1, 2, NULL, 0, NULL, NULL),
(41, 1012, 4, 2753, 4, 9, 0, 2, NULL, 0, NULL, NULL),
(42, 1113, 4, 2753, 4, 6, 0, 0, NULL, 0, NULL, NULL),
(43, 1143, 4, 2753, 11, 1, 2, 0, NULL, 0, NULL, NULL),
(44, 1116, 1, 2752, 4, 3, 0, 2, 'FALSE', 0, NULL, NULL),
(45, 1118, 1, 2752, 6, 11, 0, 6, NULL, 0, NULL, NULL),
(46, 1001, 4, 2753, 7, 1, 0, 0, NULL, 0, NULL, NULL),
(47, 1017, 4, 2753, 5, 5, 0, 0, NULL, 0, NULL, NULL),
(48, 1017, 4, 2753, 4, 7, 1, 0, NULL, 0, NULL, NULL),
(49, 2600, 4, 2753, 4, 7, 1, 2, NULL, 0, NULL, NULL),
(50, 1142, 4, 2753, 5, 6, 3, 0, NULL, 0, NULL, NULL),
(55, 1113, 4, 2753, 5, 1, 0, 0, NULL, 0, NULL, NULL),
(54, 1044, 4, 2753, 7, 10, 0, 0, NULL, 0, NULL, NULL),
(53, 1017, 4, 2753, 4, 5, 0, 0, NULL, 0, NULL, NULL),
(58, 1114, 4, 2753, 8, 4, 0, 0, NULL, 0, NULL, NULL),
(59, 1110, 4, 2753, 4, 2, 0, 2, 'FALSE', 0, NULL, NULL),
(60, 1113, 4, 2753, 4, 4, 0, 0, NULL, 0, NULL, NULL),
(61, 1113, 4, 2753, 6, 4, 0, 0, NULL, 0, NULL, NULL),
(62, 1178, 4, 2753, 4, 1, 0, 0, 'FALSE', 0, NULL, NULL),
(63, 2360, 2, 0, 0, 0, 0, 0, '20', NULL, NULL, NULL),
(64, 1147, 4, 2753, 4, 4, 2, 0, NULL, 0, NULL, NULL),
(65, 1147, 4, 2753, 4, 6, 2, 0, NULL, 0, NULL, NULL),
(66, 1105, 4, 2753, 5, 4, 2, 0, NULL, 0, NULL, NULL),
(67, 1106, 4, 2753, 6, 4, 2, 0, NULL, 0, NULL, NULL),
(68, 1040, 4, 2753, 9, 1, 0, 0, 'FALSE', 0, NULL, NULL),
(69, 1035, 4, 2753, 10, 2, 0, 0, NULL, 0, NULL, NULL),
(70, 1041, 4, 2753, 9, 2, 0, 0, 'FALSE', 0, NULL, NULL),
(71, 1154, 4, 2753, 8, 8, 0, 0, NULL, 0, NULL, NULL),
(72, 1154, 4, 2753, 8, 7, 0, 0, NULL, 0, NULL, NULL),
(73, 1154, 4, 2753, 8, 6, 0, 0, NULL, 0, NULL, NULL),
(74, 1147, 4, 2753, 5, 9, 0, 0, NULL, 0, NULL, NULL),
(75, 1147, 4, 2753, 7, 8, 0, 0, NULL, 0, NULL, NULL),
(76, 1142, 4, 2753, 6, 8, 0, 0, NULL, 0, NULL, NULL),
(77, 1142, 4, 2753, 5, 12, 0, 0, NULL, 0, NULL, NULL),
(78, 1145, 4, 2753, 5, 11, 0, 0, NULL, 0, NULL, NULL),
(79, 1145, 4, 2753, 6, 12, 0, 0, NULL, 0, NULL, NULL),
(80, 2409, 4, 2753, 0, 0, 0, 0, '10', 0, 'leftwall 7.1563,-2.3333,7156/10', NULL),
(81, 1032, 4, 2753, 10, 9, 0, 0, NULL, 0, NULL, NULL),
(82, 1032, 4, 2753, 10, 3, 0, 0, NULL, 0, NULL, NULL),
(83, 1042, 4, 2753, 11, 6, 0, 0, NULL, 0, NULL, NULL),
(84, 1042, 4, 2753, 9, 3, 0, 0, NULL, 0, NULL, NULL),
(85, 1037, 4, 2753, 10, 12, 2, 0, NULL, 0, NULL, NULL),
(86, 1037, 4, 2753, 10, 12, 0, 0, NULL, 0, NULL, NULL),
(87, 1175, 4, 2753, 6, 7, 0, 0, NULL, 0, NULL, NULL),
(88, 1175, 4, 2753, 6, 3, 0, 0, NULL, 0, NULL, NULL),
(89, 1175, 4, 2753, 5, 10, 0, 0, NULL, 0, NULL, NULL),
(90, 1175, 4, 2753, 7, 9, 0, 0, NULL, 0, NULL, NULL),
(91, 1175, 4, 2753, 5, 2, 0, 0, NULL, 0, NULL, NULL),
(92, 1175, 4, 2753, 4, 3, 0, 0, NULL, 0, NULL, NULL),
(93, 1116, 4, 2753, 7, 11, 0, 0, 'FALSE', 0, NULL, NULL),
(94, 1116, 4, 2753, 5, 7, 0, 0, 'FALSE', 0, NULL, NULL),
(95, 1116, 4, 2753, 6, 11, 0, 0, 'FALSE', 0, NULL, NULL),
(96, 1116, 4, 2753, 7, 10, 0, 0, 'FALSE', 0, NULL, NULL),
(97, 1157, 1, 0, 0, 0, 0, 0, 'FALSE', 0, NULL, NULL),
(98, 1157, 2, 0, 0, 0, 0, 0, 'FALSE', NULL, NULL, NULL),
(99, 1156, 4, 2753, 8, 10, 0, 0, 'FALSE', 0, NULL, NULL),
(100, 1156, 4, 2753, 9, 9, 0, 0, 'FALSE', 0, NULL, NULL),
(101, 1003, 20, 0, 0, 0, 0, 0, NULL, 0, NULL, NULL),
(102, 1003, 2, 0, 0, 0, 0, 0, NULL, 0, NULL, NULL),
(103, 1003, 4, 2753, 5, 1, 2, 0, NULL, 0, NULL, NULL),
(104, 1003, 4, 2753, 7, 13, 0, 0, NULL, 0, NULL, NULL),
(105, 1025, 1, 2756, 8, 6, 0, 0, NULL, 0, NULL, NULL),
(106, 1026, 2, 0, 0, 0, 0, 0, NULL, NULL, NULL, NULL),
(107, 1005, 2, 0, 0, 0, 0, 0, NULL, NULL, NULL, NULL),
(108, 1005, 2, 0, 0, 0, 0, 0, NULL, 0, NULL, NULL),
(109, 1002, 1, 2756, 6, 9, 0, 0, NULL, 0, NULL, NULL),
(110, 1139, 2, 0, 0, 0, 0, 0, NULL, NULL, NULL, NULL),
(111, 1136, 20, 0, 0, 0, 0, 0, NULL, 0, NULL, NULL),
(115, 1126, 6, 2770, 4, 8, 0, 0, 'ON', 0, NULL, NULL),
(114, 2409, 6, 2770, 0, 0, 0, 0, '6', 0, 'leftwall 5.7188,-4.2778,5719', NULL),
(116, 1142, 6, 2770, 4, 7, 0, 0, NULL, 0, NULL, NULL),
(117, 1178, 4, 2772, 10, 3, 0, 4, 'FALSE', 0, NULL, NULL),
(118, 1038, 1, 2756, 4, 11, 0, 0, NULL, 0, NULL, NULL),
(119, 1126, 1, 2756, 4, 11, 2, 4, 'ON', 0, NULL, NULL),
(128, 1013, 12, 2757, 9, 3, 0, 6, NULL, 0, NULL, NULL),
(129, 1003, 12, 2757, 4, 11, 0, 6, NULL, 0, NULL, NULL),
(130, 1003, 12, 2757, 4, 1, 0, 6, NULL, 0, NULL, NULL),
(131, 1003, 12, 2757, 4, 7, 0, 6, NULL, 0, NULL, NULL),
(132, 1003, 12, 2757, 4, 9, 0, 6, NULL, 0, NULL, NULL),
(133, 2409, 12, 0, 0, 0, 0, 0, '20', NULL, NULL, NULL),
(134, 2409, 12, 2757, 0, 0, 0, 0, '20', 0, 'leftwall 8.1250,-2.6111,8125/20', NULL),
(135, 2409, 12, 2757, 0, 0, 0, 0, '20', 0, 'leftwall -2.8438,-2.7222,2844/20', NULL),
(136, 2409, 12, 2757, 0, 0, 0, 0, '20', 0, 'leftwall -1.8750,-2.7222,1875/20', NULL),
(137, 1181, 11, 0, 0, 0, 0, 0, 'FALSE', 138, NULL, NULL),
(138, 1181, 11, 0, 0, 0, 0, 0, 'FALSE', NULL, NULL, NULL),
(139, 1003, 12, 2757, 4, 3, 0, 6, NULL, 0, NULL, NULL),
(140, 1015, 12, 2757, 11, 10, 0, 4, NULL, 0, NULL, NULL),
(141, 1015, 12, 2757, 9, 11, 0, 2, NULL, 0, NULL, NULL),
(142, 2410, 12, 2757, 10, 11, 0, 0, NULL, 0, NULL, NULL),
(143, 1044, 12, 2757, 10, 9, 0, 0, NULL, 0, NULL, NULL),
(148, 2409, 15, 2761, 0, 0, 0, 0, '12', 0, 'frontwall -10.8125,-16.1667,10813/12', NULL),
(144, 1013, 12, 2757, 7, 5, 0, 0, NULL, 0, NULL, NULL),
(147, 2409, 15, 2761, 0, 0, 0, 0, '24', 0, 'leftwall -2.0000,-4.6111,2000/24', NULL),
(149, 2409, 15, 2761, 0, 0, 0, 0, '20', 0, 'leftwall 7.5000,-3.9444,7500/20', NULL),
(150, 2409, 15, 2761, 0, 0, 0, 0, '20', 0, 'leftwall 4.7813,-4.2222,4781', NULL),
(151, 1113, 15, 2761, 4, 8, 0, 0, NULL, 0, NULL, NULL),
(152, 1113, 15, 2761, 8, 9, 0, 2, NULL, 0, NULL, NULL),
(153, 1113, 15, 2761, 8, 12, 0, 2, NULL, 0, NULL, NULL),
(154, 1113, 15, 2761, 6, 8, 0, 0, NULL, 0, NULL, NULL),
(155, 1113, 15, 0, 0, 0, 0, 0, NULL, NULL, NULL, NULL),
(156, 1114, 15, 0, 0, 0, 0, 0, NULL, NULL, NULL, NULL),
(157, 1114, 15, 0, 0, 0, 0, 0, NULL, NULL, NULL, NULL),
(158, 1114, 15, 2761, 8, 8, 0, 6, NULL, 0, NULL, NULL),
(159, 1011, 15, 2761, 11, 1, 5, 0, NULL, 0, NULL, NULL),
(160, 1011, 15, 2761, 11, 1, 1, 0, NULL, 0, NULL, NULL),
(161, 1011, 15, 2761, 11, 1, 2, 0, NULL, 0, NULL, NULL),
(162, 1011, 15, 2761, 11, 1, 3, 0, NULL, 0, NULL, NULL),
(163, 1011, 15, 2761, 11, 1, 0, 0, NULL, 0, NULL, NULL),
(164, 1011, 15, 2761, 11, 1, 4, 0, NULL, 0, NULL, NULL),
(165, 1005, 15, 2761, 9, 1, 0, 4, NULL, 0, NULL, NULL),
(166, 1005, 15, 2761, 6, 1, 0, 4, NULL, 0, NULL, NULL),
(167, 1005, 15, 2761, 7, 1, 0, 4, NULL, 0, NULL, NULL),
(168, 1005, 15, 2761, 5, 1, 0, 4, NULL, 0, NULL, NULL),
(169, 1005, 15, 2761, 8, 1, 0, 4, NULL, 0, NULL, NULL),
(170, 1005, 15, 2761, 4, 3, 0, 2, NULL, 0, NULL, NULL),
(171, 1005, 15, 2761, 4, 4, 0, 2, NULL, 0, NULL, NULL),
(172, 1005, 15, 2761, 4, 2, 0, 2, NULL, 0, NULL, NULL),
(173, 2360, 15, 0, 0, 0, 0, 0, '18', 0, NULL, NULL),
(174, 1126, 15, 2761, 8, 8, 2, 4, 'ON', 0, NULL, NULL),
(175, 1127, 15, 0, 0, 0, 0, 0, 'FALSE', NULL, NULL, NULL),
(176, 1106, 15, 2761, 9, 3, 0, 0, NULL, 0, NULL, NULL),
(177, 1112, 15, 2761, 10, 3, 0, 2, '1', 0, NULL, NULL),
(178, 1044, 15, 2761, 6, 2, 0, 0, NULL, 0, NULL, NULL),
(179, 2592, 15, 2761, 10, 6, 0, 0, NULL, 0, NULL, NULL),
(182, 1160, 13, 2758, 4, 9, 0, 0, NULL, 0, NULL, NULL),
(183, 1157, 13, 2758, 4, 9, 0, 0, 'FALSE', 0, NULL, NULL),
(184, 1158, 13, 2758, 4, 10, 0, 6, 'FALSE', 0, NULL, NULL),
(185, 1156, 13, 2758, 7, 11, 0, 4, 'FALSE', 0, NULL, NULL),
(186, 1021, 13, 2758, 8, 3, 0, 6, NULL, 0, NULL, NULL),
(187, 1013, 13, 2758, 6, 5, 0, 0, NULL, 0, NULL, NULL),
(188, 1003, 13, 2758, 4, 2, 0, 6, NULL, 0, NULL, NULL),
(189, 1030, 13, 2758, 10, 1, 0, 0, NULL, 0, NULL, NULL),
(190, 1155, 13, 2758, 6, 1, 0, 2, 'FALSE', 0, NULL, NULL),
(194, 1013, 18, 2763, 9, 1, 0, 4, NULL, 0, NULL, NULL),
(193, 1003, 18, 2763, 4, 1, 0, 6, NULL, 0, NULL, NULL),
(195, 1013, 18, 2763, 6, 1, 0, 4, NULL, 0, NULL, NULL),
(196, 1021, 18, 2763, 8, 1, 0, 4, NULL, 0, NULL, NULL),
(197, 1007, 18, 2763, 7, 3, 0, 0, NULL, 0, NULL, NULL),
(198, 1116, 15, 2761, 4, 7, 0, 2, 'FALSE', 0, NULL, NULL),
(199, 2544, 15, 2761, 10, 5, 0, 4, NULL, 0, NULL, NULL),
(200, 1179, 15, 2761, 11, 1, 6, 4, 'FALSE', 201, NULL, NULL),
(201, 1179, 15, 2761, 5, 9, 0, 2, 'FALSE', 200, NULL, NULL),
(205, 1116, 18, 2763, 4, 11, 0, 2, 'FALSE', 0, NULL, NULL),
(202, 1040, 18, 2763, 4, 8, 0, 2, 'ON', 0, NULL, NULL),
(203, 1035, 18, 2763, 4, 6, 0, 2, NULL, 0, NULL, NULL),
(204, 1035, 18, 2763, 4, 12, 0, 2, NULL, 0, NULL, NULL),
(206, 1160, 15, 2761, 4, 9, 0, 0, NULL, 0, NULL, NULL),
(207, 1105, 15, 2761, 8, 10, 2, 0, NULL, 0, NULL, NULL),
(208, 1013, 18, 2763, 11, 5, 0, 6, NULL, 0, NULL, NULL),
(209, 1013, 18, 2763, 11, 2, 0, 6, NULL, 0, NULL, NULL),
(210, 1021, 18, 2763, 11, 4, 0, 6, NULL, 0, NULL, NULL),
(211, 1031, 18, 2763, 11, 11, 0, 0, NULL, 0, NULL, NULL),
(212, 1012, 18, 2763, 11, 12, 0, 0, NULL, 0, NULL, NULL),
(213, 2409, 18, 2763, 0, 0, 0, 0, '13', 0, 'frontwall -10.8125,-15.2222,10813/13', NULL),
(214, 2409, 18, 2763, 0, 0, 0, 0, '15', 0, 'leftwall 5.7188,-2.9444,5719/15', NULL),
(215, 2409, 18, 2763, 0, 0, 0, 0, '24', 0, 'frontwall -5.0313,-5.6667,5031/24', NULL),
(216, 2360, 17, 0, 0, 0, 0, 0, '20', NULL, NULL, NULL),
(217, 1012, 18, 2763, 11, 10, 0, 4, NULL, 0, NULL, NULL),
(218, 1044, 18, 2763, 6, 3, 0, 2, NULL, 0, NULL, NULL),
(219, 2361, 3, 2754, 0, 0, 0, 0, NULL, 0, 'frontwall -10.8750,-16.0000,10875', NULL),
(220, 2361, 3, 2754, 0, 0, 0, 0, NULL, 0, 'leftwall -2.0625,-4.0000,2063', NULL),
(221, 2361, 3, 2754, 0, 0, 0, 0, NULL, 0, 'leftwall 4.6563,-4.2222,4656', NULL),
(222, 1174, 5, 2780, 6, 2, 0, 6, NULL, 0, NULL, NULL),
(224, 1126, 3, 2754, 10, 2, 4, 0, 'ON', 0, NULL, NULL),
(225, 2409, 3, 2754, 0, 0, 0, 0, '22', 0, 'frontwall -10.8125,-15.3889,10813', NULL),
(226, 2360, 3, 0, 0, 0, 0, 0, '20', NULL, NULL, NULL),
(227, 2409, 3, 2754, 0, 0, 0, 0, '6', 0, 'leftwall -1.9063,-3.7222,1906', NULL),
(228, 2409, 3, 2754, 0, 0, 0, 0, '9', 0, 'leftwall 3.5625,-3.1111,3563', NULL),
(229, 2409, 3, 2754, 0, 0, 0, 0, '5', 0, 'leftwall 7.8125,-2.1111,7813', NULL),
(231, 2409, 1, 2752, 0, 0, 0, 0, '8', 0, 'leftwall 8.0313,-3.2778,8031', NULL),
(232, 2409, 1, 2752, 0, 0, 0, 0, '8', 0, 'leftwall -2.9063,-4.6667,2906', NULL),
(234, 2409, 1, 2756, 0, 0, 0, 0, '23', 0, 'leftwall 4.2500,-3.8889,4250', NULL),
(235, 2409, 1, 2756, 0, 0, 0, 0, '2', 0, 'leftwall -2.9688,-4.8333,2969', NULL),
(240, 2360, 1, 2756, 0, 0, 0, 0, '9CCEFF u never seen a nigga like mee im on the payroll\n\n\nknow what im sayin\n\n\ndont be pimping\r', 0, 'leftwall 2.2500,-4.2222,2250', NULL),
(239, 2360, 1, 2756, 0, 0, 0, 0, 'FF9CFF come on sisters, clap the bitch', 0, 'leftwall -0.9375,-4.6111,938', NULL),
(241, 2360, 1, 2756, 0, 0, 0, 0, 'FFFF31 mause industries\r', 0, 'leftwall 2.2813,-1.8889,2281', NULL),
(242, 2360, 1, 2756, 0, 0, 0, 0, '9CFF9C herpseessa\r\r\rhahah\r\r\r\rserious\r\r\r\rhax!!11', 0, 'frontwall -4.2813,-4.5556,4281', NULL),
(243, 2360, 1, 2756, 0, 0, 0, 0, 'FFFF31 herpes\r\rbeer\r\rtitties\r\r\raids\r\rg unit\r\r', 0, 'leftwall 6.7500,-3.0000,6750', NULL),
(244, 2409, 1, 2756, 0, 0, 0, 0, '26', 0, 'leftwall 7.9063,-3.7778,7906', NULL),
(245, 2360, 1, 2756, 0, 0, 0, 0, '9CCEFF There is a jew for everyone!\r\r\rYou know what we are doing shawty.\r\r\rTouch her. Badly.', 0, 'leftwall -2.7188,-2.6111,2719', NULL),
(247, 2363, 1, 0, 0, 0, 0, 0, 'FALSE', 248, NULL, NULL),
(330, 1014, 5, 2780, 10, 1, 2, 0, NULL, 0, NULL, NULL),
(249, 1180, 4, 2772, 2, 9, 0, 0, 'FALSE', 250, NULL, NULL),
(250, 1180, 4, 2772, 2, 8, 0, 2, 'FALSE', 0, NULL, NULL),
(251, 2409, 4, 2755, 0, 0, 0, 0, '2', 0, 'leftwall 2.9063,-3.1667,2906', NULL),
(252, 2360, 4, 0, 0, 0, 0, 0, '13', 0, NULL, NULL),
(253, 1180, 1, 2756, 4, 1, 0, 2, 'FALSE', 254, NULL, NULL),
(254, 1180, 1, 2756, 4, 10, 0, 2, 'FALSE', 253, NULL, NULL),
(255, 2360, 15, 2761, 0, 0, 0, 0, 'FFFF31 V1 Is too sexy.\r', 0, 'leftwall 2.4375,-2.2778,2438', NULL),
(257, 1179, 18, 2763, 9, 12, 0, 2, 'FALSE', 258, NULL, NULL),
(258, 1179, 18, 2763, 4, 3, 11, 2, 'FALSE', 257, NULL, NULL),
(259, 1017, 15, 2761, 4, 5, 0, 0, NULL, 0, NULL, NULL),
(260, 1156, 15, 2761, 6, 11, 0, 0, 'OFF', 0, NULL, NULL),
(261, 1157, 15, 2761, 4, 11, 0, 0, 'FALSE', 0, NULL, NULL),
(262, 1155, 18, 2763, 9, 9, 0, 0, 'ON', 0, NULL, NULL),
(263, 1106, 18, 2763, 9, 8, 0, 0, NULL, 0, NULL, NULL),
(264, 2360, 18, 0, 0, 0, 0, 0, '18', 0, NULL, NULL),
(265, 2360, 18, 2763, 0, 0, 0, 0, '9CFF9C ¬', 0, 'leftwall -0.9375,-3.1111,938', NULL),
(266, 1011, 18, 2763, 4, 3, 3, 0, NULL, 0, NULL, NULL),
(267, 1011, 18, 2763, 4, 3, 5, 0, NULL, 0, NULL, NULL),
(268, 1011, 18, 2763, 4, 3, 4, 0, NULL, 0, NULL, NULL),
(269, 1011, 18, 2763, 4, 3, 0, 0, NULL, 0, NULL, NULL),
(270, 1011, 18, 2763, 4, 3, 1, 0, NULL, 0, NULL, NULL),
(271, 1011, 18, 2763, 4, 3, 2, 0, NULL, 0, NULL, NULL),
(272, 1011, 18, 2763, 4, 3, 7, 0, NULL, 0, NULL, NULL),
(273, 1011, 18, 2763, 4, 3, 6, 0, NULL, 0, NULL, NULL),
(274, 1011, 18, 2763, 4, 3, 8, 0, NULL, 0, NULL, NULL),
(275, 1011, 18, 2763, 4, 3, 9, 0, NULL, 0, NULL, NULL),
(276, 1011, 18, 2763, 4, 3, 10, 0, NULL, 0, NULL, NULL),
(277, 1176, 18, 2763, 4, 10, 0, 6, 'FALSE', 0, NULL, NULL),
(278, 1172, 18, 2763, 5, 1, 0, 4, 'FALSE', 0, NULL, NULL),
(279, 1172, 18, 2763, 4, 4, 0, 0, 'FALSE', 0, NULL, NULL),
(280, 1176, 18, 2763, 11, 1, 0, 0, 'OFF', 0, NULL, NULL),
(293, 1017, 18, 2763, 4, 5, 0, 0, NULL, 0, NULL, NULL),
(282, 1011, 18, 0, 0, 0, 0, 0, NULL, 0, NULL, NULL),
(284, 1011, 18, 0, 0, 0, 0, 0, NULL, 0, NULL, NULL),
(285, 1159, 18, 2763, 4, 2, 5, 2, NULL, 0, NULL, NULL),
(287, 2409, 21, 2765, 0, 0, 0, 0, '19', 0, 'leftwall 7.2500,-3.8889,7250', NULL),
(286, 1017, 21, 2765, 4, 5, 0, 0, NULL, 0, NULL, NULL),
(290, 2360, 21, 2765, 0, 0, 0, 0, 'FFFF31 \r', 0, 'leftwall 0.7500,-1.7778,10001', NULL),
(288, 2360, 21, 0, 0, 0, 0, 0, '18', 0, NULL, NULL),
(289, 1155, 21, 2765, 7, 9, 0, 0, 'ON', 0, NULL, NULL),
(291, 1136, 22, 0, 0, 0, 0, 0, NULL, NULL, NULL, NULL),
(303, 1014, 1, 2756, 5, 11, 0, 4, NULL, 0, NULL, NULL),
(292, 2360, 21, 2765, 0, 0, 0, 0, '9CCEFF h\r-\r', 0, 'leftwall 0.0313,-1.7778,10001', NULL),
(302, 1153, 1, 2756, 7, 12, 0, 0, NULL, 0, NULL, NULL),
(304, 1014, 1, 2756, 10, 7, 0, 4, NULL, 0, NULL, NULL),
(294, 1017, 18, 2763, 4, 5, 0, 0, NULL, 0, NULL, NULL),
(295, 1017, 18, 2763, 4, 5, 0, 0, NULL, 0, NULL, NULL),
(296, 1017, 18, 2763, 4, 5, 0, 0, NULL, 0, NULL, NULL),
(297, 1017, 18, 2763, 4, 5, 0, 0, NULL, 0, NULL, NULL),
(298, 1017, 18, 2763, 4, 5, 0, 0, NULL, 0, NULL, NULL),
(299, 1017, 18, 2763, 4, 5, 0, 0, NULL, 0, NULL, NULL),
(300, 1017, 18, 2763, 4, 5, 0, 0, NULL, 0, NULL, NULL),
(301, 1017, 18, 2763, 4, 5, 0, 0, NULL, 0, NULL, NULL),
(305, 2409, 1, 2756, 0, 0, 0, 0, '13', 0, 'leftwall -1.6250,-3.4444,1625', NULL),
(306, 1032, 6, 2770, 7, 4, 0, 0, NULL, 0, NULL, NULL),
(307, 2360, 1, 2756, 0, 0, 0, 0, 'FF9CFF jews\r\r\rjews\r\r\rjews\r\r\rjews\r', 0, 'frontwall -10.1875,-16.7222,10188', NULL),
(312, 1155, 23, 2767, 7, 5, 0, 2, 'ON', 0, NULL, NULL),
(311, 1174, 23, 2767, 6, 7, 0, 4, NULL, 0, NULL, NULL),
(313, 1156, 23, 2767, 4, 9, 0, 4, 'OFF', 0, NULL, NULL),
(314, 1160, 23, 2767, 8, 5, 0, 0, NULL, 0, NULL, NULL),
(315, 1160, 23, 2767, 8, 9, 0, 0, NULL, 0, NULL, NULL),
(316, 1160, 23, 2767, 4, 5, 0, 0, NULL, 0, NULL, NULL),
(317, 1160, 23, 2767, 4, 9, 0, 0, NULL, 0, NULL, NULL),
(318, 1021, 1, 2756, 10, 4, 2, 0, NULL, 0, NULL, NULL),
(319, 1021, 1, 2756, 6, 3, 0, 0, NULL, 0, NULL, NULL),
(320, 1040, 1, 2756, 6, 1, 0, 0, 'ON', 0, NULL, NULL),
(321, 1118, 1, 2756, 7, 5, 0, 4, NULL, 0, NULL, NULL),
(322, 1118, 1, 2756, 8, 11, 0, 4, NULL, 0, NULL, NULL),
(323, 1179, 24, 2777, 7, 5, 0, 2, 'FALSE', 324, NULL, NULL),
(324, 1179, 24, 2777, 0, 5, 0, 2, 'FALSE', 0, NULL, NULL),
(325, 2619, 1, 2756, 4, 6, 0, 0, 'FALSE', 0, NULL, NULL),
(326, 1007, 1, 2756, 9, 3, 0, 0, NULL, 0, NULL, NULL),
(327, 1031, 1, 2756, 11, 1, 0, 0, NULL, 0, NULL, NULL),
(328, 1012, 1, 2756, 11, 3, 0, 4, NULL, 0, NULL, NULL),
(329, 2363, 1, 0, 0, 0, 0, 0, NULL, 0, NULL, NULL),
(331, 2360, 1, 2756, 0, 0, 0, 0, 'FFFF31 ', 0, 'leftwall -3.1875,-2.3333,3188', NULL),
(332, 2360, 1, 2756, 0, 0, 0, 0, 'FFFF31 ', 0, 'leftwall -0.7500,-2.7778,750', NULL),
(333, 2360, 1, 2756, 0, 0, 0, 0, 'FFFF31 ', 0, 'leftwall 2.1875,-3.2778,10001', NULL),
(334, 2360, 1, 2756, 0, 0, 0, 0, '9CCEFF \r', 0, 'frontwall -4.5938,-3.3889,4594', NULL),
(335, 2360, 1, 2756, 0, 0, 0, 0, '9CFF9C ', 0, 'leftwall 2.4375,-6.0556,2438', NULL),
(336, 2360, 1, 2756, 0, 0, 0, 0, 'FFFF31 \r', 0, 'frontwall -11.6563,-19.2778,11656', NULL),
(337, 2360, 1, 2756, 0, 0, 0, 0, 'FFFF31 \r', 0, 'leftwall 6.3125,-2.1667,6375', NULL),
(338, 2360, 1, 2756, 0, 0, 0, 0, 'FFFF31 ', 0, 'leftwall 1.6875,-5.7222,10001', NULL),
(339, 2360, 1, 2756, 0, 0, 0, 0, 'FF9CFF so sechs v1\r', 0, 'leftwall -1.9063,-1.6667,1906', NULL),
(340, 2360, 1, 2756, 0, 0, 0, 0, '9CFF9C \r', 0, 'leftwall -3.5000,-1.6667,3500', NULL),
(341, 1116, 1, 2756, 4, 8, 0, 2, 'FALSE', 0, NULL, NULL),
(342, 1117, 1, 2756, 6, 5, 0, 0, NULL, 0, NULL, NULL),
(343, 1118, 1, 2756, 7, 7, 0, 0, NULL, 0, NULL, NULL),
(344, 1118, 1, 2756, 4, 12, 0, 0, NULL, 0, NULL, NULL),
(345, 1118, 1, 2756, 7, 6, 0, 0, NULL, 0, NULL, NULL),
(394, 2363, 1, 0, 0, 0, 0, 0, '24', 0, NULL, NULL),
(348, 2409, 1, 2756, 0, 0, 0, 0, '18', 0, 'leftwall -1.2188,-4.6667,1219', NULL),
(351, 2409, 20, 2764, 0, 0, 0, 0, '9', 0, 'leftwall 2.6875,-3.2778,10001', NULL),
(352, 2409, 20, 2764, 0, 0, 0, 0, '2', 0, 'frontwall -10.4375,-14.6667,10438', NULL),
(353, 1012, 20, 2764, 8, 13, 0, 0, NULL, 0, NULL, NULL),
(354, 1012, 20, 2764, 11, 13, 0, 0, NULL, 0, NULL, NULL),
(355, 1012, 20, 2764, 11, 10, 0, 4, NULL, 0, NULL, NULL),
(356, 1012, 20, 2764, 8, 10, 0, 4, NULL, 0, NULL, NULL),
(357, 1012, 20, 2764, 8, 8, 0, 0, NULL, 0, NULL, NULL),
(358, 1012, 20, 2764, 5, 13, 0, 0, NULL, 0, NULL, NULL),
(359, 1012, 20, 0, 0, 0, 0, 0, NULL, 0, NULL, NULL),
(360, 1012, 20, 2764, 5, 10, 0, 4, NULL, 0, NULL, NULL),
(361, 1012, 20, 0, 0, 0, 0, 0, NULL, 0, NULL, NULL),
(362, 1012, 20, 2764, 11, 5, 0, 4, NULL, 0, NULL, NULL),
(363, 1012, 20, 2764, 8, 5, 0, 4, NULL, 0, NULL, NULL),
(364, 1012, 20, 2764, 11, 8, 0, 0, NULL, 0, NULL, NULL),
(365, 1044, 20, 2764, 8, 12, 0, 2, NULL, 0, NULL, NULL),
(366, 1044, 20, 2764, 8, 5, 0, 0, NULL, 0, NULL, NULL),
(367, 1044, 20, 2764, 10, 5, 0, 0, NULL, 0, NULL, NULL),
(368, 1044, 20, 2764, 10, 1, 0, 0, NULL, 0, NULL, NULL),
(369, 1044, 20, 0, 0, 0, 0, 0, NULL, 0, NULL, NULL),
(370, 1044, 20, 2764, 6, 1, 0, 0, NULL, 0, NULL, NULL),
(371, 1044, 20, 2764, 8, 1, 0, 0, NULL, 0, NULL, NULL),
(372, 1044, 20, 2764, 4, 1, 0, 0, NULL, 0, NULL, NULL),
(373, 1044, 20, 2764, 4, 5, 0, 0, NULL, 0, NULL, NULL),
(374, 1044, 20, 2764, 4, 9, 0, 0, NULL, 0, NULL, NULL),
(375, 1044, 20, 2764, 6, 9, 0, 0, NULL, 0, NULL, NULL),
(376, 1044, 20, 2764, 10, 9, 0, 0, NULL, 0, NULL, NULL),
(377, 1044, 20, 2764, 6, 5, 0, 0, NULL, 0, NULL, NULL),
(378, 1044, 20, 2764, 8, 9, 0, 0, NULL, 0, NULL, NULL),
(379, 1178, 20, 2764, 4, 4, 0, 0, 'FALSE', 0, NULL, NULL),
(380, 1176, 20, 2764, 11, 1, 0, 0, 'ON', 0, NULL, NULL),
(381, 1176, 20, 2764, 4, 1, 0, 0, 'FALSE', 0, NULL, NULL),
(383, 2409, 20, 2764, 0, 0, 0, 0, '12', 0, 'leftwall 7.7813,-2.6111,7781', NULL),
(382, 2409, 20, 2764, 0, 0, 0, 0, '5', 0, 'leftwall -1.5313,-2.1111,1531', NULL),
(384, 2409, 20, 2764, 0, 0, 0, 0, '13', 0, 'leftwall -2.6563,-2.6667,2656', NULL),
(385, 2409, 20, 0, 0, 0, 0, 0, '21', 0, NULL, NULL),
(386, 2409, 20, 2764, 0, 0, 0, 0, '21', 0, 'leftwall 5.1250,-3.5556,5125', NULL),
(387, 2409, 20, 2764, 0, 0, 0, 0, '27', 0, 'frontwall -5.4063,-6.0556,5406', NULL),
(388, 1127, 20, 2764, 4, 2, 0, 0, '3', 0, NULL, NULL),
(389, 2360, 20, 0, 0, 0, 0, 0, '20', NULL, NULL, NULL),
(390, 1003, 20, 2764, 8, 1, 0, 0, NULL, 0, NULL, NULL),
(391, 1003, 20, 2764, 5, 1, 0, 0, NULL, 0, NULL, NULL),
(392, 1013, 20, 2764, 6, 2, 0, 6, NULL, 0, NULL, NULL),
(393, 2556, 20, 0, 0, 0, 0, 0, NULL, NULL, NULL, NULL),
(397, 2360, 4, 2772, 0, 0, 0, 0, 'FF9CFF Helleuw |\r', 0, 'leftwall 0.6563,0.5000,656', NULL),
(398, 1032, 4, 2772, 4, 3, 0, 0, NULL, 0, NULL, NULL),
(399, 1040, 6, 2770, 10, 1, 0, 0, 'ON', 0, NULL, NULL),
(400, 1041, 4, 2772, 11, 3, 0, 0, 'FALSE', 0, NULL, NULL),
(401, 1035, 4, 2772, 8, 3, 0, 0, NULL, 0, NULL, NULL),
(402, 1126, 4, 2772, 7, 3, 2, 4, 'ON', 0, NULL, NULL),
(403, 1038, 4, 2772, 7, 3, 0, 0, NULL, 0, NULL, NULL),
(404, 1039, 4, 2772, 9, 5, 0, 4, NULL, 0, NULL, NULL),
(405, 1175, 4, 2772, 6, 8, 0, 2, NULL, 0, NULL, NULL),
(406, 1044, 4, 2772, 6, 4, 0, 0, NULL, 0, NULL, NULL),
(407, 1178, 4, 2772, 6, 3, 0, 4, 'FALSE', 0, NULL, NULL),
(408, 2544, 6, 2770, 4, 9, 0, 2, NULL, 0, NULL, NULL),
(409, 2360, 6, 2770, 0, 0, 0, 0, 'FFFF31 \r', 0, 'leftwall -2.7813,-2.4444,2781', NULL),
(410, 2360, 6, 2770, 0, 0, 0, 0, 'FFFF31 ', 0, 'leftwall -0.5938,-1.4444,594', NULL),
(411, 2360, 6, 2770, 0, 0, 0, 0, 'FFFF31 \r', 0, 'leftwall 2.8750,-1.7778,2875', NULL),
(412, 2360, 6, 2770, 0, 0, 0, 0, 'FFFF31 ', 0, 'leftwall 1.8750,-3.5556,10001', NULL),
(413, 2360, 6, 2770, 0, 0, 0, 0, 'FFFF31 \r', 0, 'leftwall 1.3750,-1.6667,10001', NULL),
(414, 1147, 4, 2772, 2, 6, 0, 0, NULL, 0, NULL, NULL),
(415, 1147, 4, 2772, 2, 4, 0, 0, NULL, 0, NULL, NULL),
(416, 2360, 4, 2772, 0, 0, 0, 0, 'FFFF31 ', 0, 'frontwall -1.4688,-2.4444,1469', NULL),
(417, 2410, 4, 2772, 7, 8, 0, 0, NULL, 0, NULL, NULL),
(418, 1175, 4, 2772, 9, 8, 0, 6, NULL, 0, NULL, NULL),
(419, 1001, 4, 2772, 2, 3, 0, 0, NULL, 0, NULL, NULL),
(420, 1155, 4, 2772, 7, 6, 0, 2, 'ON', 0, NULL, NULL),
(421, 1112, 4, 2772, 8, 8, 2, 0, '7', 0, NULL, NULL),
(422, 1158, 18, 2763, 6, 12, 0, 2, 'OFF', 0, NULL, NULL),
(423, 1157, 18, 2763, 6, 11, 0, 0, 'FALSE', 0, NULL, NULL),
(424, 1110, 31, 2773, 3, 3, 0, 0, 'FALSE', 0, NULL, NULL),
(425, 1040, 31, 2773, 1, 7, 0, 0, 'FALSE', 0, NULL, NULL),
(435, 1003, 18, 2774, 1, 7, 0, 0, NULL, 0, NULL, NULL),
(429, 1178, 31, 0, 0, 0, 0, 0, 'FALSE', NULL, NULL, NULL),
(430, 1044, 31, 0, 0, 0, 0, 0, NULL, NULL, NULL, NULL),
(431, 2360, 31, 0, 0, 0, 0, 0, '20', NULL, NULL, NULL),
(436, 1003, 18, 2774, 7, 1, 0, 0, NULL, 0, NULL, NULL),
(437, 1003, 18, 2774, 8, 1, 0, 0, NULL, 0, NULL, NULL),
(438, 1003, 18, 2774, 4, 3, 0, 0, NULL, 0, NULL, NULL),
(439, 1003, 18, 2774, 3, 3, 0, 0, NULL, 0, NULL, NULL),
(440, 1003, 18, 2774, 3, 3, 0, 6, NULL, 0, NULL, NULL),
(441, 1003, 18, 2774, 7, 1, 0, 6, NULL, 0, NULL, NULL),
(442, 1003, 18, 2774, 1, 9, 0, 6, NULL, 0, NULL, NULL),
(443, 1003, 18, 2774, 3, 4, 0, 6, NULL, 0, NULL, NULL),
(444, 1003, 18, 2774, 1, 7, 0, 6, NULL, 0, NULL, NULL),
(445, 1012, 18, 0, 0, 0, 0, 0, NULL, 0, NULL, NULL),
(446, 1003, 18, 2774, 3, 6, 0, 6, NULL, 0, NULL, NULL),
(447, 1003, 18, 2774, 6, 3, 0, 0, NULL, 0, NULL, NULL),
(448, 1003, 18, 2774, 7, 2, 0, 6, NULL, 0, NULL, NULL),
(449, 1003, 18, 2774, 2, 7, 0, 0, NULL, 0, NULL, NULL),
(450, 1003, 18, 2774, 3, 5, 0, 6, NULL, 0, NULL, NULL),
(451, 1003, 18, 2774, 5, 3, 0, 0, NULL, 0, NULL, NULL),
(452, 1003, 18, 2774, 9, 1, 0, 0, NULL, 0, NULL, NULL),
(453, 1021, 18, 2774, 3, 5, 0, 2, NULL, 0, NULL, NULL),
(454, 1021, 18, 2774, 7, 3, 0, 4, NULL, 0, NULL, NULL),
(455, 1021, 18, 2774, 3, 7, 0, 4, NULL, 0, NULL, NULL),
(456, 1021, 18, 2774, 5, 3, 0, 4, NULL, 0, NULL, NULL),
(457, 1021, 18, 2774, 2, 7, 0, 4, NULL, 0, NULL, NULL),
(458, 1021, 18, 0, 0, 0, 0, 0, NULL, 0, NULL, NULL),
(459, 1021, 18, 2774, 1, 8, 0, 2, NULL, 0, NULL, NULL),
(460, 1021, 18, 2774, 3, 6, 0, 2, NULL, 0, NULL, NULL),
(461, 1021, 18, 2774, 7, 2, 0, 2, NULL, 0, NULL, NULL),
(462, 1021, 18, 2774, 6, 3, 0, 4, NULL, 0, NULL, NULL),
(463, 1021, 18, 2774, 3, 4, 0, 2, NULL, 0, NULL, NULL),
(464, 1021, 18, 0, 0, 0, 0, 0, NULL, 0, NULL, NULL),
(465, 1159, 18, 2774, 10, 1, 5, 4, NULL, 0, NULL, NULL),
(467, 1179, 18, 2774, 1, 9, 0, 0, 'FALSE', 466, NULL, NULL),
(466, 1179, 18, 2763, 9, 7, 0, 0, 'FALSE', 467, NULL, NULL),
(468, 2360, 18, 2774, 0, 0, 0, 0, '9CCEFF :P\r', 0, 'leftwall 8.3125,3.1111,8313', NULL),
(469, 1003, 18, 2774, 9, 4, 0, 6, NULL, 0, NULL, NULL),
(470, 1003, 18, 2774, 9, 3, 0, 6, NULL, 0, NULL, NULL),
(471, 1003, 18, 2774, 9, 9, 0, 6, NULL, 0, NULL, NULL),
(472, 1003, 18, 2774, 9, 1, 0, 6, NULL, 0, NULL, NULL),
(473, 1003, 18, 2774, 8, 6, 0, 0, NULL, 0, NULL, NULL),
(474, 1003, 18, 2774, 9, 2, 0, 6, NULL, 0, NULL, NULL),
(475, 1003, 18, 2774, 9, 5, 0, 6, NULL, 0, NULL, NULL),
(484, 2363, 1, 0, 0, 0, 0, 0, 'FALSE', 485, NULL, NULL),
(476, 1003, 18, 2774, 6, 9, 0, 0, NULL, 0, NULL, NULL),
(477, 1003, 18, 2774, 9, 6, 0, 6, NULL, 0, NULL, NULL),
(478, 1003, 18, 2774, 7, 9, 0, 0, NULL, 0, NULL, NULL),
(479, 1003, 18, 2774, 9, 7, 0, 6, NULL, 0, NULL, NULL),
(480, 1003, 18, 2774, 9, 8, 0, 6, NULL, 0, NULL, NULL),
(481, 1003, 18, 2774, 8, 9, 0, 0, NULL, 0, NULL, NULL),
(482, 1014, 1, 2771, 3, 5, 0, 0, NULL, 0, NULL, NULL),
(483, 1001, 1, 2771, 8, 4, 0, 0, NULL, 0, NULL, NULL),
(485, 2363, 1, 0, 0, 0, 0, 0, 'FALSE', 0, NULL, NULL),
(487, 1015, 1, 2752, 5, 4, 0, 2, NULL, 0, NULL, NULL),
(488, 1037, 5, 2780, 10, 1, 0, 0, NULL, 0, NULL, NULL),
(491, 2409, 32, 2779, 0, 0, 0, 0, '5', 0, 'leftwall 1.1250,1.1111,1125', NULL),
(492, 2409, 32, 2779, 0, 0, 0, 0, '5', 0, 'frontwall -7.8438,-14.6111,7844', NULL),
(493, 2409, 32, 2779, 0, 0, 0, 0, '5', 0, 'leftwall 3.8750,1.1111,8001', NULL),
(494, 1032, 5, 2780, 8, 1, 0, 0, NULL, 0, NULL, NULL),
(495, 1179, 5, 2780, 7, 1, 0, 2, 'FALSE', 496, NULL, NULL),
(496, 1179, 5, 2780, 7, 2, 0, 2, 'FALSE', 495, NULL, NULL),
(497, 2409, 5, 2780, 0, 0, 0, 0, '18', 0, 'leftwall 2.9063,-4.7778,2906', NULL),
(498, 2409, 5, 2780, 0, 0, 0, 0, '19', 0, 'leftwall -2.7188,-3.8333,2750', NULL),
(499, 2409, 5, 2780, 0, 0, 0, 0, '27', 0, 'leftwall 6.5938,-3.2222,6594', NULL),
(500, 2409, 5, 2780, 0, 0, 0, 0, '26', 0, 'frontwall -10.8750,-16.3889,10875', NULL),
(681, 2360, 52, 0, 0, 0, 0, 0, '20', NULL, NULL, NULL),
(502, 2360, 5, 2780, 0, 0, 0, 0, '9CFF9C lol tgestingias dafag\r', 0, 'leftwall -0.6250,-2.1111,625', NULL),
(503, 1003, 5, 2780, 5, 3, 0, 0, NULL, 0, NULL, NULL),
(504, 1003, 5, 2780, 4, 3, 0, 0, NULL, 0, NULL, NULL),
(505, 1003, 5, 2780, 6, 3, 0, 0, NULL, 0, NULL, NULL),
(506, 1037, 5, 2783, 7, 6, 0, 0, NULL, 0, NULL, NULL),
(507, 1037, 5, 2783, 9, 6, 0, 0, NULL, 0, NULL, NULL),
(508, 1037, 5, 2783, 5, 6, 0, 0, NULL, 0, NULL, NULL),
(509, 1036, 5, 2783, 5, 8, 0, 0, NULL, 0, NULL, NULL),
(510, 1036, 5, 2783, 9, 5, 0, 4, NULL, 0, NULL, NULL),
(511, 1036, 5, 2783, 7, 5, 0, 4, NULL, 0, NULL, NULL),
(512, 1036, 5, 2783, 5, 5, 0, 4, NULL, 0, NULL, NULL),
(513, 1036, 5, 2783, 9, 8, 0, 0, NULL, 0, NULL, NULL),
(514, 1036, 5, 2783, 7, 8, 0, 0, NULL, 0, NULL, NULL),
(515, 1040, 5, 2783, 2, 3, 0, 0, 'ON', 0, NULL, NULL),
(516, 1116, 5, 2783, 2, 8, 0, 0, 'FALSE', 0, NULL, NULL),
(517, 1118, 5, 2783, 10, 3, 0, 4, NULL, 0, NULL, NULL),
(518, 1177, 5, 2783, 9, 10, 0, 0, 'OFF', 0, NULL, NULL),
(519, 1177, 5, 2783, 4, 10, 0, 0, 'ON', 0, NULL, NULL),
(520, 1041, 5, 2783, 11, 3, 0, 0, 'ON', 0, NULL, NULL),
(521, 1153, 5, 2783, 4, 3, 0, 0, NULL, 0, NULL, NULL),
(522, 1143, 5, 2783, 2, 10, 0, 0, NULL, 0, NULL, NULL),
(523, 1143, 5, 2783, 11, 10, 0, 0, NULL, 0, NULL, NULL),
(524, 1036, 5, 2783, 4, 6, 0, 2, NULL, 0, NULL, NULL),
(527, 1044, 37, 2781, 8, 7, 0, 0, NULL, 0, NULL, NULL),
(528, 1044, 37, 2781, 5, 10, 0, 0, NULL, 0, NULL, NULL),
(529, 1040, 37, 2781, 4, 11, 0, 2, 'FALSE', 0, NULL, NULL),
(530, 1035, 37, 2781, 10, 1, 0, 0, NULL, 0, NULL, NULL),
(531, 1041, 37, 2781, 4, 13, 0, 0, 'ON', 0, NULL, NULL),
(532, 1177, 37, 2781, 4, 1, 0, 0, 'FALSE', 0, NULL, NULL),
(533, 1118, 37, 2781, 7, 5, 0, 0, NULL, 0, NULL, NULL),
(534, 1117, 37, 2781, 4, 2, 0, 0, NULL, 0, NULL, NULL),
(535, 1116, 37, 2781, 5, 7, 0, 0, 'FALSE', 0, NULL, NULL),
(536, 1042, 37, 2781, 10, 11, 0, 0, NULL, 0, NULL, NULL),
(537, 1037, 37, 2781, 10, 6, 0, 0, NULL, 0, NULL, NULL),
(538, 1036, 37, 2781, 10, 3, 0, 0, NULL, 0, NULL, NULL),
(539, 1039, 37, 2781, 9, 1, 0, 0, NULL, 0, NULL, NULL),
(540, 1038, 37, 2781, 8, 8, 0, 0, NULL, 0, NULL, NULL),
(543, 2409, 5, 2783, 0, 0, 0, 0, '16', 0, 'leftwall 6.4375,-0.1667,6438', NULL),
(544, 2409, 5, 2783, 0, 0, 0, 0, '24', 0, 'frontwall -8.5938,-15.5000,8594', NULL),
(545, 2409, 5, 2783, 0, 0, 0, 0, '5', 0, 'frontwall -8.6563,-15.4444,8688', NULL),
(546, 2408, 34, 0, 0, 0, 0, 0, '101', NULL, NULL, NULL),
(547, 1175, 5, 2783, 11, 6, 0, 6, NULL, 0, NULL, NULL),
(548, 1179, 5, 2783, 1, 5, 0, 2, 'FALSE', 549, NULL, NULL),
(549, 1179, 5, 2789, 11, 2, 0, 2, 'FALSE', 548, NULL, NULL),
(550, 1044, 5, 2783, 5, 9, 0, 2, NULL, 0, NULL, NULL),
(551, 1194, 5, 2783, 9, 3, 0, 0, 'OFF', 0, NULL, NULL),
(554, 1147, 5, 2789, 11, 1, 0, 0, NULL, 0, NULL, NULL),
(555, 1147, 5, 2789, 5, 1, 0, 0, NULL, 0, NULL, NULL),
(556, 1145, 5, 2789, 9, 1, 0, 0, NULL, 0, NULL, NULL),
(557, 1143, 5, 2789, 9, 3, 0, 0, NULL, 0, NULL, NULL),
(558, 1142, 5, 2789, 11, 6, 0, 0, NULL, 0, NULL, NULL),
(559, 1147, 5, 2789, 1, 10, 0, 0, NULL, 0, NULL, NULL),
(560, 1142, 5, 2789, 11, 10, 0, 0, NULL, 0, NULL, NULL),
(561, 1144, 5, 2789, 11, 9, 0, 0, NULL, 0, NULL, NULL),
(562, 1144, 5, 2789, 10, 10, 0, 0, NULL, 0, NULL, NULL),
(563, 1036, 5, 2789, 7, 2, 0, 6, NULL, 0, NULL, NULL),
(564, 1039, 5, 2789, 8, 6, 0, 4, NULL, 0, NULL, NULL),
(565, 1039, 5, 2789, 5, 6, 0, 4, NULL, 0, NULL, NULL),
(566, 1039, 5, 2789, 6, 6, 0, 4, NULL, 0, NULL, NULL),
(567, 1039, 5, 2789, 4, 7, 0, 2, NULL, 0, NULL, NULL),
(568, 1039, 5, 2789, 5, 9, 0, 0, NULL, 0, NULL, NULL),
(569, 1039, 5, 2789, 6, 9, 0, 0, NULL, 0, NULL, NULL),
(570, 1039, 5, 2789, 9, 8, 0, 6, NULL, 0, NULL, NULL),
(571, 1039, 5, 2789, 9, 7, 0, 6, NULL, 0, NULL, NULL),
(572, 1039, 5, 2789, 8, 9, 0, 0, NULL, 0, NULL, NULL),
(573, 1039, 5, 2789, 7, 9, 0, 0, NULL, 0, NULL, NULL),
(574, 1039, 5, 2789, 4, 8, 0, 2, NULL, 0, NULL, NULL),
(575, 1039, 5, 2789, 7, 6, 0, 4, NULL, 0, NULL, NULL),
(576, 1116, 5, 2789, 1, 9, 0, 0, 'FALSE', 0, NULL, NULL),
(577, 1040, 5, 2789, 5, 2, 0, 2, 'ON', 0, NULL, NULL),
(578, 1037, 5, 2789, 5, 7, 0, 0, NULL, 0, NULL, NULL),
(579, 1037, 5, 2789, 7, 7, 0, 0, NULL, 0, NULL, NULL),
(580, 1145, 5, 2789, 1, 7, 0, 0, NULL, 0, NULL, NULL),
(581, 1145, 5, 2789, 5, 4, 0, 0, NULL, 0, NULL, NULL),
(582, 1143, 5, 2789, 3, 9, 0, 0, NULL, 0, NULL, NULL),
(583, 2409, 5, 2789, 0, 0, 0, 0, '6', 0, 'leftwall 6.3438,1.7222,6344', NULL),
(584, 1032, 44, 2790, 5, 1, 0, 0, NULL, 0, NULL, NULL),
(585, 1032, 44, 2790, 8, 1, 0, 0, NULL, 0, NULL, NULL),
(588, 2360, 5, 2783, 0, 0, 0, 0, 'FFFF31 Welcome welcome\r', 0, 'leftwall 4.1563,1.1111,8001', NULL),
(592, 1180, 46, 2791, 5, 10, 0, 2, 'FALSE', 593, NULL, NULL),
(591, 2409, 46, 0, 0, 0, 0, 0, '24', NULL, NULL, NULL),
(593, 1180, 46, 2791, 8, 7, 1, 2, 'FALSE', 592, NULL, NULL),
(594, 1044, 46, 2791, 8, 7, 1, 2, NULL, 0, NULL, NULL),
(595, 1011, 46, 2791, 9, 9, 0, 2, NULL, 0, NULL, NULL),
(596, 1011, 46, 2791, 9, 9, 1, 0, NULL, 0, NULL, NULL),
(597, 1005, 46, 2791, 4, 7, 8, 2, NULL, 0, NULL, NULL),
(599, 1163, 49, 0, 0, 0, 0, 0, NULL, NULL, NULL, NULL),
(598, 1029, 46, 2791, 9, 7, 8, 2, NULL, 0, NULL, NULL),
(630, 1142, 50, 2792, 7, 1, 0, 0, NULL, 0, NULL, NULL),
(603, 1013, 50, 2792, 7, 12, 0, 6, NULL, 0, NULL, NULL),
(604, 1013, 50, 2792, 5, 10, 0, 4, NULL, 0, NULL, NULL),
(605, 1113, 50, 2792, 4, 4, 0, 0, NULL, 0, NULL, NULL),
(606, 1113, 50, 2792, 8, 5, 0, 2, NULL, 0, NULL, NULL),
(607, 1113, 50, 2792, 8, 7, 0, 2, NULL, 0, NULL, NULL),
(608, 1114, 50, 2792, 8, 4, 0, 6, NULL, 0, NULL, NULL),
(609, 1113, 50, 2792, 6, 4, 0, 0, NULL, 0, NULL, NULL),
(610, 1110, 50, 2792, 4, 3, 0, 2, 'FALSE', 0, NULL, NULL),
(623, 1178, 50, 2792, 4, 1, 0, 2, 'FALSE', 0, NULL, NULL),
(612, 1113, 50, 2792, 4, 9, 0, 0, NULL, 0, NULL, NULL),
(613, 1113, 50, 2792, 6, 9, 0, 0, NULL, 0, NULL, NULL),
(621, 1114, 50, 2792, 8, 9, 0, 0, NULL, 0, NULL, NULL),
(614, 1179, 50, 2792, 4, 8, 0, 4, 'FALSE', 615, NULL, NULL),
(615, 1179, 50, 2792, 4, 2, 0, 2, 'FALSE', 614, NULL, NULL),
(616, 1106, 50, 2792, 6, 13, 0, 0, NULL, 0, NULL, NULL),
(617, 1105, 50, 2792, 7, 10, 0, 0, NULL, 0, NULL, NULL),
(618, 2409, 50, 2792, 0, 0, 0, 0, '24', 0, 'leftwall 2.3750,-4.3333,10001', NULL),
(619, 1155, 50, 2792, 4, 11, 0, 0, 'ON', 0, NULL, NULL),
(620, 1147, 50, 2792, 4, 6, 0, 0, NULL, 0, NULL, NULL),
(624, 1176, 50, 2792, 10, 13, 0, 0, 'ON', 0, NULL, NULL),
(625, 1172, 50, 2792, 8, 10, 0, 0, 'FALSE', 0, NULL, NULL),
(636, 1044, 50, 2792, 5, 5, 0, 0, NULL, 0, NULL, NULL),
(631, 1005, 50, 2792, 10, 3, 0, 0, NULL, 0, NULL, NULL),
(632, 1005, 50, 2792, 9, 1, 0, 2, NULL, 0, NULL, NULL),
(633, 1005, 50, 2792, 9, 2, 0, 2, NULL, 0, NULL, NULL),
(634, 1005, 50, 2792, 11, 3, 0, 0, NULL, 0, NULL, NULL),
(635, 1016, 50, 2792, 10, 1, 0, 0, NULL, 0, NULL, NULL),
(637, 1174, 5, 2786, 9, 0, 0, 4, NULL, 0, NULL, NULL),
(638, 1176, 51, 2793, 4, 10, 0, 6, 'FALSE', 0, NULL, NULL),
(639, 1178, 51, 2793, 4, 4, 0, 2, 'FALSE', 0, NULL, NULL),
(640, 1172, 51, 2793, 4, 6, 0, 2, 'FALSE', 0, NULL, NULL),
(641, 1155, 51, 2793, 4, 11, 0, 0, 'ON', 0, NULL, NULL),
(642, 2544, 5, 2795, 10, 2, 0, 4, NULL, 0, NULL, NULL),
(643, 2547, 5, 2795, 10, 3, 0, 4, NULL, 0, NULL, NULL),
(644, 2548, 5, 2795, 10, 4, 0, 4, NULL, 0, NULL, NULL),
(645, 2543, 5, 2795, 8, 2, 0, 6, NULL, 0, NULL, NULL),
(646, 2545, 5, 2795, 11, 5, 0, 4, NULL, 0, NULL, NULL),
(647, 2543, 5, 2795, 9, 2, 0, 0, NULL, 0, NULL, NULL),
(648, 2543, 5, 2795, 7, 2, 0, 0, NULL, 0, NULL, NULL),
(649, 2543, 5, 2795, 9, 3, 0, 0, NULL, 0, NULL, NULL),
(650, 2546, 5, 2795, 11, 1, 0, 4, NULL, 0, NULL, NULL),
(651, 2545, 5, 2795, 9, 4, 0, 0, NULL, 0, NULL, NULL),
(652, 2551, 5, 2795, 11, 3, 0, 4, NULL, 0, NULL, NULL),
(653, 2550, 5, 2795, 11, 7, 0, 0, NULL, 0, NULL, NULL),
(654, 2549, 5, 2795, 10, 10, 0, 0, NULL, 0, NULL, NULL),
(655, 2545, 5, 2795, 9, 9, 0, 0, NULL, 0, NULL, NULL),
(656, 2542, 5, 2795, 11, 2, 0, 4, NULL, 0, NULL, NULL),
(657, 2556, 5, 2795, 7, 1, 0, 0, NULL, 0, NULL, NULL),
(658, 2600, 5, 2795, 9, 5, 0, 0, NULL, 0, NULL, NULL),
(659, 2603, 5, 2795, 11, 4, 0, 0, NULL, 0, NULL, NULL),
(660, 2602, 5, 2795, 11, 6, 0, 4, NULL, 0, NULL, NULL),
(661, 2601, 5, 2795, 10, 5, 0, 0, NULL, 0, NULL, NULL),
(662, 2604, 5, 2795, 7, 7, 0, 2, NULL, 0, NULL, NULL),
(663, 2360, 5, 2780, 0, 0, 0, 0, 'FFFF31 ', 0, 'frontwall -11.6563,-15.3889,11656', NULL),
(664, 2360, 5, 2780, 0, 0, 0, 0, 'FFFF31 ', 0, 'frontwall -11.6563,-15.3889,11656', NULL),
(665, 2360, 5, 2780, 0, 0, 0, 0, 'FFFF31 ', 0, 'frontwall -11.6563,-15.3889,11656', NULL),
(666, 2360, 5, 2780, 0, 0, 0, 0, 'FFFF31 ', 0, 'leftwall 0.5938,-1.6111,10001', NULL),
(667, 2360, 5, 2780, 0, 0, 0, 0, 'FFFF31 ', 0, 'leftwall 1.3438,-1.3889,10001', NULL),
(668, 2360, 5, 2780, 0, 0, 0, 0, 'FFFF31 ', 0, 'leftwall -1.0938,-5.7778,1094', NULL),
(669, 2360, 5, 2780, 0, 0, 0, 0, 'FFFF31 ', 0, 'frontwall -5.1250,-6.2778,5125', NULL),
(670, 2360, 5, 2780, 0, 0, 0, 0, 'FFFF31 ', 0, 'frontwall -4.8438,-5.0000,4844', NULL),
(671, 2360, 5, 2780, 0, 0, 0, 0, 'FFFF31 ', 0, 'frontwall -11.0000,-14.1667,11000', NULL),
(672, 2360, 5, 2780, 0, 0, 0, 0, 'FFFF31 ', 0, 'leftwall -1.1250,-4.7778,1125', NULL),
(673, 2360, 5, 2780, 0, 0, 0, 0, 'FFFF31 ', 0, 'leftwall -1.5313,-3.4444,1531', NULL),
(674, 2360, 5, 2780, 0, 0, 0, 0, 'FFFF31 ', 0, 'frontwall -11.9375,-17.5000,11938', NULL),
(675, 2360, 5, 2780, 0, 0, 0, 0, 'FFFF31 ', 0, 'frontwall -4.7188,-3.3889,4719', NULL),
(676, 2360, 5, 2780, 0, 0, 0, 0, 'FFFF31 ', 0, 'frontwall -4.7188,-3.3889,4719', NULL),
(677, 2360, 5, 2780, 0, 0, 0, 0, 'FFFF31 ', 0, 'leftwall 1.5313,-2.7778,10001', NULL),
(678, 2360, 5, 2780, 0, 0, 0, 0, 'FFFF31 ', 0, 'leftwall 2.1875,-1.7778,10001', NULL),
(679, 2360, 5, 2780, 0, 0, 0, 0, 'FFFF31 ', 0, 'leftwall 3.8438,-2.0556,3844', NULL),
(680, 2360, 5, 2780, 0, 0, 0, 0, 'FFFF31 ', 0, 'leftwall 1.5625,-5.5556,10001', NULL),
(684, 2409, 53, 2796, 0, 0, 0, 0, '3', 0, 'frontwall -10.7500,-16.0556,10750', NULL),
(689, 1113, 54, 2797, 8, 5, 0, 2, NULL, 0, NULL, NULL),
(690, 1113, 54, 2797, 8, 1, 0, 2, NULL, 0, NULL, NULL),
(691, 1113, 54, 2797, 8, 3, 0, 2, NULL, 0, NULL, NULL),
(692, 1113, 54, 2797, 6, 7, 0, 0, NULL, 0, NULL, NULL),
(693, 1114, 54, 2797, 5, 7, 0, 2, NULL, 0, NULL, NULL),
(694, 1113, 54, 2797, 5, 10, 0, 2, NULL, 0, NULL, NULL),
(775, 1179, 55, 2801, 4, 11, 0, 2, 'FALSE', 774, NULL, NULL),
(695, 1113, 54, 2797, 6, 12, 0, 0, NULL, 0, NULL, NULL),
(696, 1113, 54, 2797, 8, 13, 0, 2, NULL, 0, NULL, NULL),
(697, 1113, 54, 2797, 5, 8, 0, 2, NULL, 0, NULL, NULL),
(698, 1114, 54, 0, 0, 0, 0, 0, NULL, NULL, NULL, NULL),
(699, 1114, 54, 2797, 5, 12, 0, 4, NULL, 0, NULL, NULL),
(700, 1114, 54, 2797, 8, 12, 0, 6, NULL, 0, NULL, NULL),
(701, 1114, 54, 2797, 8, 7, 0, 0, NULL, 0, NULL, NULL),
(704, 1147, 55, 2801, 4, 13, 0, 0, NULL, 0, NULL, NULL),
(705, 1147, 55, 2801, 4, 1, 0, 0, NULL, 0, NULL, NULL),
(706, 1142, 55, 2801, 4, 4, 0, 0, NULL, 0, NULL, NULL),
(773, 1175, 54, 2797, 9, 5, 0, 2, NULL, 0, NULL, NULL),
(708, 1142, 55, 2801, 4, 10, 0, 0, NULL, 0, NULL, NULL),
(709, 1142, 55, 2801, 5, 1, 0, 0, NULL, 0, NULL, NULL),
(711, 1145, 55, 2801, 4, 6, 0, 0, NULL, 0, NULL, NULL),
(768, 1175, 54, 2797, 5, 1, 0, 4, NULL, 0, NULL, NULL),
(713, 1145, 55, 2801, 4, 2, 0, 0, NULL, 0, NULL, NULL),
(714, 1145, 55, 2801, 4, 12, 0, 0, NULL, 0, NULL, NULL),
(716, 1145, 55, 2801, 4, 8, 0, 0, NULL, 0, NULL, NULL),
(770, 1179, 55, 2801, 4, 9, 0, 2, 'FALSE', 769, NULL, NULL),
(732, 1142, 55, 2801, 5, 13, 0, 0, NULL, 0, NULL, NULL),
(731, 1025, 57, 2798, 4, 1, 0, 2, NULL, 0, NULL, NULL),
(729, 2360, 53, 0, 0, 0, 0, 0, '20', NULL, NULL, NULL),
(739, 1017, 59, 2811, 4, 5, 0, 0, NULL, 0, NULL, NULL),
(734, 1145, 55, 2801, 6, 13, 0, 0, NULL, 0, NULL, NULL),
(735, 1145, 55, 2801, 7, 4, 0, 0, NULL, 0, NULL, NULL),
(736, 1005, 57, 2798, 7, 11, 0, 6, NULL, 0, NULL, NULL),
(737, 1005, 57, 2798, 7, 10, 0, 6, NULL, 0, NULL, NULL),
(738, 1004, 57, 2798, 4, 10, 0, 2, NULL, 0, NULL, NULL),
(740, 1177, 55, 2801, 7, 1, 0, 0, 'ON', 0, NULL, NULL),
(741, 1113, 57, 2798, 7, 4, 0, 0, NULL, 0, NULL, NULL),
(742, 1177, 55, 2801, 7, 13, 0, 0, 'ON', 0, NULL, NULL),
(743, 1114, 57, 2798, 9, 4, 0, 0, NULL, 0, NULL, NULL),
(766, 1179, 56, 2805, 4, 7, 0, 0, 'FALSE', 767, NULL, NULL),
(744, 1177, 55, 2801, 5, 12, 0, 0, 'ON', 0, NULL, NULL),
(1945, 1113, 5, 2780, 6, 9, 0, 0, NULL, 0, NULL, NULL),
(746, 1113, 57, 2798, 5, 4, 0, 0, NULL, 0, NULL, NULL),
(747, 1177, 55, 2801, 5, 2, 0, 0, 'ON', 0, NULL, NULL),
(748, 1114, 57, 2798, 4, 4, 0, 4, NULL, 0, NULL, NULL),
(1493, 1075, 59, 2811, 10, 5, 0, 0, NULL, 0, NULL, NULL),
(1490, 1075, 56, 0, 0, 0, 0, 0, NULL, NULL, NULL, NULL),
(751, 1105, 55, 2807, 5, 9, 0, 0, NULL, 0, NULL, NULL),
(752, 1139, 54, 0, 0, 0, 0, 0, NULL, NULL, NULL, NULL),
(757, 1194, 53, 2796, 5, 6, 0, 0, 'FALSE', 0, NULL, NULL),
(754, 1017, 55, 2807, 5, 9, 0.2, 0, NULL, 0, NULL, NULL),
(755, 1017, 55, 2807, 5, 9, 0.2, 0, NULL, 0, NULL, NULL),
(756, 1175, 54, 2797, 6, 9, 0, 2, NULL, 0, NULL, NULL),
(758, 1194, 53, 2796, 4, 4, 0, 0, 'FALSE', 0, NULL, NULL),
(759, 1194, 53, 2796, 4, 6, 0, 0, 'FALSE', 0, NULL, NULL),
(760, 1175, 54, 2797, 7, 8, 0, 4, NULL, 0, NULL, NULL),
(1066, 1114, 56, 2804, 9, 2, 0, 2, NULL, 0, NULL, NULL),
(767, 1179, 55, 2801, 4, 3, 0, 2, 'FALSE', 766, NULL, NULL),
(761, 1142, 54, 2797, 6, 8, 0, 0, NULL, 0, NULL, NULL),
(769, 1179, 55, 2803, 4, 11, 0, 2, 'FALSE', 770, NULL, NULL),
(765, 1110, 54, 2797, 9, 8, 0, 4, 'FALSE', 0, NULL, NULL),
(774, 1179, 55, 2802, 4, 11, 0, 2, 'FALSE', 775, NULL, NULL),
(771, 1175, 54, 2797, 9, 3, 0, 2, NULL, 0, NULL, NULL),
(764, 1126, 57, 2798, 4, 10, 2, 2, 'ON', 0, NULL, NULL),
(762, 1126, 57, 2798, 4, 11, 2, 0, 'ON', 0, NULL, NULL),
(776, 1194, 53, 2796, 4, 10, 0, 0, 'FALSE', 0, NULL, NULL),
(777, 1194, 53, 2796, 5, 8, 0, 0, 'FALSE', 0, NULL, NULL),
(778, 1194, 53, 2796, 5, 10, 0, 0, 'FALSE', 0, NULL, NULL),
(779, 1179, 56, 2804, 4, 1, 0, 4, 'FALSE', 780, NULL, NULL),
(780, 1179, 55, 2801, 4, 5, 0, 2, 'FALSE', 779, NULL, NULL),
(781, 1194, 53, 2796, 6, 10, 0, 0, 'FALSE', 0, NULL, NULL),
(897, 2409, 5, 2780, 0, 0, 0, 0, '23', 0, 'leftwall 4.4375,-3.1111,4438', NULL),
(782, 1194, 53, 2796, 7, 10, 0, 0, 'FALSE', 0, NULL, NULL),
(783, 1194, 53, 2796, 8, 8, 0, 0, 'FALSE', 0, NULL, NULL),
(784, 1179, 54, 2797, 9, 1, 0, 2, 'FALSE', 785, NULL, NULL),
(1335, 1177, 55, 2806, 1, 5, 0, 0, 'FALSE', 0, NULL, NULL),
(786, 1194, 53, 2796, 8, 6, 0, 0, 'FALSE', 0, NULL, NULL),
(787, 1194, 53, 2796, 5, 4, 0, 0, 'FALSE', 0, NULL, NULL),
(788, 1194, 53, 2796, 6, 4, 0, 0, 'FALSE', 0, NULL, NULL),
(789, 1194, 53, 2796, 7, 5, 0, 0, 'FALSE', 0, NULL, NULL),
(790, 1194, 53, 2796, 6, 7, 0, 0, 'FALSE', 0, NULL, NULL),
(791, 1194, 53, 2796, 8, 9, 0, 0, 'FALSE', 0, NULL, NULL),
(792, 1194, 53, 2796, 6, 8, 0, 0, 'FALSE', 0, NULL, NULL),
(793, 1194, 53, 2796, 8, 7, 0, 0, 'FALSE', 0, NULL, NULL),
(841, 1194, 53, 2796, 10, 13, 0, 0, 'FALSE', 0, NULL, NULL),
(794, 1180, 53, 2796, 4, 2, 0, 0, 'FALSE', 795, NULL, NULL),
(795, 1180, 53, 2796, 5, 9, 0, 0, 'FALSE', 794, NULL, NULL),
(796, 1142, 54, 2797, 6, 11, 0, 0, NULL, 0, NULL, NULL),
(797, 1175, 54, 2797, 7, 5, 0, 6, NULL, 0, NULL, NULL),
(798, 1175, 54, 2797, 7, 2, 0, 6, NULL, 0, NULL, NULL),
(799, 1013, 53, 2796, 7, 1, 0, 4, NULL, 0, NULL, NULL),
(800, 1021, 53, 2796, 9, 1, 0, 4, NULL, 0, NULL, NULL),
(801, 1036, 55, 2801, 9, 1, 0, 4, NULL, 0, NULL, NULL),
(802, 1036, 55, 2801, 9, 13, 0, 0, NULL, 0, NULL, NULL),
(803, 1194, 53, 2796, 11, 1, 0, 0, 'FALSE', 0, NULL, NULL),
(804, 1194, 53, 2796, 7, 4, 0, 0, 'FALSE', 0, NULL, NULL),
(805, 1194, 53, 2796, 8, 4, 0, 0, 'FALSE', 0, NULL, NULL),
(806, 1036, 55, 2801, 11, 2, 0, 6, NULL, 0, NULL, NULL),
(807, 1194, 53, 2796, 10, 2, 0, 0, 'FALSE', 0, NULL, NULL),
(808, 1194, 53, 2796, 6, 12, 0, 0, 'FALSE', 0, NULL, NULL),
(809, 1038, 55, 2801, 8, 1, 0, 0, NULL, 0, NULL, NULL),
(810, 1038, 55, 2801, 8, 13, 0, 0, NULL, 0, NULL, NULL),
(811, 1194, 53, 2796, 4, 11, 0, 0, 'FALSE', 0, NULL, NULL),
(812, 1194, 53, 2796, 8, 11, 0, 0, 'FALSE', 0, NULL, NULL),
(813, 1194, 53, 2796, 8, 10, 0, 0, 'FALSE', 0, NULL, NULL),
(814, 1194, 53, 2796, 5, 11, 0, 0, 'FALSE', 0, NULL, NULL),
(815, 1194, 53, 2796, 4, 12, 0, 0, 'FALSE', 0, NULL, NULL),
(816, 1154, 55, 2803, 7, 1, 0, 0, NULL, 0, NULL, NULL),
(817, 1154, 55, 2802, 11, 11, 0, 0, NULL, 0, NULL, NULL),
(818, 1194, 53, 2796, 6, 11, 0, 0, 'FALSE', 0, NULL, NULL),
(819, 1194, 53, 2796, 7, 11, 0, 0, 'FALSE', 0, NULL, NULL),
(820, 1110, 54, 2797, 9, 7, 0, 2, 'FALSE', 0, NULL, NULL),
(821, 1194, 53, 2796, 8, 13, 0, 0, 'FALSE', 0, NULL, NULL),
(822, 1194, 53, 2796, 6, 1, 0, 0, 'FALSE', 0, NULL, NULL),
(823, 1194, 53, 2796, 4, 13, 0, 0, 'FALSE', 0, NULL, NULL),
(824, 1194, 53, 2796, 5, 12, 0, 0, 'FALSE', 0, NULL, NULL),
(825, 1194, 53, 2796, 5, 13, 0, 0, 'FALSE', 0, NULL, NULL),
(826, 1194, 53, 2796, 6, 13, 0, 0, 'FALSE', 0, NULL, NULL),
(827, 1194, 53, 2796, 7, 12, 0, 0, 'FALSE', 0, NULL, NULL),
(828, 1194, 53, 2796, 7, 13, 0, 0, 'FALSE', 0, NULL, NULL),
(829, 1194, 53, 2796, 8, 12, 0, 0, 'FALSE', 0, NULL, NULL),
(830, 1194, 53, 2796, 10, 1, 0, 0, 'FALSE', 0, NULL, NULL),
(831, 1194, 53, 2796, 4, 1, 0, 0, 'FALSE', 0, NULL, NULL),
(832, 1194, 53, 2796, 9, 13, 0, 0, 'FALSE', 0, NULL, NULL),
(833, 1194, 53, 2796, 11, 2, 0, 0, 'FALSE', 0, NULL, NULL),
(834, 1194, 53, 2796, 5, 1, 0, 0, 'FALSE', 0, NULL, NULL),
(835, 1194, 53, 2796, 10, 3, 0, 0, 'FALSE', 0, NULL, NULL),
(878, 1142, 55, 2801, 7, 2, 0, 0, NULL, 0, NULL, NULL),
(880, 1142, 55, 2801, 7, 12, 0, 0, NULL, 0, NULL, NULL),
(840, 1142, 54, 2797, 9, 2, 0, 0, NULL, 0, NULL, NULL),
(842, 1194, 53, 2796, 10, 10, 0, 0, 'FALSE', 0, NULL, NULL),
(843, 1194, 53, 2796, 10, 12, 0, 0, 'FALSE', 0, NULL, NULL),
(844, 1194, 53, 2796, 11, 6, 0, 0, 'FALSE', 0, NULL, NULL),
(845, 1194, 53, 2796, 11, 7, 0, 0, 'FALSE', 0, NULL, NULL),
(846, 1194, 53, 2796, 9, 4, 0, 0, 'FALSE', 0, NULL, NULL),
(847, 1194, 53, 2796, 10, 4, 0, 0, 'FALSE', 0, NULL, NULL),
(848, 1194, 53, 2796, 10, 6, 0, 0, 'FALSE', 0, NULL, NULL),
(849, 1194, 53, 2796, 11, 4, 0, 0, 'FALSE', 0, NULL, NULL),
(850, 1194, 53, 2796, 11, 3, 0, 0, 'FALSE', 0, NULL, NULL),
(851, 1194, 53, 2796, 8, 5, 0, 0, 'FALSE', 0, NULL, NULL),
(852, 1194, 53, 2796, 9, 5, 0, 0, 'FALSE', 0, NULL, NULL),
(853, 1194, 53, 2796, 10, 5, 0, 0, 'FALSE', 0, NULL, NULL),
(854, 1194, 53, 2796, 11, 5, 0, 0, 'FALSE', 0, NULL, NULL),
(855, 1194, 53, 2796, 9, 6, 0, 0, 'FALSE', 0, NULL, NULL),
(856, 1194, 53, 2796, 10, 11, 0, 0, 'FALSE', 0, NULL, NULL),
(857, 1194, 53, 2796, 10, 7, 0, 0, 'FALSE', 0, NULL, NULL),
(858, 1194, 53, 2796, 9, 7, 0, 0, 'FALSE', 0, NULL, NULL),
(859, 1194, 53, 2796, 10, 9, 0, 0, 'FALSE', 0, NULL, NULL),
(860, 1194, 53, 2796, 9, 8, 0, 0, 'FALSE', 0, NULL, NULL),
(861, 1194, 53, 2796, 9, 12, 0, 0, 'FALSE', 0, NULL, NULL),
(862, 1194, 53, 2796, 9, 9, 0, 0, 'FALSE', 0, NULL, NULL),
(863, 1194, 53, 2796, 9, 10, 0, 0, 'FALSE', 0, NULL, NULL),
(864, 1194, 53, 2796, 10, 8, 0, 0, 'FALSE', 0, NULL, NULL),
(865, 1194, 53, 2796, 9, 11, 0, 0, 'FALSE', 0, NULL, NULL),
(866, 1142, 54, 2797, 7, 4, 0, 0, NULL, 0, NULL, NULL),
(867, 1142, 54, 2797, 4, 1, 0, 0, NULL, 0, NULL, NULL),
(868, 1142, 54, 2797, 7, 1, 0, 0, NULL, 0, NULL, NULL),
(869, 1194, 53, 2796, 11, 13, 0, 0, 'FALSE', 0, NULL, NULL),
(870, 1194, 53, 2796, 11, 10, 0, 0, 'FALSE', 0, NULL, NULL),
(871, 1194, 53, 2796, 11, 9, 0, 0, 'FALSE', 0, NULL, NULL),
(872, 1194, 53, 2796, 11, 12, 0, 0, 'FALSE', 0, NULL, NULL),
(873, 1194, 53, 2796, 11, 8, 0, 0, 'FALSE', 0, NULL, NULL),
(874, 1194, 53, 2796, 11, 11, 0, 0, 'FALSE', 0, NULL, NULL),
(877, 1142, 55, 2801, 7, 3, 0, 0, NULL, 0, NULL, NULL),
(879, 1142, 55, 2801, 7, 11, 0, 0, NULL, 0, NULL, NULL),
(881, 1145, 55, 2801, 11, 8, 0, 0, NULL, 0, NULL, NULL),
(882, 1145, 55, 2801, 7, 10, 0, 0, NULL, 0, NULL, NULL),
(883, 1145, 55, 2801, 11, 6, 0, 0, NULL, 0, NULL, NULL),
(884, 1142, 55, 2801, 11, 13, 0, 0, NULL, 0, NULL, NULL),
(885, 1142, 55, 2801, 11, 1, 0, 0, NULL, 0, NULL, NULL),
(886, 1177, 55, 2801, 11, 7, 0, 0, 'ON', 0, NULL, NULL),
(890, 1036, 55, 2801, 11, 11, 0, 6, NULL, 0, NULL, NULL),
(891, 1036, 55, 2801, 8, 2, 0, 2, NULL, 0, NULL, NULL),
(892, 1036, 55, 2801, 8, 11, 0, 2, NULL, 0, NULL, NULL),
(893, 1036, 55, 2801, 11, 9, 0, 6, NULL, 0, NULL, NULL),
(894, 1036, 55, 2801, 11, 4, 0, 6, NULL, 0, NULL, NULL),
(895, 1177, 55, 2801, 8, 10, 0, 0, 'OFF', 0, NULL, NULL),
(896, 1177, 55, 2801, 8, 4, 0, 0, 'OFF', 0, NULL, NULL),
(1820, 1117, 55, 2802, 5, 1, 0, 2, NULL, 0, NULL, NULL),
(1819, 1117, 55, 2802, 8, 1, 0, 2, NULL, 0, NULL, NULL),
(1818, 2407, 71, 0, 0, 0, 0, 0, '401', NULL, NULL, NULL),
(1817, 2408, 71, 0, 0, 0, 0, 0, '801', NULL, NULL, NULL),
(1828, 1142, 59, 2822, 7, 9, 0, 0, NULL, 0, NULL, NULL),
(907, 1177, 55, 2802, 4, 13, 0, 0, 'OFF', 0, NULL, NULL),
(908, 1177, 55, 2802, 4, 6, 0, 0, 'OFF', 0, NULL, NULL),
(909, 1177, 55, 2802, 11, 6, 0, 0, 'OFF', 0, NULL, NULL),
(1829, 1142, 55, 2802, 4, 1, 0, 0, NULL, 0, NULL, NULL),
(911, 1177, 55, 2802, 11, 9, 0, 0, 'OFF', 0, NULL, NULL),
(912, 1177, 55, 2802, 4, 9, 0, 0, 'OFF', 0, NULL, NULL),
(913, 1177, 55, 2802, 11, 13, 0, 0, 'OFF', 0, NULL, NULL),
(914, 1142, 55, 2802, 4, 3, 0, 0, NULL, 0, NULL, NULL),
(915, 1142, 55, 2802, 11, 7, 0, 0, NULL, 0, NULL, NULL),
(916, 1142, 55, 2802, 10, 6, 0, 0, NULL, 0, NULL, NULL),
(917, 1142, 55, 2802, 11, 3, 0, 0, NULL, 0, NULL, NULL),
(918, 1142, 55, 2802, 5, 6, 0, 0, NULL, 0, NULL, NULL),
(919, 1145, 55, 2802, 4, 2, 0, 0, NULL, 0, NULL, NULL),
(920, 1145, 55, 2802, 4, 4, 0, 0, NULL, 0, NULL, NULL),
(921, 1145, 55, 2802, 11, 2, 0, 0, NULL, 0, NULL, NULL),
(922, 1145, 55, 2802, 11, 4, 0, 0, NULL, 0, NULL, NULL),
(923, 1142, 55, 2802, 4, 7, 0, 0, NULL, 0, NULL, NULL),
(924, 1145, 55, 2802, 11, 8, 0, 0, NULL, 0, NULL, NULL),
(925, 1145, 55, 2802, 4, 8, 0, 0, NULL, 0, NULL, NULL),
(926, 1142, 55, 2802, 4, 12, 0, 0, NULL, 0, NULL, NULL),
(927, 1142, 55, 2802, 4, 10, 0, 0, NULL, 0, NULL, NULL),
(928, 1038, 55, 2802, 11, 5, 0, 0, NULL, 0, NULL, NULL),
(929, 1038, 55, 2802, 4, 5, 0, 0, NULL, 0, NULL, NULL),
(930, 1142, 55, 2802, 11, 10, 0, 0, NULL, 0, NULL, NULL),
(931, 1142, 55, 2802, 11, 12, 0, 0, NULL, 0, NULL, NULL),
(932, 1145, 55, 2802, 6, 6, 0, 0, NULL, 0, NULL, NULL),
(933, 1145, 55, 2802, 9, 6, 0, 0, NULL, 0, NULL, NULL),
(948, 1044, 55, 2802, 7, 6, 0, 0, NULL, 0, NULL, NULL),
(947, 1044, 55, 2802, 7, 2, 0, 0, NULL, 0, NULL, NULL),
(936, 1036, 55, 2802, 5, 13, 0, 0, NULL, 0, NULL, NULL),
(937, 1036, 55, 2802, 9, 13, 0, 0, NULL, 0, NULL, NULL),
(938, 1036, 55, 2802, 7, 13, 0, 0, NULL, 0, NULL, NULL),
(941, 1038, 72, 0, 0, 0, 0, 0, NULL, 0, NULL, NULL),
(945, 1044, 55, 2802, 9, 2, 0, 0, NULL, 0, NULL, NULL),
(946, 1044, 55, 2802, 5, 2, 0, 0, NULL, 0, NULL, NULL),
(944, 1044, 55, 2802, 7, 5, 0, 0, NULL, 0, NULL, NULL),
(1100, 1075, 55, 2802, 5, 10, 0, 0, NULL, 0, NULL, NULL),
(951, 1145, 55, 2802, 9, 9, 0, 0, NULL, 0, NULL, NULL),
(952, 1145, 55, 2802, 6, 9, 0, 0, NULL, 0, NULL, NULL),
(953, 1142, 55, 2802, 10, 9, 0, 0, NULL, 0, NULL, NULL),
(954, 1142, 55, 2802, 5, 9, 0, 0, NULL, 0, NULL, NULL),
(1282, 1142, 55, 2807, 10, 10, 0, 0, NULL, 0, NULL, NULL),
(1824, 1187, 55, 2802, 10, 1, 2, 0, 'ON', 0, NULL, NULL),
(1823, 1187, 55, 2802, 5, 1, 2, 0, 'ON', 0, NULL, NULL),
(1825, 1142, 59, 2822, 8, 5, 0, 0, NULL, 0, NULL, NULL),
(1826, 1142, 55, 2802, 11, 1, 0, 0, NULL, 0, NULL, NULL),
(1827, 1159, 71, 0, 0, 0, 0, 0, NULL, NULL, NULL, NULL),
(1809, 1114, 5, 2816, 5, 5, 0, 2, NULL, 0, NULL, NULL),
(1810, 1114, 5, 2780, 6, 9, 2, 0, NULL, 0, NULL, NULL),
(1812, 1114, 5, 2780, 9, 8, 0, 0, NULL, 0, NULL, NULL),
(1813, 1114, 5, 2816, 5, 5, 4, 2, NULL, 0, NULL, NULL),
(958, 1013, 5, 2780, 10, 3, 0, 0, NULL, 0, NULL, NULL),
(959, 1579, 5, 2780, 4, 1, 0, 0, NULL, 0, NULL, NULL),
(960, 1587, 5, 2780, 10, 2, 2, 0, NULL, 0, NULL, NULL),
(961, 1019, 5, 2780, 6, 1, 0, 0, NULL, 0, NULL, NULL),
(962, 1594, 5, 2780, 4, 2, 0, 0, NULL, 0, NULL, NULL),
(965, 1126, 55, 2803, 8, 9, 2, 4, 'ON', 0, NULL, NULL),
(966, 1126, 55, 2803, 5, 9, 2, 4, 'ON', 0, NULL, NULL),
(967, 1005, 55, 2803, 10, 2, 0, 4, NULL, 0, NULL, NULL);
INSERT INTO `items` (`id`, `definitionid`, `ownerid`, `spaceid`, `x`, `y`, `z`, `rotation`, `customdata`, `teleporterid`, `wallposition`, `itemdata`) VALUES
(968, 1005, 55, 2803, 11, 2, 0, 4, NULL, 0, NULL, NULL),
(969, 1114, 55, 2803, 4, 10, 0, 0, NULL, 0, NULL, NULL),
(970, 1114, 55, 2803, 4, 9, 0, 2, NULL, 0, NULL, NULL),
(971, 1114, 55, 2803, 5, 9, 0, 0, NULL, 0, NULL, NULL),
(972, 1114, 55, 2803, 11, 13, 0, 0, NULL, 0, NULL, NULL),
(973, 1114, 55, 2803, 11, 10, 0, 6, NULL, 0, NULL, NULL),
(974, 1114, 55, 2803, 8, 10, 0, 4, NULL, 0, NULL, NULL),
(975, 1114, 55, 2803, 8, 7, 0, 2, NULL, 0, NULL, NULL),
(976, 1114, 55, 2803, 9, 7, 0, 0, NULL, 0, NULL, NULL),
(977, 1113, 55, 2803, 9, 2, 0, 2, NULL, 0, NULL, NULL),
(978, 1113, 55, 2803, 9, 10, 0, 0, NULL, 0, NULL, NULL),
(979, 1113, 55, 2803, 8, 8, 0, 2, NULL, 0, NULL, NULL),
(980, 1113, 55, 2803, 5, 7, 0, 2, NULL, 0, NULL, NULL),
(981, 1113, 55, 2803, 5, 3, 0, 2, NULL, 0, NULL, NULL),
(982, 1113, 55, 2803, 5, 5, 0, 2, NULL, 0, NULL, NULL),
(983, 1113, 55, 2803, 5, 1, 0, 2, NULL, 0, NULL, NULL),
(984, 1113, 55, 2803, 10, 1, 0, 0, NULL, 0, NULL, NULL),
(985, 1113, 55, 2803, 11, 11, 0, 2, NULL, 0, NULL, NULL),
(987, 1114, 55, 2803, 4, 13, 0, 4, NULL, 0, NULL, NULL),
(988, 1114, 55, 2803, 4, 12, 0, 6, NULL, 0, NULL, NULL),
(989, 1114, 55, 2803, 9, 4, 0, 0, NULL, 0, NULL, NULL),
(990, 1114, 55, 2803, 9, 1, 0, 2, NULL, 0, NULL, NULL),
(995, 2409, 55, 2803, 0, 0, 0, 0, '20', 0, 'leftwall 8.1563,-5.4444,8156', NULL),
(1052, 1019, 55, 2803, 8, 3, 0, 2, NULL, 0, NULL, NULL),
(1024, 1113, 56, 2804, 10, 9, 0, 2, NULL, 0, NULL, NULL),
(994, 1029, 55, 2803, 9, 9, 0, 2, NULL, 0, NULL, NULL),
(996, 2409, 55, 2803, 0, 0, 0, 0, '20', 0, 'leftwall 8.1563,-2.2222,8156', NULL),
(997, 2409, 55, 2803, 0, 0, 0, 0, '20', 0, 'leftwall 6.4063,-5.2778,6406', NULL),
(998, 2409, 55, 2803, 0, 0, 0, 0, '20', 0, 'leftwall 6.4688,-2.2778,6469', NULL),
(999, 2409, 55, 2803, 0, 0, 0, 0, '20', 0, 'leftwall 4.6875,-5.2778,4688', NULL),
(1000, 2409, 55, 2803, 0, 0, 0, 0, '20', 0, 'leftwall 4.6875,-2.2778,4688', NULL),
(1001, 2409, 55, 2803, 0, 0, 0, 0, '20', 0, 'leftwall 2.9063,-5.3333,2906', NULL),
(1002, 2409, 55, 2803, 0, 0, 0, 0, '20', 0, 'leftwall -0.8750,-5.3889,875', NULL),
(1054, 1019, 55, 2803, 8, 2, 0, 2, NULL, 0, NULL, NULL),
(1004, 2409, 55, 2803, 0, 0, 0, 0, '20', 0, 'frontwall -10.6250,-15.8333,10625', NULL),
(1005, 2409, 55, 2803, 0, 0, 0, 0, '20', 0, 'leftwall -2.6250,-5.3333,2625', NULL),
(1053, 1142, 56, 2804, 6, 3, 0, 0, NULL, 0, NULL, NULL),
(1007, 2409, 55, 2803, 0, 0, 0, 0, '20', 0, 'leftwall 2.8750,-2.4444,10001', NULL),
(1008, 2409, 55, 2803, 0, 0, 0, 0, '20', 0, 'leftwall -2.6563,-2.4444,2656', NULL),
(1056, 1142, 56, 2804, 9, 3, 0, 0, NULL, 0, NULL, NULL),
(1055, 1142, 56, 2804, 6, 10, 0, 0, NULL, 0, NULL, NULL),
(1011, 1113, 56, 2804, 5, 5, 0, 2, NULL, 0, NULL, NULL),
(1012, 1113, 56, 2841, 4, 4, 0, 0, NULL, 0, NULL, NULL),
(1013, 1113, 56, 2804, 5, 9, 0, 2, NULL, 0, NULL, NULL),
(1014, 1113, 56, 2804, 5, 7, 0, 2, NULL, 0, NULL, NULL),
(1015, 1113, 56, 2804, 5, 3, 0, 2, NULL, 0, NULL, NULL),
(1016, 1114, 56, 2804, 5, 11, 0, 4, NULL, 0, NULL, NULL),
(1017, 1114, 56, 2804, 5, 2, 0, 2, NULL, 0, NULL, NULL),
(1064, 1114, 56, 2804, 6, 11, 0, 0, NULL, 0, NULL, NULL),
(1032, 1044, 56, 2804, 6, 5, 0, 0, NULL, 0, NULL, NULL),
(1018, 1113, 56, 2805, 4, 8, 0, 0, NULL, 0, NULL, NULL),
(1019, 1113, 56, 2841, 4, 4, 4, 0, NULL, 0, NULL, NULL),
(1020, 1113, 56, 2805, 10, 8, 0, 0, NULL, 0, NULL, NULL),
(1021, 1114, 56, 2804, 10, 11, 0, 0, NULL, 0, NULL, NULL),
(1022, 1114, 56, 2804, 10, 2, 0, 6, NULL, 0, NULL, NULL),
(1067, 1114, 56, 2804, 6, 2, 0, 6, NULL, 0, NULL, NULL),
(1065, 1114, 56, 2804, 9, 11, 0, 4, NULL, 0, NULL, NULL),
(1025, 1113, 56, 2804, 10, 7, 0, 2, NULL, 0, NULL, NULL),
(1026, 1113, 56, 2804, 10, 5, 0, 2, NULL, 0, NULL, NULL),
(1027, 1113, 56, 2804, 10, 3, 0, 2, NULL, 0, NULL, NULL),
(1028, 1113, 55, 2803, 5, 13, 0, 0, NULL, 0, NULL, NULL),
(1029, 1113, 55, 2803, 7, 13, 0, 0, NULL, 0, NULL, NULL),
(1030, 1113, 55, 2803, 9, 13, 0, 0, NULL, 0, NULL, NULL),
(1033, 2409, 55, 2803, 0, 0, 0, 0, '9', 0, 'leftwall -1.0625,-2.6111,1063', NULL),
(1034, 1176, 55, 2803, 8, 1, 0, 0, 'FALSE', 0, NULL, NULL),
(1035, 1176, 55, 2803, 4, 3, 0, 6, 'FALSE', 0, NULL, NULL),
(1036, 1176, 55, 2803, 4, 6, 0, 6, 'FALSE', 0, NULL, NULL),
(1051, 1142, 56, 2804, 9, 10, 0, 0, NULL, 0, NULL, NULL),
(1038, 1044, 56, 2804, 8, 5, 0, 0, NULL, 0, NULL, NULL),
(1039, 1002, 55, 2803, 4, 4, 0, 2, NULL, 0, NULL, NULL),
(1040, 1002, 55, 2803, 4, 7, 0, 2, NULL, 0, NULL, NULL),
(1041, 1002, 55, 2803, 4, 1, 0, 2, NULL, 0, NULL, NULL),
(1042, 1147, 56, 2804, 4, 13, 0, 0, NULL, 0, NULL, NULL),
(1043, 1147, 56, 2804, 11, 13, 0, 0, NULL, 0, NULL, NULL),
(1044, 1114, 55, 2803, 8, 4, 0, 4, NULL, 0, NULL, NULL),
(1045, 1114, 55, 2803, 9, 6, 0, 6, NULL, 0, NULL, NULL),
(1046, 1114, 55, 2803, 8, 6, 0, 2, NULL, 0, NULL, NULL),
(1047, 1594, 56, 2805, 5, 1, 0, 4, NULL, 0, NULL, NULL),
(1048, 1036, 56, 2804, 9, 13, 0, 0, NULL, 0, NULL, NULL),
(1049, 1036, 56, 2804, 5, 13, 0, 0, NULL, 0, NULL, NULL),
(1050, 1036, 56, 2804, 7, 13, 0, 0, NULL, 0, NULL, NULL),
(1057, 1001, 55, 2803, 5, 10, 0, 0, NULL, 0, NULL, NULL),
(1058, 1044, 55, 2803, 6, 1, 0, 0, NULL, 0, NULL, NULL),
(1059, 1044, 55, 2803, 6, 7, 0, 0, NULL, 0, NULL, NULL),
(1060, 1044, 55, 2803, 6, 4, 0, 0, NULL, 0, NULL, NULL),
(1062, 1044, 55, 2803, 10, 5, 0, 0, NULL, 0, NULL, NULL),
(1063, 1044, 55, 2803, 10, 3, 0, 0, NULL, 0, NULL, NULL),
(1068, 1018, 55, 2803, 5, 11, 0, 0, NULL, 0, NULL, NULL),
(1069, 1018, 56, 2805, 5, 10, 0, 0, NULL, 0, NULL, NULL),
(1070, 1018, 55, 2803, 5, 12, 0, 0, NULL, 0, NULL, NULL),
(1071, 1018, 56, 2805, 5, 9, 0, 0, NULL, 0, NULL, NULL),
(1091, 1177, 55, 2802, 5, 7, 0, 0, 'OFF', 0, NULL, NULL),
(1072, 1018, 55, 2803, 6, 11, 0, 0, NULL, 0, NULL, NULL),
(1073, 1018, 56, 2805, 5, 11, 0, 0, NULL, 0, NULL, NULL),
(1074, 1018, 55, 2803, 6, 12, 0, 0, NULL, 0, NULL, NULL),
(1075, 1018, 56, 2805, 5, 12, 0, 0, NULL, 0, NULL, NULL),
(1076, 1018, 56, 2805, 5, 13, 0, 0, NULL, 0, NULL, NULL),
(1077, 1018, 55, 2803, 7, 11, 0, 0, NULL, 0, NULL, NULL),
(1078, 1018, 55, 2803, 7, 12, 0, 0, NULL, 0, NULL, NULL),
(1079, 1018, 55, 2803, 8, 11, 0, 0, NULL, 0, NULL, NULL),
(1080, 1018, 55, 2803, 9, 12, 0, 0, NULL, 0, NULL, NULL),
(1081, 1018, 55, 2803, 8, 12, 0, 0, NULL, 0, NULL, NULL),
(1082, 1018, 55, 2803, 9, 11, 0, 0, NULL, 0, NULL, NULL),
(1083, 1018, 55, 2803, 10, 11, 0, 0, NULL, 0, NULL, NULL),
(1084, 1018, 55, 2803, 8, 5, 0, 0, NULL, 0, NULL, NULL),
(1085, 1018, 55, 2803, 10, 12, 0, 0, NULL, 0, NULL, NULL),
(1086, 1018, 55, 2803, 9, 5, 0, 0, NULL, 0, NULL, NULL),
(1087, 1018, 55, 2802, 7, 4, 0, 0, NULL, 0, NULL, NULL),
(1088, 1018, 55, 2802, 8, 4, 0, 0, NULL, 0, NULL, NULL),
(1089, 1075, 56, 2804, 7, 3, 0, 0, NULL, 0, NULL, NULL),
(1090, 1177, 55, 2802, 5, 8, 0, 0, 'OFF', 0, NULL, NULL),
(1092, 1036, 55, 2802, 6, 7, 0, 2, NULL, 0, NULL, NULL),
(1093, 1075, 56, 2804, 8, 10, 0, 0, NULL, 0, NULL, NULL),
(1094, 1075, 56, 2804, 8, 3, 0, 0, NULL, 0, NULL, NULL),
(1095, 1075, 56, 2804, 7, 10, 0, 0, NULL, 0, NULL, NULL),
(1096, 1036, 55, 2802, 9, 7, 0, 6, NULL, 0, NULL, NULL),
(1097, 1036, 55, 2806, 5, 7, 0, 2, NULL, 0, NULL, NULL),
(1098, 1177, 55, 2802, 10, 7, 0, 0, 'FALSE', 0, NULL, NULL),
(1099, 1177, 55, 2802, 10, 8, 0, 0, 'OFF', 0, NULL, NULL),
(1101, 1075, 55, 2802, 6, 10, 0, 0, NULL, 0, NULL, NULL),
(1102, 1075, 55, 2802, 7, 10, 0, 0, NULL, 0, NULL, NULL),
(1103, 1075, 55, 2802, 8, 10, 0, 0, NULL, 0, NULL, NULL),
(1104, 1075, 55, 2802, 9, 10, 0, 0, NULL, 0, NULL, NULL),
(1105, 1075, 55, 2802, 10, 10, 0, 0, NULL, 0, NULL, NULL),
(1106, 1075, 55, 2802, 9, 11, 0, 0, NULL, 0, NULL, NULL),
(1107, 1075, 55, 2802, 10, 11, 0, 0, NULL, 0, NULL, NULL),
(1108, 1075, 55, 2802, 8, 11, 0, 0, NULL, 0, NULL, NULL),
(1109, 1075, 55, 2802, 6, 11, 0, 0, NULL, 0, NULL, NULL),
(1110, 1075, 55, 2802, 7, 11, 0, 0, NULL, 0, NULL, NULL),
(1111, 1075, 55, 2802, 5, 11, 0, 0, NULL, 0, NULL, NULL),
(1112, 1075, 55, 2802, 5, 12, 0, 0, NULL, 0, NULL, NULL),
(1113, 1075, 55, 2802, 6, 12, 0, 0, NULL, 0, NULL, NULL),
(1114, 1075, 55, 2802, 7, 12, 0, 0, NULL, 0, NULL, NULL),
(1115, 1075, 55, 2802, 8, 12, 0, 0, NULL, 0, NULL, NULL),
(1116, 1075, 55, 2802, 9, 12, 0, 0, NULL, 0, NULL, NULL),
(1117, 1075, 55, 2802, 10, 12, 0, 0, NULL, 0, NULL, NULL),
(1118, 1075, 55, 2802, 7, 10, 0, 0, NULL, 0, NULL, NULL),
(1119, 1215, 55, 2809, 7, 5, 2, 0, NULL, 0, NULL, NULL),
(1120, 1216, 55, 2802, 11, 5, 2, 0, NULL, 0, NULL, NULL),
(1121, 1217, 55, 2801, 8, 1, 2, 0, NULL, 0, NULL, NULL),
(1122, 1216, 55, 2802, 4, 5, 2, 0, NULL, 0, NULL, NULL),
(1123, 1179, 55, 2801, 6, 1, 0, 4, 'FALSE', 1124, NULL, NULL),
(1124, 1179, 55, 2806, 1, 9, 0, 0, 'FALSE', 0, NULL, NULL),
(1814, 1114, 5, 2816, 5, 5, 2, 2, NULL, 0, NULL, NULL),
(1815, 1103, 71, 0, 0, 0, 0, 0, NULL, NULL, NULL, NULL),
(1816, 2360, 55, 2801, 0, 0, 0, 0, 'FF9CFF [WoD] Grand Hallway - Scene\rA portly fellow stands to attention in the hallway, ready to direct you if you should get lost.\r(Left to Right)\r- The Chapel\r- Torture Chamber\r- Entrance Hall\r- Gymnasium 1\r- Gymnasium 2\r- Lasombra Caverns\r', 0, 'frontwall -9.0625,-10.7222,9063', NULL),
(1830, 1142, 59, 2822, 10, 10, 0, 0, NULL, 0, NULL, NULL),
(1831, 1142, 59, 2822, 7, 3, 0, 0, NULL, 0, NULL, NULL),
(1832, 1142, 59, 2822, 5, 7, 0, 0, NULL, 0, NULL, NULL),
(1833, 1142, 59, 2822, 8, 1, 0, 0, NULL, 0, NULL, NULL),
(1834, 1142, 59, 2822, 5, 1, 0, 0, NULL, 0, NULL, NULL),
(1835, 1155, 71, 0, 0, 0, 0, 0, 'FALSE', NULL, NULL, NULL),
(1836, 1142, 59, 2822, 10, 2, 0, 0, NULL, 0, NULL, NULL),
(1837, 1142, 59, 2822, 8, 6, 0, 0, NULL, 0, NULL, NULL),
(1838, 1154, 71, 0, 0, 0, 0, 0, NULL, NULL, NULL, NULL),
(1839, 1142, 59, 2822, 9, 8, 0, 0, NULL, 0, NULL, NULL),
(1840, 1142, 59, 2822, 9, 4, 0, 0, NULL, 0, NULL, NULL),
(1131, 1113, 56, 2841, 4, 4, 2, 0, NULL, 0, NULL, NULL),
(1173, 1177, 55, 2806, 10, 9, 0, 0, 'FALSE', 0, NULL, NULL),
(1132, 1114, 56, 2805, 9, 8, 0, 2, NULL, 0, NULL, NULL),
(1133, 1114, 56, 2805, 6, 8, 0, 6, NULL, 0, NULL, NULL),
(1841, 1142, 59, 2822, 11, 5, 0, 0, NULL, 0, NULL, NULL),
(1842, 1147, 59, 2822, 6, 1, 0, 0, NULL, 0, NULL, NULL),
(1843, 1147, 59, 2822, 8, 4, 0, 0, NULL, 0, NULL, NULL),
(1844, 1147, 59, 2822, 10, 1, 0, 0, NULL, 0, NULL, NULL),
(1845, 1147, 59, 2822, 6, 3, 0, 0, NULL, 0, NULL, NULL),
(1135, 1594, 56, 2805, 5, 3, 0, 4, NULL, 0, NULL, NULL),
(1136, 1594, 56, 2805, 7, 1, 0, 4, NULL, 0, NULL, NULL),
(1137, 1594, 56, 2805, 9, 1, 0, 4, NULL, 0, NULL, NULL),
(1138, 1594, 56, 2805, 7, 3, 0, 4, NULL, 0, NULL, NULL),
(1139, 1594, 56, 2805, 9, 3, 0, 4, NULL, 0, NULL, NULL),
(1175, 1036, 55, 2806, 6, 3, 0, 2, NULL, 0, NULL, NULL),
(1164, 1145, 55, 2806, 3, 8, 0, 0, NULL, 0, NULL, NULL),
(1167, 1177, 55, 2806, 8, 10, 0, 0, 'OFF', 0, NULL, NULL),
(1163, 1145, 55, 2806, 9, 10, 0, 0, NULL, 0, NULL, NULL),
(1168, 1177, 55, 2806, 4, 10, 0, 0, 'FALSE', 0, NULL, NULL),
(1166, 1177, 55, 2806, 10, 2, 0, 0, 'ON', 0, NULL, NULL),
(1142, 1142, 55, 2806, 5, 5, 0, 0, NULL, 0, NULL, NULL),
(1143, 1142, 55, 2806, 5, 2, 0, 0, NULL, 0, NULL, NULL),
(1144, 1142, 55, 2806, 2, 10, 0, 0, NULL, 0, NULL, NULL),
(1145, 1142, 55, 2806, 4, 6, 0, 0, NULL, 0, NULL, NULL),
(1146, 1142, 55, 2806, 2, 8, 0, 0, NULL, 0, NULL, NULL),
(1147, 1142, 55, 2806, 10, 5, 0, 0, NULL, 0, NULL, NULL),
(1148, 1142, 55, 2806, 11, 6, 0, 0, NULL, 0, NULL, NULL),
(1149, 1142, 55, 2806, 11, 9, 0, 0, NULL, 0, NULL, NULL),
(1150, 1142, 55, 2806, 10, 10, 0, 0, NULL, 0, NULL, NULL),
(1151, 1142, 55, 2806, 6, 10, 0, 0, NULL, 0, NULL, NULL),
(1152, 1142, 55, 2806, 6, 1, 0, 0, NULL, 0, NULL, NULL),
(1153, 1142, 55, 2806, 11, 2, 0, 0, NULL, 0, NULL, NULL),
(1154, 1147, 55, 2806, 4, 5, 0, 0, NULL, 0, NULL, NULL),
(1155, 1147, 55, 2806, 11, 10, 0, 0, NULL, 0, NULL, NULL),
(1156, 1147, 55, 2806, 1, 10, 0, 0, NULL, 0, NULL, NULL),
(1157, 1147, 55, 2806, 1, 8, 0, 0, NULL, 0, NULL, NULL),
(1158, 1147, 55, 2806, 5, 1, 0, 0, NULL, 0, NULL, NULL),
(1159, 1147, 55, 2806, 11, 5, 0, 0, NULL, 0, NULL, NULL),
(1160, 1145, 55, 2806, 9, 5, 0, 0, NULL, 0, NULL, NULL),
(1161, 1145, 55, 2806, 6, 5, 0, 0, NULL, 0, NULL, NULL),
(1162, 1145, 55, 2806, 3, 10, 0, 0, NULL, 0, NULL, NULL),
(1165, 1145, 55, 2806, 4, 7, 0, 0, NULL, 0, NULL, NULL),
(1169, 1177, 55, 2806, 4, 8, 0, 0, 'OFF', 0, NULL, NULL),
(1170, 1177, 55, 2806, 10, 6, 0, 0, 'OFF', 0, NULL, NULL),
(1171, 1177, 55, 2806, 5, 6, 0, 0, 'FALSE', 0, NULL, NULL),
(1172, 1177, 55, 2806, 6, 2, 0, 0, 'FALSE', 0, NULL, NULL),
(1174, 1177, 55, 2806, 5, 4, 0, 0, 'FALSE', 0, NULL, NULL),
(1176, 1036, 55, 2806, 11, 7, 0, 6, NULL, 0, NULL, NULL),
(1177, 1036, 55, 2808, 8, 1, 0, 4, NULL, 0, NULL, NULL),
(1178, 1036, 55, 2806, 10, 3, 0, 6, NULL, 0, NULL, NULL),
(1179, 1036, 55, 2808, 6, 1, 0, 4, NULL, 0, NULL, NULL),
(1180, 1036, 55, 2808, 6, 14, 0, 0, NULL, 0, NULL, NULL),
(1181, 1036, 55, 2808, 8, 14, 0, 0, NULL, 0, NULL, NULL),
(1182, 1035, 56, 0, 0, 0, 0, 0, NULL, NULL, NULL, NULL),
(1183, 1117, 56, 0, 0, 0, 0, 0, NULL, 0, NULL, NULL),
(1184, 1145, 55, 2806, 11, 3, 0, 0, NULL, 0, NULL, NULL),
(1185, 1177, 56, 2805, 11, 3, 0, 0, 'FALSE', 0, NULL, NULL),
(1186, 1145, 55, 2806, 5, 10, 0, 0, NULL, 0, NULL, NULL),
(1187, 1145, 55, 2806, 7, 10, 0, 0, NULL, 0, NULL, NULL),
(1188, 1177, 56, 2805, 4, 1, 0, 0, 'FALSE', 0, NULL, NULL),
(1189, 1145, 55, 2806, 5, 3, 0, 0, NULL, 0, NULL, NULL),
(1190, 1177, 56, 2805, 11, 1, 0, 0, 'FALSE', 0, NULL, NULL),
(1191, 1145, 55, 2806, 7, 1, 0, 0, NULL, 0, NULL, NULL),
(1192, 1177, 56, 2805, 4, 3, 0, 0, 'FALSE', 0, NULL, NULL),
(1193, 1147, 55, 2806, 11, 1, 0, 0, NULL, 0, NULL, NULL),
(1206, 1018, 56, 2805, 10, 10, 0, 0, NULL, 0, NULL, NULL),
(1205, 1018, 56, 2805, 10, 9, 0, 0, NULL, 0, NULL, NULL),
(1197, 1044, 56, 2805, 6, 4, 0, 2, NULL, 0, NULL, NULL),
(1198, 1044, 56, 2805, 6, 6, 0, 2, NULL, 0, NULL, NULL),
(1199, 1044, 56, 2805, 4, 4, 0, 0, NULL, 0, NULL, NULL),
(1200, 1044, 56, 2805, 10, 4, 0, 0, NULL, 0, NULL, NULL),
(1201, 1075, 56, 2805, 4, 11, 0, 0, NULL, 0, NULL, NULL),
(1202, 1075, 56, 2805, 7, 8, 0, 0, NULL, 0, NULL, NULL),
(1203, 1075, 56, 2805, 8, 8, 0, 0, NULL, 0, NULL, NULL),
(1204, 1075, 56, 2805, 11, 11, 0, 0, NULL, 0, NULL, NULL),
(1207, 1018, 56, 2805, 10, 11, 0, 0, NULL, 0, NULL, NULL),
(1208, 1018, 56, 2805, 10, 12, 0, 0, NULL, 0, NULL, NULL),
(1209, 1018, 56, 2805, 10, 13, 0, 0, NULL, 0, NULL, NULL),
(1210, 1177, 55, 2806, 11, 4, 0, 0, 'FALSE', 0, NULL, NULL),
(1211, 1145, 55, 2806, 9, 1, 0, 0, NULL, 0, NULL, NULL),
(1212, 1060, 55, 2808, 5, 5, 0, 0, NULL, 0, NULL, NULL),
(1213, 1142, 55, 2806, 10, 1, 0, 0, NULL, 0, NULL, NULL),
(1214, 1179, 55, 2806, 8, 1, 0, 4, 'FALSE', 1215, NULL, NULL),
(1215, 1179, 55, 2808, 5, 12, 0, 0, 'FALSE', 0, NULL, NULL),
(1218, 1103, 5, 2780, 9, 4, 0, 0, NULL, 0, NULL, NULL),
(1219, 1060, 5, 2780, 7, 4, 0, 0, NULL, 0, NULL, NULL),
(1220, 1149, 5, 2780, 4, 4, 0, 0, NULL, 0, NULL, NULL),
(1221, 1073, 5, 2780, 7, 9, 0, 0, NULL, 0, NULL, NULL),
(1222, 1066, 5, 2780, 4, 9, 0, 0, NULL, 0, NULL, NULL),
(1223, 1045, 5, 2780, 7, 6, 0, 0, NULL, 0, NULL, NULL),
(1224, 1073, 55, 2807, 2, 6, 0, 0, NULL, 0, NULL, NULL),
(1225, 1103, 56, 2805, 6, 9, 0, 0, NULL, 0, NULL, NULL),
(1226, 1103, 56, 2805, 7, 9, 0, 0, NULL, 0, NULL, NULL),
(1227, 1151, 5, 2780, 9, 4, 0, 0, NULL, 0, NULL, NULL),
(1228, 1151, 5, 2780, 9, 9, 0, 0, NULL, 0, NULL, NULL),
(1229, 1043, 5, 2780, 7, 5, 0, 0, NULL, 0, NULL, NULL),
(1230, 1151, 5, 2780, 5, 9, 0, 0, NULL, 0, NULL, NULL),
(1231, 1152, 5, 2780, 7, 8, 0, 0, NULL, 0, NULL, NULL),
(1232, 1142, 55, 2808, 8, 6, 0, 0, NULL, 0, NULL, NULL),
(1233, 1142, 55, 2808, 5, 2, 0, 0, NULL, 0, NULL, NULL),
(1234, 1142, 55, 2808, 6, 4, 0, 0, NULL, 0, NULL, NULL),
(1235, 1142, 55, 2808, 8, 8, 0, 0, NULL, 0, NULL, NULL),
(1236, 1147, 55, 2808, 5, 14, 0, 0, NULL, 0, NULL, NULL),
(1237, 1147, 55, 2808, 5, 4, 0, 0, NULL, 0, NULL, NULL),
(1238, 1147, 55, 2808, 5, 10, 0, 0, NULL, 0, NULL, NULL),
(1239, 1147, 55, 2808, 5, 1, 0, 0, NULL, 0, NULL, NULL),
(1240, 1145, 55, 2808, 8, 9, 0, 0, NULL, 0, NULL, NULL),
(1241, 1145, 55, 2808, 7, 10, 0, 0, NULL, 0, NULL, NULL),
(1242, 1145, 55, 2808, 8, 5, 0, 0, NULL, 0, NULL, NULL),
(1243, 1145, 55, 2808, 7, 4, 0, 0, NULL, 0, NULL, NULL),
(1244, 1142, 55, 2808, 6, 10, 0, 0, NULL, 0, NULL, NULL),
(1245, 1142, 55, 2808, 5, 13, 0, 0, NULL, 0, NULL, NULL),
(1246, 1142, 55, 2808, 5, 11, 0, 0, NULL, 0, NULL, NULL),
(1247, 1177, 55, 2808, 8, 10, 0, 0, 'OFF', 0, NULL, NULL),
(1248, 1177, 55, 2808, 8, 4, 0, 0, 'OFF', 0, NULL, NULL),
(1249, 1177, 55, 2808, 5, 7, 0, 0, 'OFF', 0, NULL, NULL),
(1250, 1177, 55, 2808, 8, 7, 0, 0, 'OFF', 0, NULL, NULL),
(1251, 1179, 55, 2807, 2, 4, 0, 2, 'FALSE', 1252, NULL, NULL),
(1252, 1179, 55, 2808, 5, 3, 0, 2, 'FALSE', 1251, NULL, NULL),
(1253, 1142, 55, 2808, 10, 1, 0, 0, NULL, 0, NULL, NULL),
(1254, 1142, 55, 2808, 10, 14, 0, 0, NULL, 0, NULL, NULL),
(1272, 1142, 55, 2807, 5, 9, 0.2, 0, NULL, 0, NULL, NULL),
(1273, 1142, 55, 2826, 2, 4, 0, 0, NULL, 0, NULL, NULL),
(1274, 1142, 55, 2807, 5, 7, 0, 0, NULL, 0, NULL, NULL),
(1275, 1142, 55, 2807, 3, 3, 0, 0, NULL, 0, NULL, NULL),
(1276, 1142, 55, 2807, 10, 3, 0, 0, NULL, 0, NULL, NULL),
(1277, 1145, 55, 2807, 4, 3, 0, 0, NULL, 0, NULL, NULL),
(1278, 1145, 55, 2807, 4, 5, 0, 0, NULL, 0, NULL, NULL),
(1279, 1145, 55, 2807, 5, 8, 0, 0, NULL, 0, NULL, NULL),
(1280, 1145, 55, 2807, 5, 6, 0, 0, NULL, 0, NULL, NULL),
(1281, 1142, 55, 2807, 6, 10, 0, 0, NULL, 0, NULL, NULL),
(1271, 1147, 55, 2807, 5, 10, 0, 0, NULL, 0, NULL, NULL),
(1881, 1142, 59, 2822, 6, 11, 0, 0, NULL, 0, NULL, NULL),
(1268, 1147, 55, 2807, 11, 10, 0, 0, NULL, 0, NULL, NULL),
(1269, 1147, 55, 2807, 2, 3, 0, 0, NULL, 0, NULL, NULL),
(1270, 1147, 55, 2807, 2, 5, 0.2, 0, NULL, 0, NULL, NULL),
(1283, 1142, 55, 2807, 11, 4, 0, 0, NULL, 0, NULL, NULL),
(1284, 1142, 55, 2807, 11, 9, 0, 0, NULL, 0, NULL, NULL),
(1285, 1145, 55, 2807, 9, 10, 0, 0, NULL, 0, NULL, NULL),
(1286, 1145, 55, 2807, 11, 8, 0, 0, NULL, 0, NULL, NULL),
(1287, 1145, 55, 2807, 7, 10, 0, 0, NULL, 0, NULL, NULL),
(1288, 1145, 55, 2807, 11, 5, 0, 0, NULL, 0, NULL, NULL),
(1292, 1145, 55, 2807, 5, 3, 0, 0, NULL, 0, NULL, NULL),
(1291, 1147, 55, 2807, 7, 3, 0, 0, NULL, 0, NULL, NULL),
(1293, 1145, 55, 2807, 7, 5, 0, 0, NULL, 0, NULL, NULL),
(1294, 1142, 55, 2807, 7, 4, 0, 0, NULL, 0, NULL, NULL),
(1295, 1177, 55, 2807, 8, 10, 0, 0, 'FALSE', 0, NULL, NULL),
(1296, 1177, 55, 2807, 5, 5, 0, 0, 'OFF', 0, NULL, NULL),
(1297, 1177, 55, 2807, 9, 8, 0, 0, 'OFF', 0, NULL, NULL),
(1298, 1177, 55, 2807, 7, 6, 0, 0, 'OFF', 0, NULL, NULL),
(1299, 1147, 55, 2807, 11, 3, 0, 0, NULL, 0, NULL, NULL),
(1300, 1142, 55, 2807, 6, 3, 0, 0, NULL, 0, NULL, NULL),
(1301, 1142, 55, 2807, 7, 8, 0, 0, NULL, 0, NULL, NULL),
(1302, 1145, 55, 2807, 7, 7, 0, 0, NULL, 0, NULL, NULL),
(1303, 1179, 55, 2809, 5, 10, 0, 0, 'FALSE', 1304, NULL, NULL),
(1304, 1179, 55, 2807, 9, 3, 0, 4, 'FALSE', 1303, NULL, NULL),
(1305, 1142, 55, 2807, 8, 3, 0, 0, NULL, 0, NULL, NULL),
(1306, 1036, 55, 2807, 11, 6, 0, 6, NULL, 0, NULL, NULL),
(1307, 1145, 55, 2807, 8, 8, 0, 0, NULL, 0, NULL, NULL),
(1308, 1036, 55, 2807, 8, 6, 0, 2, NULL, 0, NULL, NULL),
(1309, 1036, 55, 2807, 8, 4, 0, 2, NULL, 0, NULL, NULL),
(1312, 1147, 55, 2809, 5, 8, 0, 0, NULL, 0, NULL, NULL),
(1313, 1147, 55, 2809, 10, 8, 0, 0, NULL, 0, NULL, NULL),
(1314, 1142, 55, 2809, 5, 9, 0, 0, NULL, 0, NULL, NULL),
(1315, 1142, 55, 2809, 6, 8, 0, 0, NULL, 0, NULL, NULL),
(1316, 1145, 55, 2809, 7, 8, 0, 0, NULL, 0, NULL, NULL),
(1317, 1145, 55, 2809, 8, 8, 0, 0, NULL, 0, NULL, NULL),
(1318, 1145, 55, 2809, 10, 10, 0, 0, NULL, 0, NULL, NULL),
(1319, 1142, 55, 2809, 9, 8, 0, 0, NULL, 0, NULL, NULL),
(1320, 1142, 55, 2809, 10, 9, 0, 0, NULL, 0, NULL, NULL),
(1323, 1117, 55, 2809, 5, 5, 0, 2, NULL, 0, NULL, NULL),
(1325, 1187, 55, 2809, 5, 5, 2, 0, 'OFF', 0, NULL, NULL),
(1324, 1117, 55, 2809, 8, 5, 0, 2, NULL, 0, NULL, NULL),
(1326, 1187, 55, 2809, 10, 5, 2, 0, 'OFF', 0, NULL, NULL),
(1327, 2409, 55, 2809, 0, 0, 0, 0, '9', 0, 'frontwall -3.9375,-10.0556,3938', NULL),
(2752, 2360, 56, 2840, 0, 0, 0, 0, 'FFFF31 WoD; Room Info;\r\r------------------------------->>\r\rLeads to the club entrance and back into the street.\r\rCCTV and Bouncers are in operation while the club is open. CCTV is running on a 24/7 Basis.', 0, 'leftwall 1.3125,-2.5556,10001', NULL),
(1944, 1113, 5, 2780, 6, 7, 0, 0, NULL, 0, NULL, NULL),
(1329, 2360, 5, 2780, 0, 0, 0, 0, 'FFFF31  [S] Ancient Chamber - Scene\r\n\r\nYou enter into an ancient feeling chamber, radiating with an almost tangible bogan taint. Over the tree line you see a strange shrine, glowing with an unhealthy looking yellow colour. At the centre of the shrine is a strange wall cabinet?\r\n', 0, 'leftwall 8.3438,-2.8889,8344', NULL),
(1941, 2360, 55, 2809, 0, 0, 0, 0, 'FF9CFF [WoD] Ancient Chamber - Scene\r\rStepping through the crevice you feel a terrifying sensation engulf you as you step into this area. Ahead of you is an ornate shrine, adorned with two golden chalices filled with blood.\r\rThe shrine is just out of reach, isn''t it?', 0, 'leftwall 2.8438,-4.7222,13001', NULL),
(1336, 1142, 55, 2806, 3, 5, 0, 0, NULL, 0, NULL, NULL),
(1337, 1142, 55, 2806, 1, 7, 0, 0, NULL, 0, NULL, NULL),
(1338, 1145, 55, 2806, 2, 5, 0, 0, NULL, 0, NULL, NULL),
(1339, 1145, 55, 2806, 1, 6, 0, 0, NULL, 0, NULL, NULL),
(1885, 2360, 55, 2806, 0, 0, 0, 0, '9CFF9C [WoD] Hidden Caverns - Scene\r\rAfter following a winding trail you find yourself in a forestry clearing at the base of a cliff face.\r\rThe area is dimly lit but a trail of candles light the way to a small crevice in the rock - you think you might be able to squeeze through.', 0, 'leftwall 7.9375,3.8889,7938', NULL),
(1907, 1147, 59, 2823, 2, 7, 0, 0, NULL, 0, NULL, NULL),
(1908, 1147, 59, 2823, 4, 10, 0, 0, NULL, 0, NULL, NULL),
(1909, 1147, 59, 2823, 5, 2, 0, 0, NULL, 0, NULL, NULL),
(1910, 1147, 59, 2823, 5, 8, 0, 0, NULL, 0, NULL, NULL),
(1911, 1147, 59, 2823, 6, 4, 0, 0, NULL, 0, NULL, NULL),
(1912, 1147, 59, 2823, 7, 9, 0, 0, NULL, 0, NULL, NULL),
(1913, 1147, 59, 2823, 8, 2, 0, 0, NULL, 0, NULL, NULL),
(1914, 1142, 55, 2807, 3, 5, 0, 0, NULL, 0, NULL, NULL),
(1915, 1147, 59, 2823, 8, 5, 0, 0, NULL, 0, NULL, NULL),
(1903, 1147, 59, 2823, 11, 6, 0, 0, NULL, 0, NULL, NULL),
(1904, 1147, 59, 2823, 10, 4, 0, 0, NULL, 0, NULL, NULL),
(1905, 1147, 59, 2823, 1, 6, 0, 0, NULL, 0, NULL, NULL),
(1906, 1147, 59, 2823, 3, 7, 0, 0, NULL, 0, NULL, NULL),
(1888, 2360, 55, 2808, 0, 0, 0, 0, '9CFF9C [WoD] Hidden Caverns - Scene\r\rThe cave plunges you into pitch black, the only light coming from three candles. There is a stagnant smell on the air and you think you can hear a dripping sound as if from an underground lake.\r\rYou think you can see another exit further ahead...', 0, 'leftwall 3.9688,-3.3333,3969', NULL),
(1344, 1113, 59, 2811, 5, 3, 0, 0, NULL, 0, NULL, NULL),
(1345, 1113, 59, 2811, 4, 1, 0, 2, NULL, 0, NULL, NULL),
(1346, 1147, 59, 2811, 7, 11, 0, 0, NULL, 0, NULL, NULL),
(1347, 1142, 59, 2811, 5, 4, 0, 0, NULL, 0, NULL, NULL),
(1443, 1114, 59, 2811, 7, 3, 0, 6, NULL, 0, NULL, NULL),
(1457, 1142, 59, 2811, 4, 12, 0, 0, NULL, 0, NULL, NULL),
(1456, 1142, 59, 2811, 5, 12, 0, 0, NULL, 0, NULL, NULL),
(1900, 1147, 59, 2823, 7, 7, 0, 0, NULL, 0, NULL, NULL),
(1895, 1179, 59, 2823, 2, 8, 0, 2, 'FALSE', 1896, NULL, NULL),
(1896, 1179, 59, 2822, 7, 1, 0, 4, 'FALSE', 1895, NULL, NULL),
(1899, 1143, 59, 2823, 10, 1, 0, 0, NULL, 0, NULL, NULL),
(1901, 1147, 59, 2823, 6, 5, 0, 0, NULL, 0, NULL, NULL),
(1902, 1147, 59, 2823, 6, 7, 0, 0, NULL, 0, NULL, NULL),
(1444, 1114, 59, 2811, 4, 3, 0, 4, NULL, 0, NULL, NULL),
(1442, 1114, 59, 2811, 7, 6, 0, 4, NULL, 0, NULL, NULL),
(1890, 2360, 55, 2807, 0, 0, 0, 0, '9CFF9C [WoD] Hidden Caverns - Scene\r\rThe stagnant lake you smelt before seems to have transformed into a gleaming pool of crystalline water.\r\rIn the middle of this pool you can see a small island that seems to have a chalice of some sort on it. Interesting. if only you could make it there...\r', 0, 'leftwall 5.9375,1.8889,5938', NULL),
(1891, 1179, 55, 2809, 4, 7, 0, 0, 'FALSE', 1892, NULL, NULL),
(1892, 1179, 55, 2807, 1, 5, 0, 0, 'FALSE', 1891, NULL, NULL),
(1893, 1039, 55, 2807, 2, 5, 0.2, 0, NULL, 0, NULL, NULL),
(1894, 1039, 55, 2807, 5, 9, 0.2, 0, NULL, 0, NULL, NULL),
(1889, 2360, 55, 2807, 0, 0, 0, 0, '9CFF9C [WoD] Hidden Caverns - Scene\r\rStepping out of the gloom you find yourself in a brightly lit, but comparatively crowded, chamber.\r\rPlantlife flourishes and up ahead you can make out a strange glow coming from what looks like another crevice in the rocks.', 0, 'frontwall -3.2500,-3.6667,3250', NULL),
(1358, 1013, 55, 2810, 9, 13, 0, 0, NULL, 0, NULL, NULL),
(1357, 1013, 55, 2810, 4, 10, 0, 2, NULL, 0, NULL, NULL),
(1359, 1013, 55, 2810, 7, 13, 0, 0, NULL, 0, NULL, NULL),
(1360, 1013, 55, 2810, 5, 13, 0, 0, NULL, 0, NULL, NULL),
(1361, 1147, 55, 2810, 4, 8, 0, 0, NULL, 0, NULL, NULL),
(1362, 1147, 55, 2810, 4, 1, 0, 0, NULL, 0, NULL, NULL),
(1363, 1147, 55, 2810, 11, 1, 0, 0, NULL, 0, NULL, NULL),
(1364, 1147, 55, 2810, 11, 13, 0, 0, NULL, 0, NULL, NULL),
(1365, 1147, 55, 2810, 11, 8, 0, 0, NULL, 0, NULL, NULL),
(1366, 1145, 55, 2810, 6, 1, 0, 0, NULL, 0, NULL, NULL),
(1367, 1145, 55, 2810, 9, 1, 0, 0, NULL, 0, NULL, NULL),
(1368, 1145, 55, 2810, 9, 6, 0, 0, NULL, 0, NULL, NULL),
(1369, 1145, 55, 2810, 11, 6, 0, 0, NULL, 0, NULL, NULL),
(1370, 1142, 55, 2810, 9, 7, 0, 0, NULL, 0, NULL, NULL),
(1371, 1142, 55, 2810, 11, 12, 0, 0, NULL, 0, NULL, NULL),
(1372, 1142, 55, 2810, 5, 1, 0, 0, NULL, 0, NULL, NULL),
(1373, 1142, 55, 2810, 10, 1, 0, 0, NULL, 0, NULL, NULL),
(1375, 1147, 55, 2810, 4, 13, 0, 0, NULL, 0, NULL, NULL),
(1376, 1142, 55, 2810, 6, 7, 0, 0, NULL, 0, NULL, NULL),
(1377, 1142, 55, 2810, 4, 2, 0, 0, NULL, 0, NULL, NULL),
(1378, 1142, 55, 2810, 11, 9, 0, 0, NULL, 0, NULL, NULL),
(1379, 1142, 55, 2810, 11, 2, 0, 0, NULL, 0, NULL, NULL),
(1380, 1142, 55, 2810, 4, 7, 0, 0, NULL, 0, NULL, NULL),
(1381, 1145, 55, 2810, 11, 3, 0, 0, NULL, 0, NULL, NULL),
(1382, 1145, 55, 2810, 4, 3, 0, 0, NULL, 0, NULL, NULL),
(1383, 1145, 55, 2810, 5, 2, 0, 0, NULL, 0, NULL, NULL),
(1384, 1145, 55, 2810, 9, 8, 0, 0, NULL, 0, NULL, NULL),
(1385, 1177, 55, 2810, 7, 6, 0, 0, 'ON', 0, NULL, NULL),
(1386, 1177, 55, 2810, 11, 5, 0, 0, 'OFF', 0, NULL, NULL),
(1387, 1177, 55, 2810, 4, 4, 0, 0, 'ON', 0, NULL, NULL),
(1388, 1177, 55, 2810, 8, 6, 0, 0, 'ON', 0, NULL, NULL),
(1802, 1142, 59, 2814, 4, 8, 0, 0, NULL, 0, NULL, NULL),
(1389, 1013, 55, 2810, 7, 1, 0, 4, NULL, 0, NULL, NULL),
(1390, 1013, 55, 2810, 11, 10, 0, 6, NULL, 0, NULL, NULL),
(1391, 1142, 55, 2810, 11, 7, 0, 0, NULL, 0, NULL, NULL),
(1392, 1142, 55, 2810, 6, 5, 0, 0, NULL, 0, NULL, NULL),
(1408, 1151, 61, 0, 0, 0, 0, 0, NULL, NULL, NULL, NULL),
(1427, 1179, 55, 2810, 7, 7, 0, 4, 'FALSE', 1426, NULL, NULL),
(1397, 1142, 55, 2810, 4, 9, 0, 0, NULL, 0, NULL, NULL),
(1398, 1142, 55, 2810, 4, 12, 0, 0, NULL, 0, NULL, NULL),
(1400, 2407, 61, 0, 0, 0, 0, 0, '203', NULL, NULL, NULL),
(1399, 2408, 61, 0, 0, 0, 0, 0, '101', NULL, NULL, NULL),
(1426, 1179, 55, 2801, 4, 7, 0.2, 2, 'FALSE', 1427, NULL, NULL),
(1401, 1155, 61, 0, 0, 0, 0, 0, 'FALSE', NULL, NULL, NULL),
(1402, 1158, 61, 0, 0, 0, 0, 0, 'FALSE', NULL, NULL, NULL),
(1403, 1156, 61, 0, 0, 0, 0, 0, 'FALSE', NULL, NULL, NULL),
(1404, 1160, 61, 0, 0, 0, 0, 0, NULL, NULL, NULL, NULL),
(1405, 1160, 61, 0, 0, 0, 0, 0, NULL, NULL, NULL, NULL),
(1805, 1177, 59, 2814, 7, 2, 0, 0, 'ON', 0, NULL, NULL),
(1806, 1002, 59, 2814, 7, 1, 0, 0, NULL, 0, NULL, NULL),
(1807, 2360, 55, 2810, 0, 0, 0, 0, '9CFF9C [WoD] Lasombra Manor - Scene\r\rEntering the manor you first notice the vast gardens, a throwback to the Renaissance era in which this Manor was constructed.\r\rFurther into the house, you hear a pianist at work; a nod perhaps to the Toreador who resides here.', 0, 'leftwall 3.9688,-4.0000,3969', NULL),
(1795, 1011, 59, 2814, 9, 1, 4, 0, NULL, 0, NULL, NULL),
(1796, 1011, 59, 2814, 11, 1, 2, 0, NULL, 0, NULL, NULL),
(1797, 1011, 59, 2814, 10, 1, 2, 0, NULL, 0, NULL, NULL),
(1798, 1014, 59, 2814, 8, 12, 0, 0, NULL, 0, NULL, NULL),
(1799, 2410, 59, 2814, 8, 10, 0, 0, NULL, 0, NULL, NULL),
(1800, 2360, 55, 2810, 0, 0, 0, 0, '9CFF9C [WoD] Lasombra Manor - Scene\r\rLooming out of the green fields of the Sicilian countryside is a vast marblestone Manor. Lying half an hours travel out from the city of Messina, the Manor is currently occupied by the Lasombra Vampire Marco dLorenzi and the pack he travels with.', 0, 'leftwall 3.0000,-1.5556,3000', NULL),
(1801, 1154, 59, 2814, 10, 12, 0, 0, NULL, 0, NULL, NULL),
(1790, 1149, 59, 2814, 5, 6, 0, 2, NULL, 0, NULL, NULL),
(1791, 1105, 59, 2814, 9, 2, 2, 0, NULL, 0, NULL, NULL),
(1792, 1106, 59, 2814, 11, 2, 2, 0, NULL, 0, NULL, NULL),
(1811, 1114, 5, 2816, 5, 5, 6, 2, NULL, 0, NULL, NULL),
(1794, 1011, 59, 2814, 10, 1, 3, 0, NULL, 0, NULL, NULL),
(1413, 1044, 55, 2810, 9, 9, 0, 0, NULL, 0, NULL, NULL),
(1414, 1044, 55, 2810, 7, 9, 0, 0, NULL, 0, NULL, NULL),
(1415, 1044, 55, 2810, 5, 9, 0, 0, NULL, 0, NULL, NULL),
(1418, 1142, 55, 2810, 7, 5, 0, 0, NULL, 0, NULL, NULL),
(1419, 1145, 55, 2810, 6, 8, 0, 0, NULL, 0, NULL, NULL),
(1420, 1142, 55, 2810, 8, 5, 0, 0, NULL, 0, NULL, NULL),
(1421, 1145, 55, 2810, 6, 6, 0, 0, NULL, 0, NULL, NULL),
(1429, 1179, 55, 2810, 8, 7, 0, 4, 'FALSE', 1428, NULL, NULL),
(1428, 1179, 55, 2801, 4, 7, 0.2, 2, 'FALSE', 1429, NULL, NULL),
(1424, 1145, 55, 2810, 7, 4, 0, 0, NULL, 0, NULL, NULL),
(1425, 1145, 55, 2810, 8, 4, 0, 0, NULL, 0, NULL, NULL),
(1430, 1075, 5, 2780, 11, 5, 0, 0, NULL, 0, NULL, NULL),
(1431, 1018, 5, 2780, 10, 4, 0, 0, NULL, 0, NULL, NULL),
(1432, 1216, 55, 2802, 7, 1, 2, 0, NULL, 0, NULL, NULL),
(1433, 1215, 55, 2809, 8, 5, 2, 0, NULL, 0, NULL, NULL),
(1489, 1075, 5, 2780, 9, 5, 0, 0, NULL, 0, NULL, NULL),
(1437, 1018, 5, 2780, 11, 4, 0, 0, NULL, 0, NULL, NULL),
(1438, 1018, 5, 2780, 10, 5, 0, 0, NULL, 0, NULL, NULL),
(1439, 1217, 55, 2801, 8, 13, 2, 0, NULL, 0, NULL, NULL),
(1440, 1114, 59, 2811, 11, 6, 0, 0, NULL, 0, NULL, NULL),
(1441, 1113, 59, 2811, 7, 4, 0, 2, NULL, 0, NULL, NULL),
(1445, 2409, 59, 2811, 0, 0, 0, 0, '24', 0, 'leftwall 3.5000,-3.7222,3500', NULL),
(1446, 1147, 59, 2811, 5, 1, 0, 0, NULL, 0, NULL, NULL),
(1447, 1142, 59, 2811, 4, 10, 0, 0, NULL, 0, NULL, NULL),
(1448, 1142, 59, 2811, 10, 13, 0, 0, NULL, 0, NULL, NULL),
(1449, 1142, 59, 2811, 10, 1, 0, 0, NULL, 0, NULL, NULL),
(1450, 1142, 59, 2811, 8, 13, 0, 0, NULL, 0, NULL, NULL),
(1451, 1147, 59, 2811, 11, 13, 0, 0, NULL, 0, NULL, NULL),
(1452, 1147, 59, 2811, 11, 7, 0, 0, NULL, 0, NULL, NULL),
(1453, 1147, 59, 2811, 8, 11, 0, 0, NULL, 0, NULL, NULL),
(1454, 1147, 59, 2811, 4, 7, 0, 0, NULL, 0, NULL, NULL),
(1455, 1147, 59, 2811, 4, 4, 0, 0, NULL, 0, NULL, NULL),
(1458, 1142, 59, 2811, 7, 7, 0, 0, NULL, 0, NULL, NULL),
(1459, 1142, 59, 2811, 9, 10, 0, 0, NULL, 0, NULL, NULL),
(1460, 1142, 59, 2811, 4, 8, 0, 0, NULL, 0, NULL, NULL),
(1461, 1147, 59, 2811, 11, 8, 0, 0, NULL, 0, NULL, NULL),
(1462, 1147, 59, 2811, 4, 11, 0, 0, NULL, 0, NULL, NULL),
(1463, 1147, 59, 2811, 9, 8, 0, 0, NULL, 0, NULL, NULL),
(1464, 1014, 59, 2811, 6, 1, 0, 4, NULL, 0, NULL, NULL),
(1465, 1014, 59, 2811, 8, 4, 0, 2, NULL, 0, NULL, NULL),
(1467, 1014, 59, 2811, 8, 1, 0, 4, NULL, 0, NULL, NULL),
(1468, 1113, 59, 2811, 11, 4, 0, 2, NULL, 0, NULL, NULL),
(1469, 1113, 59, 2811, 11, 2, 0, 2, NULL, 0, NULL, NULL),
(1491, 1075, 59, 2811, 10, 4, 0, 0, NULL, 0, NULL, NULL),
(1471, 1113, 59, 2811, 8, 6, 0, 0, NULL, 0, NULL, NULL),
(1472, 1114, 59, 2811, 11, 1, 0, 6, NULL, 0, NULL, NULL),
(1473, 1145, 59, 2811, 4, 9, 0, 0, NULL, 0, NULL, NULL),
(1474, 1142, 59, 2811, 8, 6, 2, 0, NULL, 0, NULL, NULL),
(1475, 1147, 59, 2811, 7, 13, 0, 0, NULL, 0, NULL, NULL),
(1476, 1187, 59, 2811, 4, 3, 2, 0, 'ON', 0, NULL, NULL),
(1477, 1187, 59, 2811, 7, 6, 2, 0, 'ON', 0, NULL, NULL),
(1494, 1075, 59, 2811, 9, 5, 0, 0, NULL, 0, NULL, NULL),
(1496, 1075, 59, 2811, 7, 2, 0, 0, NULL, 0, NULL, NULL),
(1492, 1075, 59, 2811, 10, 2, 0, 0, NULL, 0, NULL, NULL),
(1484, 1217, 59, 2811, 6, 4, 0, 0, NULL, 0, NULL, NULL),
(1485, 1217, 59, 2811, 9, 6, 2, 0, NULL, 0, NULL, NULL),
(1499, 1075, 59, 2811, 9, 3, 0, 0, NULL, 0, NULL, NULL),
(1498, 1075, 59, 2811, 9, 4, 0, 0, NULL, 0, NULL, NULL),
(1497, 1075, 59, 2811, 6, 2, 0, 0, NULL, 0, NULL, NULL),
(1495, 1075, 59, 2811, 8, 2, 0, 0, NULL, 0, NULL, NULL),
(1500, 1075, 59, 2811, 9, 2, 0, 0, NULL, 0, NULL, NULL),
(1501, 1229, 55, 2810, 8, 2, 0, 0, NULL, 0, NULL, NULL),
(1502, 1075, 59, 2811, 10, 3, 0, 0, NULL, 0, NULL, NULL),
(1503, 2409, 59, 2811, 0, 0, 0, 0, '9', 0, 'frontwall -10.7188,-15.1667,10719', NULL),
(1504, 1106, 59, 2813, 7, 6, 2, 0, NULL, 0, NULL, NULL),
(1505, 2360, 59, 0, 0, 0, 0, 0, '14', 0, NULL, NULL),
(1506, 1018, 5, 2780, 9, 4, 0, 0, NULL, 0, NULL, NULL),
(1510, 1014, 59, 2813, 8, 1, 0, 4, NULL, 0, NULL, NULL),
(1511, 1014, 59, 2813, 10, 1, 0, 4, NULL, 0, NULL, NULL),
(1512, 1014, 59, 2813, 6, 1, 0, 4, NULL, 0, NULL, NULL),
(1513, 1113, 59, 2813, 7, 6, 0, 0, NULL, 0, NULL, NULL),
(1514, 1113, 59, 2813, 5, 6, 0, 0, NULL, 0, NULL, NULL),
(1515, 1113, 59, 2813, 11, 7, 0, 2, NULL, 0, NULL, NULL),
(1804, 1147, 59, 2814, 5, 12, 0, 0, NULL, 0, NULL, NULL),
(1517, 1114, 59, 2813, 2, 6, 0, 4, NULL, 0, NULL, NULL),
(1518, 1114, 59, 2813, 11, 6, 0, 2, NULL, 0, NULL, NULL),
(1519, 1114, 59, 2813, 9, 6, 0, 6, NULL, 0, NULL, NULL),
(1520, 1110, 59, 2811, 8, 3, 0, 0, 'FALSE', 0, NULL, NULL),
(1521, 1113, 59, 2813, 3, 6, 0, 0, NULL, 0, NULL, NULL),
(1522, 1113, 59, 2813, 11, 9, 0, 2, NULL, 0, NULL, NULL),
(1523, 1002, 59, 2813, 1, 5, 0, 0, NULL, 0, NULL, NULL),
(1524, 1002, 59, 2813, 3, 5, 0, 0, NULL, 0, NULL, NULL),
(1584, 2409, 64, 2815, 0, 0, 0, 0, '19', 0, 'leftwall 7.8125,1.3333,7813', NULL),
(1526, 1114, 59, 2813, 5, 3, 0, 6, NULL, 0, NULL, NULL),
(1527, 1110, 59, 2813, 5, 5, 0, 0, 'FALSE', 0, NULL, NULL),
(1528, 1075, 59, 2813, 6, 2, 0, 0, NULL, 0, NULL, NULL),
(1529, 1075, 59, 2813, 9, 5, 0, 0, NULL, 0, NULL, NULL),
(1530, 1075, 59, 2813, 8, 5, 0, 0, NULL, 0, NULL, NULL),
(1531, 1075, 59, 2813, 9, 3, 0, 0, NULL, 0, NULL, NULL),
(1532, 1075, 59, 2813, 6, 3, 0, 0, NULL, 0, NULL, NULL),
(1533, 1075, 59, 2813, 6, 4, 0, 0, NULL, 0, NULL, NULL),
(1573, 1142, 59, 2813, 10, 4, 0, 0, NULL, 0, NULL, NULL),
(1535, 1075, 59, 2813, 10, 3, 0, 0, NULL, 0, NULL, NULL),
(1536, 1075, 59, 2813, 8, 3, 0, 0, NULL, 0, NULL, NULL),
(1537, 1075, 59, 2813, 11, 3, 0, 0, NULL, 0, NULL, NULL),
(1538, 1075, 59, 2813, 11, 2, 0, 0, NULL, 0, NULL, NULL),
(1539, 1103, 59, 2813, 7, 6, 0, 0, NULL, 0, NULL, NULL),
(1540, 1103, 59, 2813, 1, 6, 0, 0, NULL, 0, NULL, NULL),
(1541, 1103, 59, 2813, 4, 6, 0, 0, NULL, 0, NULL, NULL),
(1574, 1187, 59, 2813, 11, 6, 2, 0, 'ON', 0, NULL, NULL),
(1543, 1075, 59, 2813, 10, 5, 0, 0, NULL, 0, NULL, NULL),
(1544, 1075, 59, 2813, 11, 4, 0, 0, NULL, 0, NULL, NULL),
(1571, 1147, 59, 2813, 7, 5, 0, 0, NULL, 0, NULL, NULL),
(1546, 1075, 59, 2813, 7, 2, 0, 0, NULL, 0, NULL, NULL),
(1547, 1075, 59, 2813, 8, 2, 0, 0, NULL, 0, NULL, NULL),
(1548, 1075, 59, 2813, 6, 5, 0, 0, NULL, 0, NULL, NULL),
(1549, 1075, 59, 2813, 9, 2, 0, 0, NULL, 0, NULL, NULL),
(1550, 1075, 59, 2813, 10, 2, 0, 0, NULL, 0, NULL, NULL),
(1572, 1142, 59, 2813, 7, 3, 0, 0, NULL, 0, NULL, NULL),
(1551, 1103, 59, 2813, 9, 6, 0, 0, NULL, 0, NULL, NULL),
(1570, 1147, 59, 2813, 11, 5, 0, 0, NULL, 0, NULL, NULL),
(1552, 1018, 59, 2813, 7, 9, 0, 0, NULL, 0, NULL, NULL),
(1553, 1018, 59, 2813, 9, 9, 0, 0, NULL, 0, NULL, NULL),
(1554, 1018, 59, 2813, 1, 9, 0, 0, NULL, 0, NULL, NULL),
(1555, 1018, 59, 2813, 3, 8, 0, 0, NULL, 0, NULL, NULL),
(1556, 1018, 59, 2813, 1, 8, 0, 0, NULL, 0, NULL, NULL),
(1557, 1018, 59, 2813, 5, 8, 0, 0, NULL, 0, NULL, NULL),
(1558, 1018, 59, 2813, 5, 9, 0, 0, NULL, 0, NULL, NULL),
(1559, 1018, 59, 2813, 7, 8, 0, 0, NULL, 0, NULL, NULL),
(1560, 1018, 59, 2813, 9, 8, 0, 0, NULL, 0, NULL, NULL),
(1561, 1018, 59, 2813, 3, 9, 0, 0, NULL, 0, NULL, NULL),
(1562, 1075, 59, 2813, 9, 4, 0, 0, NULL, 0, NULL, NULL),
(1563, 1075, 59, 2813, 8, 4, 0, 0, NULL, 0, NULL, NULL),
(1564, 1075, 59, 2813, 7, 4, 0, 0, NULL, 0, NULL, NULL),
(1575, 1187, 59, 2813, 9, 6, 2, 0, 'ON', 0, NULL, NULL),
(1579, 1180, 51, 0, 0, 0, 0, 0, 'FALSE', 1580, NULL, NULL),
(1568, 1147, 59, 2813, 5, 1, 0, 0, NULL, 0, NULL, NULL),
(1569, 1142, 59, 2813, 5, 2, 0, 0, NULL, 0, NULL, NULL),
(1576, 1187, 59, 2813, 2, 6, 2, 0, 'ON', 0, NULL, NULL),
(1720, 1126, 5, 2816, 5, 7, 6, 0, 'ON', 0, NULL, NULL),
(1580, 1180, 51, 0, 0, 0, 0, 0, 'FALSE', NULL, NULL, NULL),
(1583, 1075, 64, 2815, 1, 5, 0, 0, NULL, 0, NULL, NULL),
(1585, 1029, 64, 2815, 1, 8, 0, 2, NULL, 0, NULL, NULL),
(1586, 2409, 64, 2815, 0, 0, 0, 0, '9', 0, 'leftwall 5.5000,1.7778,7001', NULL),
(1587, 1007, 64, 2815, 10, 9, 0, 0, NULL, 0, NULL, NULL),
(1588, 1012, 64, 2815, 9, 10, 0, 2, NULL, 0, NULL, NULL),
(1589, 1012, 64, 2815, 11, 8, 0, 4, NULL, 0, NULL, NULL),
(1590, 1040, 64, 2815, 3, 5, 0, 0, 'ON', 0, NULL, NULL),
(1591, 1003, 64, 2815, 10, 1, 0, 0, NULL, 0, NULL, NULL),
(1592, 1178, 64, 2815, 5, 3, 0, 2, 'FALSE', 0, NULL, NULL),
(1593, 1164, 64, 2815, 5, 1, 0, 0, NULL, 0, NULL, NULL),
(1594, 1157, 64, 2815, 5, 4, 0, 2, 'FALSE', 0, NULL, NULL),
(1595, 1149, 64, 2815, 5, 6, 0, 2, NULL, 0, NULL, NULL),
(3537, 2360, 64, 2815, 0, 0, 0, 0, 'FFFF31 The Code of Milan\r\rXVI. All Sabbat shall act against Sect members who use the powers and authority the Sabbat has given them for personal gain at the expense of the Sabbat. Action shall be taken only through accepted means, approved by a quorum of the Inner Circle.', 0, 'frontwall -6.3125,-7.5000,6313', NULL),
(1597, 1145, 64, 2815, 11, 10, 2, 0, NULL, 0, NULL, NULL),
(1598, 1105, 64, 2815, 8, 4, 0, 0, NULL, 0, NULL, NULL),
(1599, 1106, 64, 2815, 5, 2, 0, 0, NULL, 0, NULL, NULL),
(1600, 1106, 64, 2815, 5, 1, 0, 0, NULL, 0, NULL, NULL),
(1601, 1126, 64, 2815, 8, 1, 2, 4, 'ON', 0, NULL, NULL),
(1602, 1038, 64, 2815, 8, 1, 0, 0, NULL, 0, NULL, NULL),
(1603, 1112, 64, 2815, 6, 7, 0, 0, '0', 0, NULL, NULL),
(1604, 1112, 64, 2815, 6, 2, 0, 0, '0', 0, NULL, NULL),
(1605, 1112, 64, 2815, 10, 4, 0, 0, '3', 0, NULL, NULL),
(1606, 2360, 64, 2815, 0, 0, 0, 0, '9CCEFF IC Information:\r\rThe furniture included in this room is actually here In Character. Hidden underneath the bed is a loaded AK-47 assault rifle and a spare magazine. Behind the small collection of books in the bookcase is a semi-automatic pistol and a spare magazine.\r', 0, 'leftwall 3.8750,3.7222,7001', NULL),
(1607, 2360, 64, 2815, 0, 0, 0, 0, '9CCEFF IC Information:\r\rThe fridge contains several bottles of blood and nothing else. The fire is an ordinary electric fire, not an artificial one the way Habbo makes it out to be. The map is a map of wherever WoD RP is current set. The bottles littering the room can be used as weapons.\r', 0, 'leftwall 3.5000,3.7222,7001', NULL),
(1608, 1160, 5, 2780, 7, 7, 0, 0, NULL, 0, NULL, NULL),
(1609, 1163, 5, 2780, 5, 11, 0, 0, NULL, 0, NULL, NULL),
(1610, 1164, 5, 2780, 4, 8, 0, 0, NULL, 0, NULL, NULL),
(1611, 1160, 5, 2780, 8, 9, 0, 0, NULL, 0, NULL, NULL),
(1612, 2620, 5, 2780, 4, 8, 0, 0, NULL, 0, NULL, NULL),
(1613, 2620, 5, 2780, 7, 8, 0, 0, NULL, 0, NULL, NULL),
(1614, 1156, 65, 0, 0, 0, 0, 0, 'FALSE', NULL, NULL, NULL),
(1615, 1159, 65, 0, 0, 0, 0, 0, NULL, NULL, NULL, NULL),
(1616, 1158, 65, 0, 0, 0, 0, 0, 'FALSE', NULL, NULL, NULL),
(1617, 1157, 65, 0, 0, 0, 0, 0, 'FALSE', NULL, NULL, NULL),
(1618, 1155, 65, 0, 0, 0, 0, 0, 'FALSE', NULL, NULL, NULL),
(1619, 2360, 65, 0, 0, 0, 0, 0, '20', NULL, NULL, NULL),
(1620, 1112, 65, 0, 0, 0, 0, 0, 'FALSE', NULL, NULL, NULL),
(1621, 1106, 65, 0, 0, 0, 0, 0, NULL, NULL, NULL, NULL),
(1622, 1105, 65, 0, 0, 0, 0, 0, NULL, NULL, NULL, NULL),
(1623, 1110, 65, 0, 0, 0, 0, 0, 'FALSE', NULL, NULL, NULL),
(1624, 1114, 65, 0, 0, 0, 0, 0, NULL, NULL, NULL, NULL),
(1625, 1114, 65, 0, 0, 0, 0, 0, NULL, NULL, NULL, NULL),
(1626, 1114, 65, 0, 0, 0, 0, 0, NULL, NULL, NULL, NULL),
(1627, 1113, 65, 0, 0, 0, 0, 0, NULL, NULL, NULL, NULL),
(1628, 1113, 65, 0, 0, 0, 0, 0, NULL, NULL, NULL, NULL),
(1629, 1113, 65, 0, 0, 0, 0, 0, NULL, NULL, NULL, NULL),
(1630, 1113, 65, 0, 0, 0, 0, 0, NULL, NULL, NULL, NULL),
(1631, 1113, 65, 0, 0, 0, 0, 0, NULL, NULL, NULL, NULL),
(1632, 1126, 5, 2816, 5, 10, 1.5, 0, 'ON', 0, NULL, NULL),
(1633, 1126, 5, 2816, 5, 10, 3, 0, 'ON', 0, NULL, NULL),
(1634, 1126, 5, 2816, 5, 10, 0, 0, 'ON', 0, NULL, NULL),
(1646, 1126, 5, 2816, 5, 9, 1.5, 0, 'ON', 0, NULL, NULL),
(1637, 1126, 5, 2816, 5, 10, 4.5, 0, 'ON', 0, NULL, NULL),
(1638, 1126, 5, 2816, 5, 10, 6, 0, 'ON', 0, NULL, NULL),
(1639, 1126, 5, 2816, 5, 9, 0, 0, 'ON', 0, NULL, NULL),
(1682, 1126, 5, 2816, 5, 6, 4.8, 0, 'ON', 0, NULL, NULL),
(1681, 1126, 5, 2816, 5, 6, 3.2, 0, 'ON', 0, NULL, NULL),
(1680, 1126, 5, 2816, 5, 6, 1.6, 0, 'ON', 0, NULL, NULL),
(1679, 1126, 5, 2816, 5, 6, 6.4, 0, 'ON', 0, NULL, NULL),
(1683, 1126, 5, 2816, 5, 8, 4.8, 0, 'ON', 0, NULL, NULL),
(1705, 1126, 5, 2816, 7, 5, 3.2, 4, 'ON', 0, NULL, NULL),
(1702, 1126, 5, 2816, 6, 5, 6.4, 4, 'ON', 0, NULL, NULL),
(1703, 1126, 5, 2816, 7, 5, 0, 4, 'ON', 0, NULL, NULL),
(1700, 1126, 5, 2816, 6, 5, 4.8, 4, 'ON', 0, NULL, NULL),
(1699, 1126, 5, 2816, 8, 5, 0, 4, 'ON', 0, NULL, NULL),
(1698, 1126, 5, 2816, 6, 5, 1.6, 4, 'ON', 0, NULL, NULL),
(1697, 1126, 5, 2816, 6, 5, 0, 4, 'ON', 0, NULL, NULL),
(1696, 1126, 5, 2816, 8, 5, 1.6, 4, 'ON', 0, NULL, NULL),
(1695, 1126, 5, 2816, 8, 5, 3.2, 4, 'ON', 0, NULL, NULL),
(1694, 1126, 5, 2816, 8, 5, 4.8, 4, 'ON', 0, NULL, NULL),
(1692, 1126, 5, 2816, 9, 5, 0, 4, 'ON', 0, NULL, NULL),
(1693, 1126, 5, 2816, 8, 5, 6.4, 4, 'ON', 0, NULL, NULL),
(1708, 1126, 5, 2816, 10, 5, 6.4, 4, 'ON', 0, NULL, NULL),
(1704, 1126, 5, 2816, 7, 5, 1.6, 4, 'ON', 0, NULL, NULL),
(1691, 1126, 5, 2816, 5, 8, 3.2, 0, 'ON', 0, NULL, NULL),
(1690, 1126, 5, 2816, 5, 8, 1.6, 0, 'ON', 0, NULL, NULL),
(1706, 1126, 5, 2816, 7, 5, 4.8, 4, 'ON', 0, NULL, NULL),
(1689, 1126, 5, 2816, 5, 8, 0, 0, 'ON', 0, NULL, NULL),
(1688, 1126, 5, 2816, 5, 9, 6.2, 0, 'ON', 0, NULL, NULL),
(1687, 1126, 5, 2816, 5, 9, 4.6, 0, 'ON', 0, NULL, NULL),
(1686, 1126, 5, 2816, 5, 9, 3, 0, 'ON', 0, NULL, NULL),
(1685, 1126, 5, 2816, 5, 6, 0, 0, 'ON', 0, NULL, NULL),
(1684, 1126, 5, 2816, 5, 8, 6.4, 0, 'ON', 0, NULL, NULL),
(1701, 1126, 5, 2816, 6, 5, 3.2, 4, 'ON', 0, NULL, NULL),
(1707, 1126, 5, 2816, 7, 5, 6.4, 4, 'ON', 0, NULL, NULL),
(1709, 1126, 5, 2780, 6, 4, 0, 0, 'FALSE', 0, NULL, NULL),
(1710, 1126, 5, 2780, 9, 7, 0, 0, 'FALSE', 0, NULL, NULL),
(1711, 1126, 5, 2816, 10, 5, 3.2, 4, 'ON', 0, NULL, NULL),
(1712, 1126, 5, 2816, 10, 5, 4.8, 4, 'ON', 0, NULL, NULL),
(1713, 1126, 5, 2816, 10, 5, 1.6, 4, 'ON', 0, NULL, NULL),
(1714, 1126, 5, 2816, 9, 5, 1.6, 4, 'ON', 0, NULL, NULL),
(1715, 1126, 5, 2816, 9, 5, 3.2, 4, 'ON', 0, NULL, NULL),
(1716, 1126, 5, 2816, 9, 5, 4.8, 4, 'ON', 0, NULL, NULL),
(1717, 1126, 5, 2816, 9, 5, 6.4, 4, 'ON', 0, NULL, NULL),
(1718, 1126, 5, 2816, 10, 5, 0, 4, 'ON', 0, NULL, NULL),
(1719, 1019, 5, 2816, 8, 8, 0, 6, NULL, 0, NULL, NULL),
(1721, 1126, 5, 2780, 8, 10, 0, 0, 'FALSE', 0, NULL, NULL),
(1722, 1126, 5, 2816, 5, 7, 4.5, 0, 'ON', 0, NULL, NULL),
(1723, 1126, 5, 2816, 5, 7, 0, 0, 'ON', 0, NULL, NULL),
(1724, 1126, 5, 2816, 5, 7, 1.5, 0, 'ON', 0, NULL, NULL),
(1725, 1126, 5, 2816, 5, 7, 3, 2, 'ON', 0, NULL, NULL),
(1726, 1179, 5, 2780, 4, 7, 0, 2, 'FALSE', 1727, NULL, NULL),
(1727, 1179, 5, 2816, 7, 8, 20, 0, 'FALSE', 1726, NULL, NULL),
(1728, 1179, 59, 2813, 5, 4, 0, 0, 'FALSE', 1729, NULL, NULL),
(1729, 1179, 59, 2811, 5, 2, 0, 2, 'FALSE', 1728, NULL, NULL),
(1732, 1151, 69, 2818, 7, 6, 0, 0, NULL, 0, NULL, NULL),
(1733, 1156, 69, 2818, 11, 1, 0, 0, 'OFF', 0, NULL, NULL),
(1734, 1117, 68, 0, 0, 0, 0, 0, NULL, NULL, NULL, NULL),
(1735, 1117, 68, 0, 0, 0, 0, 0, NULL, NULL, NULL, NULL),
(1741, 2550, 70, 2821, 7, 2, 0, 4, NULL, 0, NULL, NULL),
(1738, 1117, 68, 0, 0, 0, 0, 0, NULL, NULL, NULL, NULL),
(1742, 2360, 70, 0, 0, 0, 0, 0, '17', 0, NULL, NULL),
(1743, 1117, 59, 2814, 9, 2, 0, 2, NULL, 0, NULL, NULL),
(1744, 1117, 59, 2814, 4, 2, 0, 2, NULL, 0, NULL, NULL),
(1745, 2360, 70, 2821, 0, 0, 0, 0, 'FFFF31 df\r', 0, 'frontwall -11.0625,-16.7222,11063', NULL),
(1746, 1118, 59, 2814, 10, 3, 0, 0, NULL, 0, NULL, NULL),
(1747, 1118, 59, 2814, 6, 3, 0, 0, NULL, 0, NULL, NULL),
(1748, 1105, 70, 2821, 4, 3, 0, 0, NULL, 0, NULL, NULL),
(1749, 1118, 59, 2814, 11, 3, 0, 0, NULL, 0, NULL, NULL),
(1750, 1118, 59, 2814, 9, 3, 0, 0, NULL, 0, NULL, NULL),
(1751, 1118, 59, 2814, 4, 3, 0, 0, NULL, 0, NULL, NULL),
(1752, 2409, 70, 2821, 0, 0, 0, 0, '9', 0, 'leftwall 4.5000,-3.7778,4563', NULL),
(1753, 1118, 59, 2814, 5, 3, 0, 0, NULL, 0, NULL, NULL),
(1754, 1014, 59, 2814, 5, 10, 0, 2, NULL, 0, NULL, NULL),
(1755, 1014, 59, 2814, 6, 12, 0, 0, NULL, 0, NULL, NULL),
(1756, 2410, 59, 2814, 6, 10, 0, 0, NULL, 0, NULL, NULL),
(1757, 1014, 59, 2814, 10, 10, 0, 6, NULL, 0, NULL, NULL),
(1758, 1001, 59, 2814, 5, 1, 0, 4, NULL, 0, NULL, NULL),
(1759, 1001, 59, 2814, 4, 1, 0, 4, NULL, 0, NULL, NULL),
(1846, 1147, 59, 2822, 5, 5, 0, 0, NULL, 0, NULL, NULL),
(3744, 1044, 59, 2869, 9, 9, 0, 0, NULL, 0, NULL, NULL),
(1762, 1001, 59, 2814, 6, 1, 0, 4, NULL, 0, NULL, NULL),
(1765, 1011, 59, 2814, 9, 1, 3, 0, NULL, 0, NULL, NULL),
(1766, 1011, 59, 2814, 10, 1, 1, 0, NULL, 0, NULL, NULL),
(1767, 1011, 59, 2814, 9, 1, 1, 0, NULL, 0, NULL, NULL),
(1768, 1011, 59, 2814, 9, 1, 0, 0, NULL, 0, NULL, NULL),
(1769, 1011, 59, 2814, 10, 1, 0, 0, NULL, 0, NULL, NULL),
(1770, 1011, 59, 2814, 11, 1, 1, 0, NULL, 0, NULL, NULL),
(1771, 1011, 59, 2814, 11, 1, 0, 0, NULL, 0, NULL, NULL),
(1772, 1011, 59, 2814, 9, 1, 2, 0, NULL, 0, NULL, NULL),
(1773, 1178, 71, 0, 0, 0, 0, 0, 'FALSE', NULL, NULL, NULL),
(1774, 1149, 59, 2814, 6, 5, 0, 2, NULL, 0, NULL, NULL),
(1775, 2409, 59, 2814, 0, 0, 0, 0, '20', 0, 'leftwall -1.3750,-3.6667,1375', NULL),
(1776, 1179, 71, 0, 0, 0, 0, 0, 'FALSE', 1777, NULL, NULL),
(1777, 1179, 71, 0, 0, 0, 0, 0, 'FALSE', NULL, NULL, NULL),
(1778, 2409, 59, 2814, 0, 0, 0, 0, '24', 0, 'leftwall 2.4063,-3.3333,10001', NULL),
(1779, 2409, 59, 2814, 0, 0, 0, 0, '24', 0, 'leftwall 7.8750,-5.0556,7875', NULL),
(1780, 2547, 71, 0, 0, 0, 0, 0, NULL, NULL, NULL, NULL),
(1783, 2602, 71, 0, 0, 0, 0, 0, NULL, NULL, NULL, NULL),
(1784, 2600, 71, 0, 0, 0, 0, 0, NULL, NULL, NULL, NULL),
(1785, 2600, 71, 0, 0, 0, 0, 0, NULL, NULL, NULL, NULL),
(1786, 2601, 71, 0, 0, 0, 0, 0, NULL, NULL, NULL, NULL),
(1787, 2603, 71, 0, 0, 0, 0, 0, NULL, NULL, NULL, NULL),
(1788, 2604, 71, 0, 0, 0, 0, 0, NULL, NULL, NULL, NULL),
(1789, 2592, 71, 0, 0, 0, 0, 0, NULL, NULL, NULL, NULL),
(1803, 1142, 59, 2814, 11, 1, 3, 0, NULL, 0, NULL, NULL),
(1808, 2360, 55, 2810, 0, 0, 0, 0, '9CFF9C [WoD] Lasombra Manor - Scene\r\rIn the center of the vast entrance hall, a grand stairway leads up to the Grand Hallway of the Manor House.\r\rMoving up these stairs the sound of the pianist fades as you enter the upper level of the Manor.', 0, 'leftwall 7.2500,-2.2222,7250', NULL),
(1847, 1147, 59, 2822, 11, 6, 0, 0, NULL, 0, NULL, NULL),
(1848, 1147, 59, 2822, 9, 10, 0, 0, NULL, 0, NULL, NULL),
(1849, 1147, 59, 2822, 11, 8, 0, 0, NULL, 0, NULL, NULL),
(1850, 1147, 59, 2822, 5, 8, 0, 0, NULL, 0, NULL, NULL),
(1851, 1147, 59, 2822, 7, 6, 0, 0, NULL, 0, NULL, NULL),
(1852, 1147, 59, 2822, 7, 10, 0, 0, NULL, 0, NULL, NULL),
(1853, 1145, 59, 2822, 9, 1, 0, 0, NULL, 0, NULL, NULL),
(1854, 1145, 59, 2822, 4, 3, 0, 0, NULL, 0, NULL, NULL),
(1855, 1145, 59, 2822, 4, 4, 0, 0, NULL, 0, NULL, NULL),
(1856, 1145, 59, 2822, 11, 1, 0, 0, NULL, 0, NULL, NULL),
(1857, 1145, 59, 2822, 10, 6, 0, 0, NULL, 0, NULL, NULL),
(1858, 1145, 59, 2822, 8, 13, 0, 0, NULL, 0, NULL, NULL),
(1859, 1145, 59, 2822, 7, 11, 0, 0, NULL, 0, NULL, NULL),
(1860, 2360, 55, 2802, 0, 0, 0, 0, 'FF9CFF [WoD] The Chapel - Scene\r\rEntering the Chapel you hear a haunting music playing faintly. The room is silent other than this and you pass several others paying their respects.\r\rOn an alter in the center of the room is a silver chalice filled with Blood.\r', 0, 'leftwall -1.4688,-2.0556,1469', NULL),
(1861, 1017, 71, 0, 0, 0, 0, 0, NULL, NULL, NULL, NULL),
(1862, 1018, 71, 0, 0, 0, 0, 0, NULL, NULL, NULL, NULL),
(1863, 1075, 71, 0, 0, 0, 0, 0, NULL, NULL, NULL, NULL),
(1864, 2360, 71, 0, 0, 0, 0, 0, '20', NULL, NULL, NULL),
(1865, 1112, 71, 0, 0, 0, 0, 0, 'FALSE', NULL, NULL, NULL),
(1866, 1127, 71, 0, 0, 0, 0, 0, 'FALSE', NULL, NULL, NULL),
(1867, 1126, 71, 0, 0, 0, 0, 0, 'FALSE', NULL, NULL, NULL),
(1868, 1105, 71, 0, 0, 0, 0, 0, NULL, NULL, NULL, NULL),
(1869, 1147, 59, 2822, 5, 11, 0, 0, NULL, 0, NULL, NULL),
(1870, 1147, 59, 2822, 8, 12, 0, 0, NULL, 0, NULL, NULL),
(1871, 1147, 59, 2822, 10, 13, 0, 0, NULL, 0, NULL, NULL),
(1872, 1147, 59, 2822, 4, 1, 0, 0, NULL, 0, NULL, NULL),
(1873, 1147, 59, 2822, 5, 13, 0, 0, NULL, 0, NULL, NULL),
(1874, 1147, 59, 2822, 6, 10, 0, 0, NULL, 0, NULL, NULL),
(1875, 1147, 59, 2822, 6, 8, 0, 0, NULL, 0, NULL, NULL),
(1876, 1142, 59, 2822, 11, 3, 0, 0, NULL, 0, NULL, NULL),
(1877, 1142, 59, 2822, 4, 13, 0, 0, NULL, 0, NULL, NULL),
(1878, 1142, 59, 2822, 9, 13, 0, 0, NULL, 0, NULL, NULL),
(1879, 1142, 59, 2822, 8, 7, 0, 0, NULL, 0, NULL, NULL),
(1880, 2360, 55, 2803, 0, 0, 0, 0, 'FF9CFF [WoD] Torture Chamber - Scene\r\rThe thinly veiled Laboratory is remarkably clean and has a citrus-esque smell to the air. A keen nose might catch the smell of blood in the air however.\r\rAround the room various utensils are left, but these are more for show than anything else.', 0, 'frontwall -8.0000,-8.8333,8000', NULL),
(1882, 1106, 71, 0, 0, 0, 0, 0, NULL, NULL, NULL, NULL),
(1883, 1142, 59, 2822, 4, 2, 0, 0, NULL, 0, NULL, NULL),
(2789, 2413, 59, 2847, 10, 12, 0, 0, NULL, 0, NULL, NULL),
(1886, 1179, 59, 2811, 4, 13, 0, 2, 'FALSE', 1887, NULL, NULL),
(1887, 1179, 59, 2822, 9, 9, 0, 2, 'FALSE', 1886, NULL, NULL),
(1916, 1147, 59, 2823, 10, 8, 0, 0, NULL, 0, NULL, NULL),
(1917, 1147, 59, 2823, 1, 9, 0, 0, NULL, 0, NULL, NULL),
(1918, 1147, 59, 2823, 6, 1, 0, 0, NULL, 0, NULL, NULL),
(1919, 1147, 59, 2823, 9, 9, 0, 0, NULL, 0, NULL, NULL),
(1920, 1147, 59, 2823, 5, 4, 0, 0, NULL, 0, NULL, NULL),
(1921, 1142, 59, 2823, 5, 1, 0, 0, NULL, 0, NULL, NULL),
(1922, 1142, 59, 2823, 2, 6, 0, 0, NULL, 0, NULL, NULL),
(1923, 1142, 59, 2823, 5, 5, 0, 0, NULL, 0, NULL, NULL),
(1924, 1142, 59, 2823, 8, 3, 0, 0, NULL, 0, NULL, NULL),
(1925, 1142, 59, 2823, 9, 5, 0, 0, NULL, 0, NULL, NULL),
(1926, 1142, 59, 2823, 10, 3, 0, 0, NULL, 0, NULL, NULL),
(1927, 1142, 59, 2823, 9, 8, 0, 0, NULL, 0, NULL, NULL),
(1928, 1154, 55, 2807, 3, 6, 0, 0, NULL, 0, NULL, NULL),
(1929, 1142, 59, 2823, 5, 9, 0, 0, NULL, 0, NULL, NULL),
(1930, 1142, 59, 2823, 1, 10, 0, 0, NULL, 0, NULL, NULL),
(1931, 1142, 59, 2823, 1, 8, 0, 0, NULL, 0, NULL, NULL),
(1932, 1142, 59, 2823, 8, 9, 0, 0, NULL, 0, NULL, NULL),
(1933, 1142, 59, 2823, 3, 10, 0, 0, NULL, 0, NULL, NULL),
(1934, 1142, 59, 2823, 4, 5, 0, 0, NULL, 0, NULL, NULL),
(1935, 1142, 59, 2823, 11, 7, 0, 0, NULL, 0, NULL, NULL),
(1936, 1142, 59, 2823, 9, 1, 0, 0, NULL, 0, NULL, NULL),
(1937, 1142, 59, 2823, 8, 1, 0, 0, NULL, 0, NULL, NULL),
(1938, 1142, 59, 2823, 7, 1, 0, 0, NULL, 0, NULL, NULL),
(1939, 1142, 59, 2823, 11, 4, 0, 0, NULL, 0, NULL, NULL),
(1940, 1142, 59, 2823, 5, 3, 0, 0, NULL, 0, NULL, NULL),
(1947, 1103, 59, 2825, 8, 10, 0, 0, NULL, 0, NULL, NULL),
(2215, 1179, 55, 2827, 10, 2, 0, 4, 'FALSE', 2214, NULL, NULL),
(1949, 1103, 59, 2825, 8, 1, 0, 0, NULL, 0, NULL, NULL),
(1952, 1103, 59, 2825, 8, 6, 0, 0, NULL, 0, NULL, NULL),
(1967, 1113, 59, 2825, 5, 12, 0, 0, NULL, 0, NULL, NULL),
(1953, 1113, 59, 2825, 5, 3, 2, 0, NULL, 0, NULL, NULL),
(1954, 1113, 59, 2825, 5, 4, 0, 0, NULL, 0, NULL, NULL),
(1955, 1113, 59, 2825, 6, 5, 0, 2, NULL, 0, NULL, NULL);
INSERT INTO `items` (`id`, `definitionid`, `ownerid`, `spaceid`, `x`, `y`, `z`, `rotation`, `customdata`, `teleporterid`, `wallposition`, `itemdata`) VALUES
(1956, 1113, 59, 2825, 5, 1, 0, 0, NULL, 0, NULL, NULL),
(1957, 1113, 59, 2837, 5, 2, 0, 0, NULL, 0, NULL, NULL),
(1958, 1113, 59, 2825, 6, 7, 0, 2, NULL, 0, NULL, NULL),
(1959, 1113, 59, 2825, 5, 3, 0, 0, NULL, 0, NULL, NULL),
(1960, 1179, 55, 2826, 0, 5, 0, 2, 'FALSE', 1961, NULL, NULL),
(1961, 1179, 55, 2810, 3, 5, 0, 2, 'FALSE', 1960, NULL, NULL),
(1962, 1113, 59, 2825, 5, 14, 0, 0, NULL, 0, NULL, NULL),
(1963, 1113, 59, 2825, 5, 1, 2, 0, NULL, 0, NULL, NULL),
(1964, 1113, 59, 2837, 6, 8, 0, 0, NULL, 0, NULL, NULL),
(1965, 1113, 59, 2825, 5, 4, 2, 0, NULL, 0, NULL, NULL),
(1968, 1114, 59, 2825, 7, 1, 2, 6, NULL, 0, NULL, NULL),
(1969, 1114, 59, 2825, 7, 1, 0, 6, NULL, 0, NULL, NULL),
(1970, 1114, 59, 2837, 11, 2, 0, 0, NULL, 0, NULL, NULL),
(1971, 1114, 59, 2837, 4, 2, 0, 4, NULL, 0, NULL, NULL),
(1972, 1114, 59, 2825, 7, 3, 0, 0, NULL, 0, NULL, NULL),
(1973, 1114, 59, 2825, 7, 3, 2, 0, NULL, 0, NULL, NULL),
(2138, 1176, 56, 2841, 1, 10, 0, 0, 'OFF', 0, NULL, NULL),
(2137, 1176, 56, 2841, 4, 10, 0, 0, 'FALSE', 0, NULL, NULL),
(1976, 1142, 59, 2825, 7, 6, 0, 0, NULL, 0, NULL, NULL),
(1977, 1142, 59, 2825, 10, 1, 0, 0, NULL, 0, NULL, NULL),
(1978, 1142, 59, 2811, 5, 10, 0, 0, NULL, 0, NULL, NULL),
(1979, 1142, 59, 2837, 10, 9, 0, 0, NULL, 0, NULL, NULL),
(1980, 1142, 59, 2811, 10, 8, 0, 0, NULL, 0, NULL, NULL),
(1981, 1142, 59, 2825, 7, 9, 0, 0, NULL, 0, NULL, NULL),
(1982, 1147, 59, 2811, 9, 13, 0, 0, NULL, 0, NULL, NULL),
(1983, 1147, 59, 2811, 6, 5, 0, 0, NULL, 0, NULL, NULL),
(1984, 1147, 59, 2825, 5, 6, 0, 0, NULL, 0, NULL, NULL),
(1985, 1147, 59, 2825, 5, 8, 0, 0, NULL, 0, NULL, NULL),
(1986, 1147, 59, 2825, 5, 5, 0, 0, NULL, 0, NULL, NULL),
(3362, 1037, 92, 0, 0, 0, 0, 0, NULL, NULL, NULL, NULL),
(2204, 1075, 55, 2834, 2, 5, 0, 0, NULL, 0, NULL, NULL),
(2366, 1039, 72, 2839, 10, 8, 0, 0, NULL, 0, NULL, NULL),
(2206, 1041, 72, 2839, 4, 1, 0, 0, 'OFF', 0, NULL, NULL),
(1987, 1075, 59, 2825, 9, 11, 0, 0, NULL, 0, NULL, NULL),
(1988, 1075, 59, 2825, 9, 3, 0, 0, NULL, 0, NULL, NULL),
(1990, 1075, 59, 2825, 9, 7, 0, 0, NULL, 0, NULL, NULL),
(1991, 1075, 59, 2825, 9, 5, 0, 0, NULL, 0, NULL, NULL),
(1992, 1075, 59, 2825, 9, 13, 0, 0, NULL, 0, NULL, NULL),
(1993, 1075, 59, 2825, 9, 1, 0, 0, NULL, 0, NULL, NULL),
(1994, 1075, 59, 2825, 9, 9, 0, 0, NULL, 0, NULL, NULL),
(1995, 1147, 59, 2825, 5, 7, 0, 0, NULL, 0, NULL, NULL),
(1996, 1179, 59, 2823, 6, 2, 0, 2, 'FALSE', 1997, NULL, NULL),
(1997, 1179, 59, 2825, 7, 13, 0, 2, 'FALSE', 1996, NULL, NULL),
(2001, 1147, 55, 2826, 5, 4, 0, 0, NULL, 0, NULL, NULL),
(2000, 1147, 55, 2826, 5, 0, 0, 0, NULL, 0, NULL, NULL),
(2002, 1147, 55, 2826, 1, 4, 0, 0, NULL, 0, NULL, NULL),
(2003, 1142, 55, 2826, 5, 3, 0, 0, NULL, 0, NULL, NULL),
(2004, 1142, 55, 2826, 6, 0, 0, 0, NULL, 0, NULL, NULL),
(2005, 1142, 55, 2826, 10, 0, 0, 0, NULL, 0, NULL, NULL),
(2006, 1142, 55, 2826, 5, 1, 0, 0, NULL, 0, NULL, NULL),
(2007, 1142, 55, 2828, 11, 1, 0, 0, NULL, 0, NULL, NULL),
(2008, 1145, 55, 2826, 5, 2, 0, 0, NULL, 0, NULL, NULL),
(2009, 1145, 55, 2826, 7, 0, 0, 0, NULL, 0, NULL, NULL),
(2010, 1145, 55, 2826, 3, 4, 0, 0, NULL, 0, NULL, NULL),
(2011, 1145, 55, 2826, 9, 0, 0, 0, NULL, 0, NULL, NULL),
(2012, 1147, 55, 2826, 11, 0, 0, 0, NULL, 0, NULL, NULL),
(2013, 1179, 55, 2827, 1, 5, 0, 0, 'FALSE', 2014, NULL, NULL),
(2014, 1179, 55, 2826, 8, 0, 0, 4, 'FALSE', 2013, NULL, NULL),
(2015, 1018, 55, 2826, 6, 1, 0, 0, NULL, 0, NULL, NULL),
(2016, 1018, 55, 2826, 6, 3, 0, 0, NULL, 0, NULL, NULL),
(2017, 1018, 55, 2826, 6, 5, 0, 0, NULL, 0, NULL, NULL),
(2018, 1018, 55, 2826, 1, 5, 0, 0, NULL, 0, NULL, NULL),
(2019, 1018, 55, 2826, 6, 2, 0, 0, NULL, 0, NULL, NULL),
(2020, 1018, 55, 2826, 2, 5, 0, 0, NULL, 0, NULL, NULL),
(2021, 1018, 55, 2826, 6, 4, 0, 0, NULL, 0, NULL, NULL),
(2022, 1018, 55, 2826, 3, 5, 0, 0, NULL, 0, NULL, NULL),
(2023, 1018, 55, 2826, 4, 5, 0, 0, NULL, 0, NULL, NULL),
(2024, 1018, 55, 2826, 5, 5, 0, 0, NULL, 0, NULL, NULL),
(2027, 1075, 55, 2826, 7, 1, 0, 0, NULL, 0, NULL, NULL),
(2028, 1075, 55, 2826, 2, 6, 0, 0, NULL, 0, NULL, NULL),
(2029, 1075, 55, 2826, 1, 6, 0, 0, NULL, 0, NULL, NULL),
(2030, 1075, 55, 2826, 7, 3, 0, 0, NULL, 0, NULL, NULL),
(2031, 1075, 55, 2826, 7, 2, 0, 0, NULL, 0, NULL, NULL),
(2032, 1075, 55, 2826, 6, 6, 0, 0, NULL, 0, NULL, NULL),
(2033, 1075, 55, 2826, 7, 4, 0, 0, NULL, 0, NULL, NULL),
(2041, 1075, 55, 2826, 8, 4, 0, 0, NULL, 0, NULL, NULL),
(2034, 1075, 55, 2826, 7, 5, 0, 0, NULL, 0, NULL, NULL),
(2035, 1075, 55, 2826, 5, 6, 0, 0, NULL, 0, NULL, NULL),
(2036, 1075, 55, 2826, 7, 6, 0, 0, NULL, 0, NULL, NULL),
(2037, 1075, 55, 2826, 3, 6, 0, 0, NULL, 0, NULL, NULL),
(2038, 1075, 55, 2826, 4, 6, 0, 0, NULL, 0, NULL, NULL),
(2039, 1117, 56, 0, 0, 0, 0, 0, NULL, 0, NULL, NULL),
(2040, 1117, 56, 2840, 4, 4, 0, 2, NULL, 0, NULL, NULL),
(2042, 1075, 55, 2826, 7, 7, 0, 0, NULL, 0, NULL, NULL),
(2043, 1075, 55, 2826, 8, 3, 0, 0, NULL, 0, NULL, NULL),
(2044, 1075, 55, 2826, 10, 2, 0, 0, NULL, 0, NULL, NULL),
(2045, 1075, 55, 2826, 8, 1, 0, 0, NULL, 0, NULL, NULL),
(2046, 1075, 55, 2826, 6, 9, 0, 0, NULL, 0, NULL, NULL),
(2047, 1075, 55, 2826, 5, 7, 0, 0, NULL, 0, NULL, NULL),
(2048, 1075, 55, 2826, 10, 5, 0, 0, NULL, 0, NULL, NULL),
(2049, 1075, 55, 2826, 8, 6, 0, 0, NULL, 0, NULL, NULL),
(2050, 1075, 55, 2826, 10, 9, 0, 0, NULL, 0, NULL, NULL),
(2051, 1075, 55, 2826, 4, 7, 0, 0, NULL, 0, NULL, NULL),
(2052, 1075, 55, 2826, 3, 9, 0, 0, NULL, 0, NULL, NULL),
(2053, 1075, 55, 2826, 2, 7, 0, 0, NULL, 0, NULL, NULL),
(2054, 1075, 55, 2826, 1, 7, 0, 0, NULL, 0, NULL, NULL),
(2180, 1113, 59, 2825, 5, 11, 2, 0, NULL, 0, NULL, NULL),
(2176, 1113, 59, 2825, 5, 11, 0, 0, NULL, 0, NULL, NULL),
(2181, 1113, 59, 2825, 6, 9, 0, 2, NULL, 0, NULL, NULL),
(2179, 1114, 59, 2838, 6, 3, 0, 2, NULL, 0, NULL, NULL),
(2178, 1114, 59, 2825, 7, 12, 0, 6, NULL, 0, NULL, NULL),
(2061, 1075, 55, 2826, 9, 3, 0, 0, NULL, 0, NULL, NULL),
(2062, 1075, 55, 2826, 7, 8, 0, 0, NULL, 0, NULL, NULL),
(2063, 1040, 56, 0, 0, 0, 0, 0, 'ON', 0, NULL, NULL),
(2064, 1075, 55, 2826, 5, 8, 0, 0, NULL, 0, NULL, NULL),
(2065, 1075, 55, 2826, 9, 1, 0, 0, NULL, 0, NULL, NULL),
(2066, 1116, 56, 2840, 4, 2, 0, 2, 'FALSE', 0, NULL, NULL),
(2067, 1075, 55, 2826, 4, 8, 0, 0, NULL, 0, NULL, NULL),
(2068, 1075, 55, 2826, 9, 4, 0, 0, NULL, 0, NULL, NULL),
(2069, 1075, 55, 2826, 9, 6, 0, 0, NULL, 0, NULL, NULL),
(2070, 1075, 55, 2826, 8, 9, 0, 0, NULL, 0, NULL, NULL),
(2071, 1075, 55, 2826, 10, 7, 0, 0, NULL, 0, NULL, NULL),
(2072, 1075, 55, 2826, 1, 8, 0, 0, NULL, 0, NULL, NULL),
(2073, 1075, 55, 2826, 2, 8, 0, 0, NULL, 0, NULL, NULL),
(2074, 1038, 56, 0, 0, 0, 0, 0, NULL, 0, NULL, NULL),
(2143, 2360, 55, 2826, 0, 0, 0, 0, '9CFF9C WoD; Open Roads - Scene\r\rThe Road winds its way down from the Messina City gates passing many homes and other points of interest.\r\rNear the southern end of the road a trail breaks off, leading to the Lambrosa Manor.', 0, 'leftwall 6.0938,3.5000,6094', NULL),
(2075, 2413, 55, 2826, 8, 2, 0, 0, NULL, 0, NULL, NULL),
(2076, 1018, 55, 2826, 2, 10, 0, 0, NULL, 0, NULL, NULL),
(2077, 1018, 55, 2826, 11, 7, 0, 0, NULL, 0, NULL, NULL),
(2078, 1018, 55, 2826, 11, 3, 0, 0, NULL, 0, NULL, NULL),
(2079, 1018, 55, 2826, 11, 1, 0, 0, NULL, 0, NULL, NULL),
(2080, 1018, 55, 2826, 11, 4, 0, 0, NULL, 0, NULL, NULL),
(2081, 1116, 56, 2840, 4, 3, 0, 0, 'FALSE', 0, NULL, NULL),
(2082, 1018, 55, 2826, 11, 2, 0, 0, NULL, 0, NULL, NULL),
(2083, 1018, 55, 2826, 11, 6, 0, 0, NULL, 0, NULL, NULL),
(2084, 1041, 56, 2840, 4, 1, 0, 0, 'FALSE', 0, NULL, NULL),
(2085, 1041, 56, 2840, 8, 1, 0, 0, 'ON', 0, NULL, NULL),
(2086, 1018, 55, 2826, 11, 5, 0, 0, NULL, 0, NULL, NULL),
(2087, 2413, 55, 2826, 8, 5, 0, 0, NULL, 0, NULL, NULL),
(2088, 1018, 55, 2826, 11, 8, 0, 0, NULL, 0, NULL, NULL),
(2089, 2413, 55, 2826, 8, 8, 0, 0, NULL, 0, NULL, NULL),
(2090, 1118, 56, 2840, 9, 5, 0, 0, NULL, 0, NULL, NULL),
(2091, 2413, 55, 2826, 6, 7, 0, 0, NULL, 0, NULL, NULL),
(2092, 1018, 55, 2826, 9, 10, 0, 0, NULL, 0, NULL, NULL),
(2093, 2413, 55, 2826, 3, 7, 0, 0, NULL, 0, NULL, NULL),
(2094, 1018, 55, 2826, 11, 10, 0, 0, NULL, 0, NULL, NULL),
(2095, 1118, 56, 2840, 8, 5, 0, 0, NULL, 0, NULL, NULL),
(2096, 1118, 56, 2840, 7, 5, 0, 0, NULL, 0, NULL, NULL),
(2097, 1018, 55, 2826, 11, 9, 0, 0, NULL, 0, NULL, NULL),
(2098, 1118, 56, 2840, 6, 5, 0, 0, NULL, 0, NULL, NULL),
(2099, 1018, 55, 2826, 8, 10, 0, 0, NULL, 0, NULL, NULL),
(2100, 1118, 56, 0, 0, 0, 0, 0, NULL, 0, NULL, NULL),
(2101, 1018, 55, 2826, 10, 10, 0, 0, NULL, 0, NULL, NULL),
(2102, 1018, 55, 2826, 7, 10, 0, 0, NULL, 0, NULL, NULL),
(2103, 1018, 55, 2826, 6, 10, 0, 0, NULL, 0, NULL, NULL),
(2104, 1018, 55, 2826, 4, 10, 0, 0, NULL, 0, NULL, NULL),
(2105, 1018, 55, 2826, 5, 10, 0, 0, NULL, 0, NULL, NULL),
(2135, 1179, 59, 2825, 7, 2, 0.2, 2, 'FALSE', 2136, NULL, NULL),
(2106, 1018, 55, 2826, 3, 10, 0, 0, NULL, 0, NULL, NULL),
(2107, 1018, 55, 2826, 1, 10, 0, 0, NULL, 0, NULL, NULL),
(2339, 1181, 76, 2843, 4, 7, 0, 2, 'FALSE', 2340, NULL, NULL),
(2174, 1075, 55, 2826, 9, 8, 0, 0, NULL, 0, NULL, NULL),
(2162, 1075, 55, 2826, 2, 9, 0, 0, NULL, 0, NULL, NULL),
(2163, 1075, 55, 2826, 4, 9, 0, 0, NULL, 0, NULL, NULL),
(2340, 1181, 76, 2843, 10, 5, 0, 4, 'FALSE', 2339, NULL, NULL),
(2167, 1075, 55, 2826, 10, 3, 0, 0, NULL, 0, NULL, NULL),
(2169, 1075, 56, 2841, 1, 5, 0, 0, NULL, 0, NULL, NULL),
(2170, 1075, 55, 2826, 10, 4, 0, 0, NULL, 0, NULL, NULL),
(2175, 1075, 56, 2841, 4, 5, 0, 0, NULL, 0, NULL, NULL),
(2173, 1075, 56, 2841, 3, 5, 0, 0, NULL, 0, NULL, NULL),
(2168, 1075, 55, 2826, 10, 1, 0, 0, NULL, 0, NULL, NULL),
(2166, 1075, 55, 2826, 9, 9, 0, 0, NULL, 0, NULL, NULL),
(2165, 1075, 55, 2826, 10, 6, 0, 0, NULL, 0, NULL, NULL),
(2161, 1075, 55, 2826, 10, 8, 0, 0, NULL, 0, NULL, NULL),
(2160, 1075, 55, 2826, 1, 9, 0, 0, NULL, 0, NULL, NULL),
(2247, 1039, 72, 2839, 11, 13, 0, 0, NULL, 0, NULL, NULL),
(2150, 1114, 59, 2825, 7, 14, 0, 0, NULL, 0, NULL, NULL),
(2120, 1118, 56, 0, 0, 0, 0, 0, NULL, 0, NULL, NULL),
(2149, 2409, 72, 0, 0, 0, 0, 0, '5', NULL, NULL, NULL),
(2148, 1114, 59, 2825, 7, 11, 0, 0, NULL, 0, NULL, NULL),
(2145, 2409, 72, 2839, 0, 0, 0, 0, '2', 0, 'leftwall 2.3750,-3.8889,10001', NULL),
(2123, 1037, 56, 0, 0, 0, 0, 0, NULL, 0, NULL, NULL),
(2124, 1037, 56, 0, 0, 0, 0, 0, NULL, 0, NULL, NULL),
(2125, 1037, 56, 0, 0, 0, 0, 0, NULL, 0, NULL, NULL),
(2159, 1075, 55, 2826, 7, 9, 0, 0, NULL, 0, NULL, NULL),
(2126, 1036, 56, 0, 0, 0, 0, 0, NULL, 0, NULL, NULL),
(2127, 1036, 56, 0, 0, 0, 0, 0, NULL, 0, NULL, NULL),
(2128, 1036, 56, 0, 0, 0, 0, 0, NULL, 0, NULL, NULL),
(2129, 1036, 56, 0, 0, 0, 0, 0, NULL, 0, NULL, NULL),
(2130, 1036, 56, 0, 0, 0, 0, 0, NULL, 0, NULL, NULL),
(2131, 1036, 56, 0, 0, 0, 0, 0, NULL, 0, NULL, NULL),
(2171, 1075, 56, 2841, 2, 5, 0, 0, NULL, 0, NULL, NULL),
(2140, 1176, 56, 2841, 3, 4, 0, 0, 'FALSE', 0, NULL, NULL),
(2139, 1176, 56, 2841, 1, 4, 0, 0, 'FALSE', 0, NULL, NULL),
(2132, 1177, 56, 0, 0, 0, 0, 0, 'FALSE', 0, NULL, NULL),
(2133, 1177, 56, 2840, 4, 13, 0, 0, 'ON', 0, NULL, NULL),
(2134, 1177, 56, 2840, 11, 8, 0, 0, 'FALSE', 0, NULL, NULL),
(2374, 1112, 72, 2839, 10, 7, 2, 6, '5', 0, NULL, NULL),
(2354, 2409, 56, 2841, 0, 0, 0, 0, '14', 0, 'leftwall 6.8438,1.3333,6844', NULL),
(2144, 2409, 72, 2839, 0, 0, 0, 0, '13', 0, 'frontwall -10.7188,-15.6111,10719', NULL),
(2147, 1114, 59, 2825, 7, 14, 2, 0, NULL, 0, NULL, NULL),
(2164, 1075, 55, 2826, 5, 9, 0, 0, NULL, 0, NULL, NULL),
(2154, 1114, 59, 2825, 7, 11, 2, 0, NULL, 0, NULL, NULL),
(2172, 1075, 5, 2780, 10, 11, 0, 0, NULL, 0, NULL, NULL),
(2157, 1114, 59, 2825, 7, 4, 0, 6, NULL, 0, NULL, NULL),
(2158, 1114, 59, 2825, 7, 4, 2, 6, NULL, 0, NULL, NULL),
(2177, 1114, 59, 2825, 7, 12, 2, 6, NULL, 0, NULL, NULL),
(2182, 1113, 59, 2838, 7, 3, 0, 0, NULL, 0, NULL, NULL),
(2183, 1179, 72, 2839, 3, 5, 0, 2, 'FALSE', 2184, NULL, NULL),
(2184, 1179, 55, 2828, 4, 12, 0, 0, 'FALSE', 2183, NULL, NULL),
(2185, 1113, 59, 2838, 7, 3, 2, 0, NULL, 0, NULL, NULL),
(2186, 1113, 59, 2825, 5, 14, 2, 0, NULL, 0, NULL, NULL),
(2187, 1113, 59, 2825, 5, 12, 2, 0, NULL, 0, NULL, NULL),
(2188, 1113, 59, 2838, 6, 4, 2, 2, NULL, 0, NULL, NULL),
(2189, 2413, 55, 2826, 6, 8, 0, 0, NULL, 0, NULL, NULL),
(2190, 2413, 55, 2826, 9, 2, 0, 0, NULL, 0, NULL, NULL),
(2192, 2413, 55, 2826, 9, 7, 0, 0, NULL, 0, NULL, NULL),
(2193, 1075, 56, 2841, 3, 10, 0, 0, NULL, 0, NULL, NULL),
(2194, 2413, 55, 2826, 8, 7, 0, 0, NULL, 0, NULL, NULL),
(2195, 1075, 56, 2841, 5, 5, 0, 0, NULL, 0, NULL, NULL),
(2196, 2413, 55, 2826, 3, 8, 0, 0, NULL, 0, NULL, NULL),
(2197, 1075, 56, 2841, 2, 10, 0, 0, NULL, 0, NULL, NULL),
(2198, 2413, 55, 2826, 9, 5, 0, 0, NULL, 0, NULL, NULL),
(2199, 1075, 56, 2841, 5, 10, 0, 0, NULL, 0, NULL, NULL),
(2200, 1075, 56, 2841, 4, 10, 0, 0, NULL, 0, NULL, NULL),
(2201, 1075, 56, 2841, 1, 10, 0, 0, NULL, 0, NULL, NULL),
(2202, 1035, 72, 2839, 4, 2, 0, 2, NULL, 0, NULL, NULL),
(2203, 1035, 72, 2839, 5, 1, 0, 0, NULL, 0, NULL, NULL),
(2205, 1040, 72, 2839, 5, 10, 0, 0, 'ON', 0, NULL, NULL),
(2207, 1105, 56, 0, 0, 0, 0, 0, NULL, 0, NULL, NULL),
(2214, 1179, 55, 2828, 3, 5, 0, 0, 'FALSE', 2215, NULL, NULL),
(2208, 1013, 72, 2839, 7, 11, 0, 6, NULL, 0, NULL, NULL),
(2209, 1013, 72, 2839, 5, 13, 0, 0, NULL, 0, NULL, NULL),
(2212, 1060, 55, 2827, 4, 2, 0, 2, NULL, 0, NULL, NULL),
(2213, 1040, 72, 2839, 4, 11, 0, 2, 'ON', 0, NULL, NULL),
(2245, 1038, 72, 2839, 11, 12, 0, 0, NULL, 0, NULL, NULL),
(2216, 1001, 55, 2827, 9, 2, 0, 4, NULL, 0, NULL, NULL),
(2217, 1001, 55, 2827, 11, 2, 0, 4, NULL, 0, NULL, NULL),
(2218, 1001, 55, 2827, 2, 6, 0, 0, NULL, 0, NULL, NULL),
(2219, 1001, 55, 2827, 3, 2, 0, 4, NULL, 0, NULL, NULL),
(2220, 1001, 55, 2827, 7, 2, 0, 4, NULL, 0, NULL, NULL),
(2221, 1001, 55, 2827, 4, 2, 0, 4, NULL, 0, NULL, NULL),
(2222, 1001, 55, 2827, 8, 2, 0, 4, NULL, 0, NULL, NULL),
(2223, 1001, 55, 2827, 2, 4, 0, 0, NULL, 0, NULL, NULL),
(2224, 1001, 55, 2827, 6, 2, 0, 4, NULL, 0, NULL, NULL),
(2225, 1001, 55, 2827, 2, 3, 0, 0, NULL, 0, NULL, NULL),
(2226, 1001, 55, 2827, 2, 2, 0, 4, NULL, 0, NULL, NULL),
(2227, 1001, 55, 2827, 5, 2, 0, 4, NULL, 0, NULL, NULL),
(2244, 1038, 72, 2839, 10, 3, 0, 0, NULL, 0, NULL, NULL),
(2228, 1075, 56, 2841, 6, 10, 0, 0, NULL, 0, NULL, NULL),
(2229, 1075, 56, 2841, 7, 10, 0, 0, NULL, 0, NULL, NULL),
(2230, 1075, 56, 2841, 8, 10, 0, 0, NULL, 0, NULL, NULL),
(2231, 1117, 72, 2839, 4, 4, 0, 2, NULL, 0, NULL, NULL),
(2232, 1117, 72, 2839, 7, 1, 0, 0, NULL, 0, NULL, NULL),
(2233, 1075, 56, 2841, 9, 10, 0, 0, NULL, 0, NULL, NULL),
(2234, 1001, 55, 2827, 2, 10, 0, 0, NULL, 0, NULL, NULL),
(2235, 1001, 55, 2827, 2, 7, 0, 0, NULL, 0, NULL, NULL),
(2236, 1075, 56, 2841, 10, 10, 0, 0, NULL, 0, NULL, NULL),
(2237, 1001, 55, 2827, 2, 9, 0, 0, NULL, 0, NULL, NULL),
(2238, 1075, 56, 2841, 11, 10, 0, 0, NULL, 0, NULL, NULL),
(2239, 1001, 55, 2827, 2, 8, 0, 0, NULL, 0, NULL, NULL),
(2240, 1106, 72, 2839, 7, 4, 2, 0, NULL, 0, NULL, NULL),
(2241, 1038, 72, 2839, 7, 4, 0, 0, NULL, 0, NULL, NULL),
(2242, 1176, 56, 2841, 11, 10, 0, 0, 'FALSE', 0, NULL, NULL),
(2243, 1176, 56, 2841, 7, 10, 0, 0, 'ON', 0, NULL, NULL),
(2246, 1038, 72, 2839, 10, 7, 0, 0, NULL, 0, NULL, NULL),
(2248, 1039, 72, 2839, 10, 12, 0, 2, NULL, 0, NULL, NULL),
(2249, 1039, 72, 2839, 9, 7, 0, 2, NULL, 0, NULL, NULL),
(2250, 2360, 55, 2827, 0, 0, 0, 0, '9CCEFF WoD; Messina Gates - Scene\r\rAs you enter through the gates of Messina you find yourself surrounded by a high, white wall.\r\rIn all directions the city looks beautiful and a crisp sea breeze blows in from the sea. You feel yourself come alive in such incredible surroundings.', 0, 'leftwall 2.5938,1.8889,8001', NULL),
(2251, 1039, 72, 2839, 4, 7, 0, 2, NULL, 0, NULL, NULL),
(2252, 1039, 72, 2839, 9, 3, 0, 2, NULL, 0, NULL, NULL),
(2253, 1039, 72, 2839, 11, 11, 0, 4, NULL, 0, NULL, NULL),
(2254, 1039, 72, 2839, 11, 3, 0, 6, NULL, 0, NULL, NULL),
(2255, 1039, 72, 2839, 5, 8, 0, 0, NULL, 0, NULL, NULL),
(2256, 1039, 72, 2839, 6, 7, 0, 6, NULL, 0, NULL, NULL),
(2257, 1039, 72, 2839, 10, 2, 0, 4, NULL, 0, NULL, NULL),
(2258, 1014, 55, 2827, 7, 5, 0, 4, NULL, 0, NULL, NULL),
(2259, 1179, 59, 2813, 1, 6, 0, 4, 'FALSE', 2260, NULL, NULL),
(2260, 1179, 59, 2825, 7, 5, 0, 0, 'FALSE', 2259, NULL, NULL),
(2261, 1014, 55, 2827, 5, 5, 0, 4, NULL, 0, NULL, NULL),
(2262, 1114, 56, 2841, 6, 4, 2, 0, NULL, 0, NULL, NULL),
(2263, 1114, 56, 2841, 8, 4, 4, 4, NULL, 0, NULL, NULL),
(2264, 1114, 56, 2841, 8, 4, 2, 4, NULL, 0, NULL, NULL),
(2361, 1176, 59, 2825, 6, 5, 2, 0, 'FALSE', 0, NULL, NULL),
(2265, 1113, 56, 2841, 9, 4, 2, 0, NULL, 0, NULL, NULL),
(2266, 1114, 56, 2841, 6, 4, 0, 0, NULL, 0, NULL, NULL),
(2267, 1114, 56, 2841, 8, 4, 0, 4, NULL, 0, NULL, NULL),
(2268, 1114, 56, 2841, 6, 4, 4, 0, NULL, 0, NULL, NULL),
(2269, 1142, 55, 2827, 9, 3, 0, 0, NULL, 0, NULL, NULL),
(2270, 1113, 56, 2841, 9, 4, 0, 0, NULL, 0, NULL, NULL),
(2271, 1142, 55, 2827, 4, 3, 0, 0, NULL, 0, NULL, NULL),
(2272, 1113, 56, 2841, 9, 4, 4, 0, NULL, 0, NULL, NULL),
(2273, 1145, 55, 2827, 9, 4, 0, 0, NULL, 0, NULL, NULL),
(2274, 1145, 55, 2827, 4, 4, 0, 0, NULL, 0, NULL, NULL),
(2275, 1142, 55, 2827, 4, 5, 0, 0, NULL, 0, NULL, NULL),
(2276, 1142, 55, 2827, 9, 5, 0, 0, NULL, 0, NULL, NULL),
(2278, 1038, 72, 2839, 5, 7, 0, 0, NULL, 0, NULL, NULL),
(2279, 1039, 72, 2839, 11, 7, 0, 6, NULL, 0, NULL, NULL),
(2280, 1039, 72, 2839, 10, 4, 0, 0, NULL, 0, NULL, NULL),
(2281, 1044, 72, 2839, 10, 10, 0, 0, NULL, 0, NULL, NULL),
(2282, 1044, 72, 2839, 8, 4, 0, 0, NULL, 0, NULL, NULL),
(2283, 1044, 72, 2839, 10, 4, 0, 0, NULL, 0, NULL, NULL),
(2284, 2360, 55, 2827, 0, 0, 0, 0, '9CCEFF WoD; Messina Gates - Scene\r\rPassing through the Gates into the central square you find yourself overcome by the mouthwatering scents from the market.\r\rHowever the slums are near, and you can see signs of their presence on every street corner.\r', 0, 'frontwall -9.2813,-19.6111,9281', NULL),
(2285, 1044, 72, 2839, 10, 1, 0, 0, NULL, 0, NULL, NULL),
(2286, 1018, 56, 2841, 7, 7, 0, 0, NULL, 0, NULL, NULL),
(2287, 1018, 56, 2841, 7, 6, 0, 0, NULL, 0, NULL, NULL),
(2288, 1018, 56, 2841, 1, 7, 0, 0, NULL, 0, NULL, NULL),
(2289, 1018, 56, 2841, 8, 7, 0, 0, NULL, 0, NULL, NULL),
(2290, 1018, 56, 2841, 7, 5, 0, 0, NULL, 0, NULL, NULL),
(2291, 1018, 56, 2841, 7, 4, 0, 0, NULL, 0, NULL, NULL),
(2292, 1018, 56, 2841, 9, 7, 0, 0, NULL, 0, NULL, NULL),
(2293, 1018, 56, 2841, 5, 7, 0, 0, NULL, 0, NULL, NULL),
(2294, 1018, 56, 2841, 6, 7, 0, 0, NULL, 0, NULL, NULL),
(2295, 1018, 56, 2841, 3, 7, 0, 0, NULL, 0, NULL, NULL),
(2296, 1018, 56, 2841, 4, 7, 0, 0, NULL, 0, NULL, NULL),
(2297, 1044, 72, 2839, 6, 5, 0, 0, NULL, 0, NULL, NULL),
(2298, 1044, 72, 2839, 8, 1, 0, 0, NULL, 0, NULL, NULL),
(2299, 1044, 72, 2839, 8, 10, 0, 0, NULL, 0, NULL, NULL),
(2360, 1176, 59, 2825, 6, 7, 2, 0, 'FALSE', 0, NULL, NULL),
(2300, 1018, 56, 2841, 10, 7, 0, 0, NULL, 0, NULL, NULL),
(2301, 1018, 56, 2841, 2, 7, 0, 0, NULL, 0, NULL, NULL),
(2302, 1018, 56, 2841, 11, 7, 0, 0, NULL, 0, NULL, NULL),
(2303, 1177, 72, 2839, 4, 10, 0, 0, 'ON', 0, NULL, NULL),
(2304, 1177, 72, 2839, 4, 13, 0, 0, 'ON', 0, NULL, NULL),
(2305, 1177, 72, 2839, 7, 1, 2, 0, 'FALSE', 0, NULL, NULL),
(2308, 1103, 59, 2837, 4, 10, 0, 2, NULL, 0, NULL, NULL),
(2309, 1103, 59, 2837, 7, 10, 0, 2, NULL, 0, NULL, NULL),
(2311, 1113, 56, 2841, 11, 2, 0, 2, NULL, 0, NULL, NULL),
(2312, 1113, 56, 2841, 11, 2, 4, 2, NULL, 0, NULL, NULL),
(2313, 1113, 56, 2841, 11, 2, 2, 2, NULL, 0, NULL, NULL),
(2314, 1114, 56, 2841, 11, 4, 2, 0, NULL, 0, NULL, NULL),
(2315, 1114, 56, 2841, 11, 4, 4, 0, NULL, 0, NULL, NULL),
(2316, 1114, 56, 2841, 11, 4, 0, 0, NULL, 0, NULL, NULL),
(2514, 2360, 55, 2828, 0, 0, 0, 0, '9CCEFF WoD; Messina Square - Scene\r\rEntering into the square you begin to salivate at the delicious smells coming from the market district.\r\rShould you turn down the wrong path however, you will end up in the Slums of Messina; a place known for depravity and strange happenings...', 0, 'leftwall 1.2500,-2.8333,10001', NULL),
(2318, 1179, 59, 2825, 5, 2, 0, 2, 'FALSE', 2319, NULL, NULL),
(2319, 1179, 59, 2837, 3, 5, 0, 2, 'FALSE', 2318, NULL, NULL),
(2320, 1114, 56, 2841, 11, 1, 4, 6, NULL, 0, NULL, NULL),
(2321, 1114, 56, 2841, 11, 1, 0, 6, NULL, 0, NULL, NULL),
(2322, 1114, 56, 2841, 11, 1, 2, 6, NULL, 0, NULL, NULL),
(2323, 1105, 59, 2825, 7, 2, 0, 0, NULL, 0, NULL, NULL),
(2324, 1017, 59, 2825, 7, 2, 0.2, 0, NULL, 0, NULL, NULL),
(2325, 1017, 59, 2825, 7, 2, 0.2, 0, NULL, 0, NULL, NULL),
(2326, 1176, 56, 2841, 11, 1, 6, 0, 'FALSE', 0, NULL, NULL),
(2327, 1044, 72, 2839, 8, 7, 0, 0, NULL, 0, NULL, NULL),
(2328, 1176, 56, 2841, 8, 4, 6, 0, 'OFF', 0, NULL, NULL),
(2329, 1044, 72, 2839, 10, 7, 0, 0, NULL, 0, NULL, NULL),
(2330, 1176, 56, 2841, 6, 4, 6, 0, 'OFF', 0, NULL, NULL),
(2331, 1176, 56, 2841, 11, 5, 0, 0, 'FALSE', 0, NULL, NULL),
(2362, 1176, 59, 2825, 6, 6, 2, 0, 'FALSE', 0, NULL, NULL),
(2332, 1179, 55, 2826, 4, 4, 0, 4, 'FALSE', 2333, NULL, NULL),
(2333, 1179, 56, 2841, 0, 5, 0, 2, 'FALSE', 2332, NULL, NULL),
(2334, 1039, 59, 2825, 7, 2, 0.2, 0, NULL, 0, NULL, NULL),
(2336, 1179, 59, 2825, 7, 2, 0.2, 0, 'FALSE', 2335, NULL, NULL),
(2341, 1031, 76, 2843, 10, 10, 0, 0, NULL, 0, NULL, NULL),
(2342, 1021, 76, 2843, 10, 9, 0, 6, NULL, 0, NULL, NULL),
(2344, 1021, 76, 2843, 9, 10, 0, 0, NULL, 0, NULL, NULL),
(2346, 1114, 59, 2838, 6, 8, 0, 4, NULL, 0, NULL, NULL),
(2347, 1114, 59, 2837, 10, 8, 0, 6, NULL, 0, NULL, NULL),
(2348, 1113, 59, 2837, 8, 8, 0, 0, NULL, 0, NULL, NULL),
(2349, 1113, 59, 2837, 4, 8, 0, 0, NULL, 0, NULL, NULL),
(2350, 1007, 76, 2843, 5, 9, 0, 0, NULL, 0, NULL, NULL),
(2359, 1176, 59, 2825, 6, 8, 2, 0, 'FALSE', 0, NULL, NULL),
(2351, 1012, 76, 2843, 5, 8, 0, 4, NULL, 0, NULL, NULL),
(2353, 2409, 56, 2841, 0, 0, 0, 0, '14', 0, 'leftwall 5.2500,1.2778,7001', NULL),
(2352, 1012, 76, 2843, 7, 10, 0, 6, NULL, 0, NULL, NULL),
(2363, 1044, 72, 2839, 6, 7, 0, 0, NULL, 0, NULL, NULL),
(2364, 1044, 72, 2839, 4, 7, 0, 0, NULL, 0, NULL, NULL),
(2365, 1044, 72, 2839, 4, 5, 0, 0, NULL, 0, NULL, NULL),
(2367, 1147, 59, 2825, 5, 9, 0, 0, NULL, 0, NULL, NULL),
(2368, 1147, 59, 2825, 5, 10, 0, 0, NULL, 0, NULL, NULL),
(2369, 1147, 59, 2825, 6, 2, 0.2, 0, NULL, 0, NULL, NULL),
(2370, 1103, 72, 2839, 4, 11, 0, 2, NULL, 0, NULL, NULL),
(2371, 1176, 59, 2825, 6, 9, 2, 0, 'FALSE', 0, NULL, NULL),
(2372, 1176, 59, 2825, 6, 10, 2, 0, 'FALSE', 0, NULL, NULL),
(2373, 1176, 59, 2837, 4, 0, 2, 0, 'FALSE', 0, NULL, NULL),
(2375, 1105, 59, 2825, 6, 2, 0, 0, NULL, 0, NULL, NULL),
(2376, 1017, 59, 2825, 6, 2, 0.2, 0, NULL, 0, NULL, NULL),
(2377, 1017, 59, 2825, 6, 2, 0.2, 0, NULL, 0, NULL, NULL),
(2378, 1039, 59, 2825, 6, 2, 0.2, 0, NULL, 0, NULL, NULL),
(2379, 1001, 55, 2828, 11, 0, 0, 4, NULL, 0, NULL, NULL),
(2380, 1001, 55, 2844, 5, 3, 0, 4, NULL, 0, NULL, NULL),
(2381, 1001, 55, 2828, 4, 0, 0, 4, NULL, 0, NULL, NULL),
(2382, 1001, 55, 2844, 4, 3, 0, 4, NULL, 0, NULL, NULL),
(2383, 1001, 55, 2828, 7, 0, 0, 4, NULL, 0, NULL, NULL),
(2384, 1001, 55, 2828, 9, 0, 0, 4, NULL, 0, NULL, NULL),
(2385, 1001, 55, 2844, 6, 3, 0, 4, NULL, 0, NULL, NULL),
(2386, 1001, 55, 2828, 5, 0, 0, 4, NULL, 0, NULL, NULL),
(2393, 1014, 55, 2828, 5, 13, 0, 0, NULL, 0, NULL, NULL),
(2388, 1179, 59, 2825, 5, 13, 0, 0, 'FALSE', 2387, NULL, NULL),
(2392, 1014, 55, 2828, 4, 10, 0, 2, NULL, 0, NULL, NULL),
(2391, 1147, 59, 2825, 6, 13, 0, 0, NULL, 0, NULL, NULL),
(2394, 1014, 55, 2828, 4, 2, 0, 2, NULL, 0, NULL, NULL),
(2395, 1014, 55, 2828, 4, 7, 0, 2, NULL, 0, NULL, NULL),
(2396, 1160, 56, 2840, 4, 8, 0, 0, NULL, 0, NULL, NULL),
(2397, 1160, 56, 2840, 8, 8, 0, 0, NULL, 0, NULL, NULL),
(2398, 1179, 59, 2814, 3, 5, 0, 2, 'FALSE', 2399, NULL, NULL),
(2399, 1179, 59, 2825, 7, 7, 0, 0, 'FALSE', 2398, NULL, NULL),
(2400, 1117, 56, 2840, 9, 1, 0, 0, NULL, 0, NULL, NULL),
(2401, 1117, 56, 2840, 7, 4, 0, 2, NULL, 0, NULL, NULL),
(2402, 1142, 55, 2828, 4, 1, 0, 0, NULL, 0, NULL, NULL),
(2403, 1015, 55, 2828, 9, 1, 0, 4, NULL, 0, NULL, NULL),
(2404, 1015, 55, 2828, 7, 1, 0, 4, NULL, 0, NULL, NULL),
(2405, 1015, 55, 2828, 5, 1, 0, 4, NULL, 0, NULL, NULL),
(2406, 2360, 59, 2825, 0, 0, 0, 0, 'FFFF31 ----------------------------------\r\r1. Main\r\r2.\r3.\r4. Slums.\r5. Abandoned Station.\r\r6.\r\r----------------------------------', 0, 'leftwall 8.5313,-3.8889,8531', NULL),
(2407, 1142, 55, 2828, 11, 13, 0, 0, NULL, 0, NULL, NULL),
(2408, 1106, 72, 2839, 7, 13, 0, 0, NULL, 0, NULL, NULL),
(2409, 1142, 55, 2828, 4, 6, 0, 0, NULL, 0, NULL, NULL),
(2410, 1105, 72, 2839, 10, 3, 2, 0, NULL, 0, NULL, NULL),
(2411, 1142, 55, 2828, 4, 4, 0, 0, NULL, 0, NULL, NULL),
(2412, 1126, 72, 2839, 4, 4, 2, 0, 'OFF', 0, NULL, NULL),
(2413, 1142, 55, 2828, 4, 13, 0, 0, NULL, 0, NULL, NULL),
(2414, 1160, 56, 2840, 8, 10, 0, 0, NULL, 0, NULL, NULL),
(2415, 1160, 56, 2840, 4, 10, 0, 0, NULL, 0, NULL, NULL),
(2416, 1014, 55, 2828, 7, 13, 0, 0, NULL, 0, NULL, NULL),
(2417, 1014, 55, 2828, 9, 13, 0, 0, NULL, 0, NULL, NULL),
(2418, 1179, 55, 2828, 6, 0, 0, 4, 'FALSE', 2419, NULL, NULL),
(2419, 1179, 55, 2833, 0, 5, 0, 0, 'FALSE', 2418, NULL, NULL),
(2420, 1179, 55, 2832, 3, 5, 0, 0, 'FALSE', 2421, NULL, NULL),
(2421, 1179, 55, 2828, 8, 0, 0, 4, 'FALSE', 2420, NULL, NULL),
(2422, 1179, 55, 2828, 10, 0, 0, 4, 'FALSE', 2423, NULL, NULL),
(2423, 1179, 55, 2844, 2, 5, 0, 0, 'FALSE', 0, NULL, NULL),
(2424, 1179, 55, 2828, 4, 9, 0, 0, 'FALSE', 2425, NULL, NULL),
(2425, 1179, 55, 2829, 0, 5, 0, 2, 'FALSE', 0, NULL, NULL),
(2426, 1177, 56, 2840, 4, 8, 0, 0, 'FALSE', 0, NULL, NULL),
(2427, 1177, 56, 2840, 11, 13, 0, 0, 'FALSE', 0, NULL, NULL),
(2428, 1116, 56, 2840, 4, 7, 0, 0, 'FALSE', 0, NULL, NULL),
(2429, 1179, 56, 2840, 11, 0, 0, 4, 'FALSE', 2430, NULL, NULL),
(2430, 1179, 56, 2845, 0, 5, 0, 2, 'FALSE', 0, NULL, NULL),
(2471, 1142, 55, 2844, 7, 1, 0, 0, NULL, 0, NULL, NULL),
(2485, 1114, 59, 2838, 9, 8, 0, 0, NULL, 0, NULL, NULL),
(2438, 1179, 56, 2841, 6, 3, 0, 0, 'FALSE', 2439, NULL, NULL),
(2439, 1179, 56, 2840, 3, 5, 0, 2, 'FALSE', 0, NULL, NULL),
(2440, 1113, 59, 2838, 7, 8, 0, 0, NULL, 0, NULL, NULL),
(2441, 1113, 59, 2837, 4, 0, 0, 2, NULL, 0, NULL, NULL),
(2442, 1113, 59, 2838, 6, 6, 2, 2, NULL, 0, NULL, NULL),
(2443, 1113, 59, 2837, 7, 2, 0, 0, NULL, 0, NULL, NULL),
(2444, 1113, 59, 2837, 11, 0, 0, 2, NULL, 0, NULL, NULL),
(2470, 1142, 55, 2844, 7, 5, 0, 0, NULL, 0, NULL, NULL),
(2456, 1001, 55, 2844, 1, 7, 0, 0, NULL, 0, NULL, NULL),
(2449, 1001, 55, 2844, 1, 8, 0, 0, NULL, 0, NULL, NULL),
(2450, 1001, 55, 2844, 1, 9, 0, 0, NULL, 0, NULL, NULL),
(2451, 1001, 55, 2844, 3, 6, 0, 2, NULL, 0, NULL, NULL),
(2453, 1001, 55, 2844, 2, 7, 0, 4, NULL, 0, NULL, NULL),
(2454, 1001, 55, 2844, 3, 3, 0, 0, NULL, 0, NULL, NULL),
(2455, 1001, 55, 2844, 3, 4, 0, 0, NULL, 0, NULL, NULL),
(2461, 1155, 59, 2837, 8, 1, 0, 2, 'ON', 0, NULL, NULL),
(2457, 1001, 55, 2844, 1, 10, 0, 0, NULL, 0, NULL, NULL),
(2458, 1113, 59, 2838, 6, 4, 0, 2, NULL, 0, NULL, NULL),
(2459, 1113, 59, 2837, 9, 2, 0, 0, NULL, 0, NULL, NULL),
(2460, 1155, 59, 2837, 8, 0, 2, 2, 'ON', 0, NULL, NULL),
(2462, 1155, 59, 2837, 5, 0, 2, 2, 'ON', 0, NULL, NULL),
(2463, 1155, 59, 2837, 5, 1, 0, 2, 'ON', 0, NULL, NULL),
(2464, 1176, 55, 2844, 3, 7, 0.2, 0, 'FALSE', 0, NULL, NULL),
(2467, 1176, 55, 2844, 3, 7, 0.2, 6, 'FALSE', 0, NULL, NULL),
(2465, 2413, 55, 0, 0, 0, 0, 0, NULL, 0, NULL, NULL),
(2466, 1105, 55, 2829, 8, 7, 0, 0, NULL, 0, NULL, NULL),
(2469, 1073, 55, 2844, 8, 1, 0, 0, NULL, 0, NULL, NULL),
(2474, 1142, 55, 2844, 2, 10, 0, 0, NULL, 0, NULL, NULL),
(2468, 1073, 55, 2844, 8, 6, 0, 0, NULL, 0, NULL, NULL),
(2473, 1142, 55, 2844, 7, 10, 0, 0, NULL, 0, NULL, NULL),
(2472, 1142, 55, 2844, 7, 6, 0, 0, NULL, 0, NULL, NULL),
(2475, 1145, 55, 2844, 7, 2, 0, 0, NULL, 0, NULL, NULL),
(2476, 1145, 55, 2844, 7, 7, 0, 0, NULL, 0, NULL, NULL),
(2477, 1145, 55, 2844, 7, 4, 0, 0, NULL, 0, NULL, NULL),
(2478, 1145, 55, 2844, 7, 9, 0, 0, NULL, 0, NULL, NULL),
(2552, 1155, 56, 2845, 7, 0, 6, 2, 'ON', 0, NULL, NULL),
(2480, 1154, 55, 2844, 7, 3, 0, 0, NULL, 0, NULL, NULL),
(2481, 1154, 55, 2844, 7, 8, 0, 0, NULL, 0, NULL, NULL),
(2482, 1014, 55, 2844, 2, 8, 0, 2, NULL, 0, NULL, NULL),
(2488, 1113, 56, 2845, 7, 4, 0, 0, NULL, 0, NULL, NULL),
(2486, 1113, 59, 2838, 6, 6, 0, 2, NULL, 0, NULL, NULL),
(2487, 1113, 59, 2838, 3, 8, 0, 0, NULL, 0, NULL, NULL),
(2489, 1113, 56, 2845, 5, 4, 0, 0, NULL, 0, NULL, NULL),
(2490, 1113, 56, 2845, 9, 4, 0, 0, NULL, 0, NULL, NULL),
(2491, 1113, 56, 2845, 11, 2, 0, 2, NULL, 0, NULL, NULL),
(2492, 1594, 59, 2837, 4, 13, 0, 0, NULL, 0, NULL, NULL),
(2493, 1114, 56, 2845, 11, 4, 0, 0, NULL, 0, NULL, NULL),
(2494, 1594, 59, 2837, 6, 13, 0, 0, NULL, 0, NULL, NULL),
(2495, 1594, 59, 2837, 8, 13, 0, 0, NULL, 0, NULL, NULL),
(2496, 1594, 59, 2837, 6, 9, 0, 4, NULL, 0, NULL, NULL),
(2497, 1594, 59, 2837, 4, 9, 0, 4, NULL, 0, NULL, NULL),
(2498, 1594, 59, 2837, 8, 9, 0, 4, NULL, 0, NULL, NULL),
(2499, 1018, 59, 2837, 5, 5, 0, 0, NULL, 0, NULL, NULL),
(2500, 1018, 59, 2837, 6, 5, 0, 0, NULL, 0, NULL, NULL),
(2501, 1018, 59, 2837, 7, 5, 0, 0, NULL, 0, NULL, NULL),
(2502, 1018, 59, 2837, 4, 5, 0, 0, NULL, 0, NULL, NULL),
(2503, 1018, 59, 2837, 8, 5, 0, 0, NULL, 0, NULL, NULL),
(2504, 1018, 59, 2837, 10, 5, 0, 0, NULL, 0, NULL, NULL),
(2505, 1018, 59, 2837, 11, 5, 0, 0, NULL, 0, NULL, NULL),
(2506, 1018, 59, 2837, 9, 5, 0, 0, NULL, 0, NULL, NULL),
(2507, 1160, 56, 2845, 5, 7, 0, 0, NULL, 0, NULL, NULL),
(2508, 1160, 56, 2845, 8, 7, 0, 0, NULL, 0, NULL, NULL),
(2509, 1172, 56, 2845, 5, 4, 2, 4, 'FALSE', 0, NULL, NULL),
(2510, 1172, 56, 2845, 10, 4, 2, 4, 'FALSE', 0, NULL, NULL),
(2511, 1172, 56, 2845, 5, 1, 0, 0, 'FALSE', 0, NULL, NULL),
(2512, 1176, 56, 2845, 11, 1, 0, 0, 'ON', 0, NULL, NULL),
(2513, 1176, 56, 2845, 5, 2, 0, 6, 'ON', 0, NULL, NULL),
(2515, 1594, 59, 2837, 10, 13, 0, 0, NULL, 0, NULL, NULL),
(2516, 1594, 59, 2837, 4, 3, 0, 4, NULL, 0, NULL, NULL),
(2517, 1594, 59, 2837, 10, 3, 0, 4, NULL, 0, NULL, NULL),
(2518, 1594, 59, 2837, 8, 3, 0, 4, NULL, 0, NULL, NULL),
(2519, 1594, 59, 2837, 5, 7, 0, 0, NULL, 0, NULL, NULL),
(2520, 1594, 59, 2837, 7, 7, 0, 0, NULL, 0, NULL, NULL),
(2526, 1106, 56, 2845, 3, 10, 0, 0, NULL, 0, NULL, NULL),
(2527, 1106, 56, 2845, 10, 6, 0, 0, NULL, 0, NULL, NULL),
(2528, 1112, 56, 2845, 8, 10, 0, 0, 'FALSE', 0, NULL, NULL),
(2522, 1594, 59, 2837, 6, 3, 0, 4, NULL, 0, NULL, NULL),
(2523, 1594, 59, 2837, 9, 7, 0, 0, NULL, 0, NULL, NULL),
(2524, 1594, 56, 2845, 7, 1, 0, 4, NULL, 0, NULL, NULL),
(2529, 1176, 56, 2845, 5, 7, 0, 0, 'ON', 0, NULL, NULL),
(2530, 1176, 56, 2845, 1, 7, 0, 6, 'FALSE', 0, NULL, NULL),
(2531, 1176, 56, 2845, 1, 9, 0, 6, 'FALSE', 0, NULL, NULL),
(2532, 1176, 56, 2845, 1, 8, 0, 6, 'FALSE', 0, NULL, NULL),
(2533, 1176, 56, 2845, 11, 10, 0, 0, 'FALSE', 0, NULL, NULL),
(2556, 1179, 55, 2835, 0, 5, 0, 2, 'FALSE', 2557, NULL, NULL),
(2555, 2360, 55, 2828, 0, 0, 0, 0, '9CCEFF WoD; Messina Square - Signpost\r\rA signpost reads...\r\r<-- The Ducks Boots Inn\r\r\r        The Slums District -->\r  [Leading to: The Salty Seadog]', 0, 'leftwall 5.7813,-2.4444,5781', NULL),
(2535, 1073, 55, 2828, 9, 5, 0, 0, NULL, 0, NULL, NULL),
(2537, 1126, 56, 2845, 2, 4, 6, 4, 'ON', 0, NULL, NULL),
(2539, 1126, 56, 2845, 3, 4, 6, 2, 'ON', 0, NULL, NULL),
(3251, 2360, 55, 2828, 0, 0, 0, 0, '9CCEFF WoD; Messina - Slums\rA signpost reads...\r\rUpper city                  >\r[Leading to:\r- The Gilded Cup\r- Theatre of Dreams\r- Church of the Virgin Mother\r\rMarket District             >>\r\rPromenade                 >>>', 0, 'leftwall -3.6250,-1.9444,3625', NULL),
(2554, 1126, 56, 2846, 9, 4, 4, 4, 'ON', 0, NULL, NULL),
(2543, 1014, 55, 2828, 9, 10, 0, 4, NULL, 0, NULL, NULL),
(2544, 1142, 55, 2828, 11, 4, 0, 0, NULL, 0, NULL, NULL),
(2545, 1014, 55, 2828, 8, 5, 0, 6, NULL, 0, NULL, NULL),
(2546, 1142, 55, 2828, 8, 10, 0, 0, NULL, 0, NULL, NULL),
(2547, 1142, 55, 2828, 8, 4, 0, 0, NULL, 0, NULL, NULL),
(2557, 1179, 55, 2829, 8, 0, 0, 4, 'FALSE', 2556, NULL, NULL),
(2548, 1014, 55, 2829, 6, 2, 0, 2, NULL, 0, NULL, NULL),
(2553, 1142, 55, 2828, 11, 10, 0, 0, NULL, 0, NULL, NULL),
(2549, 1014, 55, 2829, 3, 5, 0, 4, NULL, 0, NULL, NULL),
(2550, 1014, 55, 2828, 9, 4, 0, 0, NULL, 0, NULL, NULL),
(2551, 1014, 55, 2828, 8, 8, 0, 6, NULL, 0, NULL, NULL),
(2558, 1126, 56, 2846, 6, 4, 4, 4, 'ON', 0, NULL, NULL),
(2559, 1126, 56, 2846, 10, 4, 4, 4, 'ON', 0, NULL, NULL),
(2560, 1126, 56, 2846, 7, 4, 4, 4, 'ON', 0, NULL, NULL),
(2561, 1126, 56, 2846, 8, 4, 4, 4, 'ON', 0, NULL, NULL),
(2564, 1113, 56, 2846, 5, 6, 0, 0, NULL, 0, NULL, NULL),
(2565, 1113, 56, 2846, 7, 6, 0, 0, NULL, 0, NULL, NULL),
(2568, 1112, 55, 2829, 6, 1, 0, 0, 'FALSE', 0, NULL, NULL),
(2566, 1126, 56, 2846, 5, 4, 4, 4, 'ON', 0, NULL, NULL),
(2567, 1106, 55, 2829, 7, 2, 0, 0, NULL, 0, NULL, NULL),
(2569, 1012, 55, 2829, 7, 9, 0, 2, NULL, 0, NULL, NULL),
(2570, 1113, 55, 2829, 6, 8, 0, 2, NULL, 0, NULL, NULL),
(2571, 1113, 55, 2829, 5, 2, 0, 2, NULL, 0, NULL, NULL),
(2572, 1114, 55, 2829, 5, 4, 0, 0, NULL, 0, NULL, NULL),
(2573, 1002, 55, 2829, 5, 0, 0, 0, NULL, 0, NULL, NULL),
(2574, 1002, 55, 2829, 10, 0, 0, 0, NULL, 0, NULL, NULL),
(2575, 1155, 56, 2846, 5, 5, 0, 2, 'ON', 0, NULL, NULL),
(2576, 1176, 55, 2829, 7, 0, 0, 0, 'OFF', 0, NULL, NULL),
(2577, 1176, 55, 2829, 9, 0, 0, 0, 'OFF', 0, NULL, NULL),
(2578, 1155, 56, 2846, 8, 5, 0, 2, 'ON', 0, NULL, NULL),
(2579, 1126, 56, 2840, 5, 0, 4, 4, 'ON', 0, NULL, NULL),
(2580, 1126, 56, 2840, 6, 0, 4, 2, 'ON', 0, NULL, NULL),
(2581, 1126, 56, 2841, 6, 0, 6, 4, 'ON', 0, NULL, NULL),
(2582, 1113, 55, 2829, 7, 10, 0, 0, NULL, 0, NULL, NULL),
(2583, 1114, 55, 2829, 6, 10, 0, 4, NULL, 0, NULL, NULL),
(2584, 1113, 55, 2829, 9, 10, 0, 0, NULL, 0, NULL, NULL),
(2585, 1002, 55, 2829, 1, 4, 0, 0, NULL, 0, NULL, NULL),
(2586, 1002, 55, 2829, 3, 4, 0, 0, NULL, 0, NULL, NULL),
(2594, 1113, 56, 2846, 9, 6, 0, 0, NULL, 0, NULL, NULL),
(2588, 1114, 55, 2829, 5, 1, 0, 6, NULL, 0, NULL, NULL),
(2589, 1114, 55, 2829, 11, 10, 0, 0, NULL, 0, NULL, NULL),
(2590, 1114, 55, 2829, 6, 7, 0, 2, NULL, 0, NULL, NULL),
(2591, 1114, 55, 2829, 7, 7, 0, 6, NULL, 0, NULL, NULL),
(2593, 1016, 56, 2846, 8, 8, 0, 2, NULL, 0, NULL, NULL),
(2595, 1114, 55, 2829, 11, 1, 0, 2, NULL, 0, NULL, NULL),
(2596, 1113, 55, 2829, 11, 8, 0, 2, NULL, 0, NULL, NULL),
(2597, 1113, 55, 2829, 11, 2, 0, 2, NULL, 0, NULL, NULL),
(2598, 1113, 55, 2829, 11, 4, 0, 2, NULL, 0, NULL, NULL),
(2599, 1113, 55, 2829, 11, 6, 0, 2, NULL, 0, NULL, NULL),
(2600, 1106, 55, 2829, 5, 4, 2, 0, NULL, 0, NULL, NULL),
(2601, 1106, 55, 2829, 8, 10, 2, 0, NULL, 0, NULL, NULL),
(2602, 1106, 55, 2829, 2, 7, 0, 0, NULL, 0, NULL, NULL),
(2603, 1105, 55, 2829, 6, 4, 0, 0, NULL, 0, NULL, NULL),
(2604, 1105, 55, 2829, 1, 10, 0, 0, NULL, 0, NULL, NULL),
(2605, 1112, 55, 2829, 6, 8, 2, 0, 'FALSE', 0, NULL, NULL),
(2606, 2409, 55, 2829, 0, 0, 0, 0, '24', 0, 'leftwall -3.2188,-5.0000,3219', NULL),
(2607, 2409, 55, 2829, 0, 0, 0, 0, '15', 0, 'leftwall 6.7500,-0.2222,6750', NULL),
(2608, 2409, 55, 2829, 0, 0, 0, 0, '15', 0, 'leftwall 8.2188,-0.2222,8219', NULL),
(2610, 2409, 55, 2829, 0, 0, 0, 0, '15', 0, 'leftwall 5.1563,-0.1667,7001', NULL),
(2611, 2409, 55, 2829, 0, 0, 0, 0, '15', 0, 'leftwall 5.1875,2.7222,7001', NULL),
(2612, 2409, 55, 2829, 0, 0, 0, 0, '15', 0, 'leftwall 6.7813,2.6667,6781', NULL),
(2615, 1594, 56, 2846, 7, 8, 0, 2, NULL, 0, NULL, NULL),
(2616, 1019, 56, 2846, 10, 8, 0, 6, NULL, 0, NULL, NULL),
(2618, 1176, 56, 2846, 10, 10, 0, 0, 'FALSE', 0, NULL, NULL),
(2617, 2409, 55, 2829, 0, 0, 0, 0, '24', 0, 'leftwall 7.9063,2.0000,7906', NULL),
(2619, 1176, 56, 2846, 5, 10, 0, 0, 'FALSE', 0, NULL, NULL),
(2620, 1179, 56, 2846, 4, 7, 0, 0, 'FALSE', 2621, NULL, NULL),
(2621, 1179, 56, 2845, 10, 0, 0, 4, 'FALSE', 0, NULL, NULL),
(2622, 1012, 55, 2829, 2, 8, 0, 4, NULL, 0, NULL, NULL),
(2623, 1012, 55, 2829, 2, 10, 0, 0, NULL, 0, NULL, NULL),
(2624, 1012, 55, 2829, 1, 9, 0, 2, NULL, 0, NULL, NULL),
(2625, 1176, 55, 2829, 1, 8, 0, 0, 'FALSE', 0, NULL, NULL),
(2626, 1179, 55, 2829, 7, 8, 0, 2, 'FALSE', 2627, NULL, NULL),
(2627, 1179, 59, 2814, 8, 2, 0, 4, 'FALSE', 0, NULL, NULL),
(2628, 2360, 55, 2829, 0, 0, 0, 0, 'FF9CFF WoD; Messina Slums - Scene\r\rThe stench of the slums is nigh on unbearable, human sewage flows through an open gutter giving off a ripe smell.\r\rAll around you there are discarded bottles, cans and food containers. Street corners look out of place without a pool of sick...', 0, 'leftwall 4.3438,0.6111,7001', NULL),
(2629, 1114, 59, 2838, 2, 10, 2, 0, NULL, 0, NULL, NULL),
(2630, 2360, 55, 2829, 0, 0, 0, 0, 'FF9CFF WoD; Messina Slums - Signpost\r\rA dilapidated signpost reads...\r\r\r\\/ - Lower slums\r\r\r                        Slums -->\r  [Leading to: The Salty Seadog]', 0, 'leftwall -2.2500,-5.3333,2250', NULL),
(2631, 1114, 59, 2838, 11, 3, 0, 0, NULL, 0, NULL, NULL),
(2632, 1114, 59, 2838, 6, 3, 2, 2, NULL, 0, NULL, NULL),
(2633, 1114, 59, 2838, 7, 8, 2, 0, NULL, 0, NULL, NULL),
(2634, 1114, 59, 2838, 6, 8, 2, 4, NULL, 0, NULL, NULL),
(2635, 1114, 59, 2838, 11, 3, 2, 0, NULL, 0, NULL, NULL),
(2636, 1114, 59, 2838, 2, 8, 0, 2, NULL, 0, NULL, NULL),
(2637, 1114, 59, 2838, 5, 8, 0, 0, NULL, 0, NULL, NULL),
(2638, 1114, 59, 2838, 2, 8, 2, 6, NULL, 0, NULL, NULL),
(2639, 1114, 59, 2838, 2, 10, 0, 0, NULL, 0, NULL, NULL),
(2640, 1113, 59, 2838, 9, 3, 0, 0, NULL, 0, NULL, NULL),
(2641, 1113, 59, 2847, 8, 4, 0, 2, NULL, 0, NULL, NULL),
(2642, 1113, 59, 2838, 9, 3, 2, 0, NULL, 0, NULL, NULL),
(2643, 1113, 59, 2847, 8, 0, 0, 2, NULL, 0, NULL, NULL),
(2644, 1113, 59, 2847, 8, 10, 0, 2, NULL, 0, NULL, NULL),
(2645, 1113, 59, 2849, 7, 3, 0, 2, NULL, 0, NULL, NULL),
(2646, 2360, 56, 0, 0, 0, 0, 0, '7', 0, NULL, NULL),
(2647, 1018, 59, 2838, 7, 4, 0, 0, NULL, 0, NULL, NULL),
(2648, 1018, 59, 2838, 10, 4, 0, 0, NULL, 0, NULL, NULL),
(2649, 1018, 59, 2838, 8, 4, 0, 0, NULL, 0, NULL, NULL),
(2650, 1018, 59, 2838, 9, 4, 0, 0, NULL, 0, NULL, NULL),
(2651, 1018, 59, 2838, 11, 4, 0, 0, NULL, 0, NULL, NULL),
(2652, 1019, 59, 2838, 11, 5, 0, 0, NULL, 0, NULL, NULL),
(2653, 1019, 59, 2838, 10, 5, 0, 0, NULL, 0, NULL, NULL),
(2654, 1019, 59, 2838, 7, 5, 0, 0, NULL, 0, NULL, NULL),
(2655, 1019, 59, 2838, 8, 5, 0, 0, NULL, 0, NULL, NULL),
(2656, 1019, 59, 2838, 9, 5, 0, 0, NULL, 0, NULL, NULL),
(2657, 1594, 59, 2838, 4, 7, 0, 0, NULL, 0, NULL, NULL),
(2658, 1594, 59, 2838, 2, 3, 0, 4, NULL, 0, NULL, NULL),
(2659, 1594, 59, 2838, 2, 7, 0, 0, NULL, 0, NULL, NULL),
(2660, 1594, 59, 2838, 4, 3, 0, 4, NULL, 0, NULL, NULL),
(2661, 1142, 59, 2838, 6, 3, 4, 0, NULL, 0, NULL, NULL),
(2662, 1142, 59, 2838, 9, 8, 2, 0, NULL, 0, NULL, NULL),
(2663, 1142, 59, 2838, 6, 8, 4, 0, NULL, 0, NULL, NULL),
(2664, 1147, 59, 2838, 2, 8, 4, 0, NULL, 0, NULL, NULL),
(2665, 1147, 59, 2838, 2, 10, 4, 0, NULL, 0, NULL, NULL),
(2666, 1147, 59, 2838, 11, 10, 0, 0, NULL, 0, NULL, NULL),
(2670, 2360, 56, 2841, 0, 0, 0, 0, 'FF9CFF WoD; Roleplay Scene;\r\rYou walk down a brightly lit street, perfectly clean of any mess. \r\rYou carry on walking down the road and notice a sidepath, surrounded with lights. \r\rNoticing a door, you walk up to it and enter...\r', 0, 'leftwall 3.7188,3.7222,7001', NULL),
(2671, 2409, 56, 2840, 0, 0, 0, 0, '2', 0, 'leftwall 5.4375,-3.1667,5438', NULL),
(2672, 2409, 56, 2840, 0, 0, 0, 0, '13', 0, 'frontwall -10.4063,-15.6111,10406', NULL),
(2674, 1594, 59, 2838, 7, 10, 0, 0, NULL, 0, NULL, NULL),
(2675, 1594, 59, 2838, 3, 10, 0, 0, NULL, 0, NULL, NULL),
(2676, 1594, 59, 2838, 11, 8, 0, 6, NULL, 0, NULL, NULL),
(2677, 1594, 59, 2838, 9, 10, 0, 0, NULL, 0, NULL, NULL),
(2678, 1594, 59, 2838, 5, 10, 0, 0, NULL, 0, NULL, NULL),
(2679, 1142, 59, 2838, 11, 7, 0, 0, NULL, 0, NULL, NULL),
(2685, 1179, 59, 2825, 7, 8, 0, 0, 'FALSE', 2686, NULL, NULL),
(2683, 1179, 59, 2838, 7, 7, 0, 0, 'FALSE', 2684, NULL, NULL),
(2684, 1179, 59, 2838, 2, 9, 0, 0, 'FALSE', 2683, NULL, NULL),
(2686, 1179, 59, 2838, 1, 5, 0, 0, 'FALSE', 2685, NULL, NULL),
(2687, 2360, 56, 2840, 0, 0, 0, 0, 'FF9CFF WoD; Roleplay Scene;\r\rYou enter a dim looking room, clearly a sort of bar. Only with a dance floor. The lights are low and it''s not very popular.\r\rGothic and punk music can be heard playing in the room. You decide to sit down and have quick drink before heading upstairs/back outside..\r', 0, 'leftwall -0.4063,-1.8333,406', NULL),
(2688, 2360, 72, 0, 0, 0, 0, 0, '18', 0, NULL, NULL),
(2689, 2360, 72, 2839, 0, 0, 0, 0, '9CFF9C As you step into the small, quiet pub, you become aware of a faint, slightly unpleasant odour lingering around the room. You notice the furniture, made of some cheap wood, is battered and chipped, and it''s obvious the tables haven''t been wiped down in a while. The carpet is scratchy and stained, though the walls look freshly painted.\r\r', 0, 'leftwall 0.8125,-1.7222,10001', NULL),
(2693, 1002, 55, 2835, 1, 4, 0, 0, NULL, 0, NULL, NULL),
(2692, 1002, 55, 2835, 10, 0, 0, 0, NULL, 0, NULL, NULL),
(2694, 1002, 55, 2835, 5, 0, 0, 0, NULL, 0, NULL, NULL),
(2695, 1176, 55, 2835, 9, 7, 0, 0, 'FALSE', 0, NULL, NULL),
(2696, 1176, 55, 2835, 3, 7, 0, 0, 'FALSE', 0, NULL, NULL),
(2698, 1176, 55, 2835, 9, 0, 0, 0, 'FALSE', 0, NULL, NULL),
(2699, 1176, 55, 2835, 7, 0, 0, 0, 'OFF', 0, NULL, NULL),
(2700, 1113, 55, 2835, 5, 8, 0, 0, NULL, 0, NULL, NULL),
(2701, 1113, 55, 2835, 5, 2, 0, 2, NULL, 0, NULL, NULL),
(2702, 1113, 55, 2835, 4, 9, 0, 2, NULL, 0, NULL, NULL),
(2703, 1113, 55, 2835, 10, 6, 0, 2, NULL, 0, NULL, NULL),
(2704, 1114, 55, 2835, 10, 1, 0, 2, NULL, 0, NULL, NULL),
(2705, 1114, 55, 2835, 5, 4, 0, 0, NULL, 0, NULL, NULL),
(2706, 1114, 55, 2835, 5, 1, 0, 6, NULL, 0, NULL, NULL),
(2707, 1113, 55, 2835, 8, 8, 0, 0, NULL, 0, NULL, NULL),
(2708, 1113, 55, 2835, 10, 2, 0, 2, NULL, 0, NULL, NULL),
(2709, 1113, 55, 2835, 10, 4, 0, 2, NULL, 0, NULL, NULL),
(2710, 1114, 55, 2835, 11, 1, 0, 0, NULL, 0, NULL, NULL),
(2711, 1114, 55, 2835, 10, 8, 0, 0, NULL, 0, NULL, NULL),
(2712, 1114, 55, 2835, 4, 8, 0, 2, NULL, 0, NULL, NULL),
(2713, 1012, 55, 2835, 5, 10, 0, 2, NULL, 0, NULL, NULL),
(2714, 1012, 55, 2835, 5, 9, 0, 2, NULL, 0, NULL, NULL),
(2715, 1113, 55, 2835, 1, 7, 0, 2, NULL, 0, NULL, NULL),
(2716, 1114, 55, 2835, 1, 6, 0, 6, NULL, 0, NULL, NULL),
(2718, 1113, 55, 2835, 1, 9, 0, 2, NULL, 0, NULL, NULL),
(2719, 1012, 55, 2835, 2, 10, 0, 0, NULL, 0, NULL, NULL),
(2720, 1012, 55, 2835, 3, 10, 0, 0, NULL, 0, NULL, NULL),
(2722, 2409, 55, 2835, 0, 0, 0, 0, '15', 0, 'leftwall 6.1875,1.7778,6188', NULL),
(2723, 2409, 55, 2835, 0, 0, 0, 0, '15', 0, 'leftwall 7.7813,1.8333,7781', NULL),
(2724, 2409, 55, 2835, 0, 0, 0, 0, '24', 0, 'leftwall -3.0938,-5.5000,3094', NULL),
(2725, 1112, 55, 2835, 6, 3, 0, 0, '6', 0, NULL, NULL),
(2727, 1106, 55, 2835, 1, 6, 2, 0, NULL, 0, NULL, NULL),
(2728, 1106, 55, 2835, 11, 10, 0, 0, NULL, 0, NULL, NULL),
(2729, 1105, 55, 2835, 5, 5, 0, 0, NULL, 0, NULL, NULL),
(2730, 1126, 55, 2835, 6, 8, 2, 4, 'FALSE', 0, NULL, NULL),
(2732, 2360, 56, 2841, 0, 0, 0, 0, 'FF9CFF WoD; Roleplay Info;\r\rThe Club has a large sign above the door saying "After Life." It''s meaning known only to the Kindred.\r\rCurrently owned and run by;\rCale Saldio.\r\rCCTV and NPC Bouncers in operation.', 0, 'frontwall -6.5000,-6.7778,6500', NULL),
(2733, 2360, 5, 2780, 0, 0, 0, 0, 'FFFF31 ', 0, 'frontwall -5.2813,-3.6111,5281', NULL),
(2734, 2360, 5, 2780, 0, 0, 0, 0, 'FFFF31 ', 0, 'leftwall 3.0313,-2.2222,3031', NULL),
(2735, 2360, 5, 2780, 0, 0, 0, 0, 'FFFF31 ', 0, 'leftwall -0.2188,-3.3333,219', NULL),
(2736, 2360, 55, 2835, 0, 0, 0, 0, 'FF9CFF WoD; Messina Slums - Scene\r\rThis portion of the Slums contains the entrance to the sewers- and it shows through the smell.\r\rIf you happened to stumble off the main path leading to The Salty Seadog it is far too easy to find oneself treading the paths of the sewer system.', 0, 'leftwall 4.3750,1.5556,7001', NULL),
(2737, 2360, 5, 2780, 0, 0, 0, 0, 'FFFF31 ', 0, 'leftwall -0.5313,-5.0000,531', NULL),
(2738, 2360, 5, 2780, 0, 0, 0, 0, 'FFFF31 ', 0, 'leftwall -0.4063,-5.7778,406', NULL),
(2739, 2360, 5, 2780, 0, 0, 0, 0, 'FFFF31 ', 0, 'leftwall 1.7813,-4.0000,10001', NULL),
(2740, 2360, 5, 2780, 0, 0, 0, 0, 'FFFF31 ', 0, 'leftwall -0.8125,-3.6111,813', NULL),
(2741, 2360, 5, 2780, 0, 0, 0, 0, 'FFFF31 ', 0, 'leftwall -1.2500,-1.7778,1250', NULL),
(2742, 2360, 5, 2780, 0, 0, 0, 0, 'FFFF31 ', 0, 'leftwall 2.7813,-1.6111,2781', NULL),
(2743, 2360, 5, 2780, 0, 0, 0, 0, 'FFFF31 ', 0, 'leftwall -0.0313,-1.8889,10001', NULL),
(2744, 2360, 5, 2780, 0, 0, 0, 0, 'FFFF31 ', 0, 'frontwall -4.2188,-3.7778,4219', NULL),
(2745, 2360, 5, 2780, 0, 0, 0, 0, 'FFFF31 ', 0, 'frontwall -4.2500,-2.4444,4250', NULL),
(2746, 2360, 5, 2780, 0, 0, 0, 0, 'FFFF31 ', 0, 'leftwall 4.3750,-5.9444,4375', NULL),
(2747, 2360, 5, 2780, 0, 0, 0, 0, 'FFFF31 ', 0, 'leftwall 5.5313,-2.8889,5531', NULL),
(2748, 2360, 5, 2780, 0, 0, 0, 0, 'FFFF31 ', 0, 'leftwall 5.1563,-5.3333,5156', NULL),
(2749, 2360, 5, 2780, 0, 0, 0, 0, 'FFFF31 ', 0, 'leftwall 3.8750,-5.7778,3875', NULL),
(2750, 2360, 5, 2780, 0, 0, 0, 0, 'FFFF31 ', 0, 'leftwall 5.5000,-6.0000,5500', NULL),
(2753, 1179, 59, 2847, 3, 5, 0, 2, 'FALSE', 2754, NULL, NULL),
(2754, 1179, 55, 2835, 11, 2, 0, 4, 'FALSE', 2753, NULL, NULL),
(2755, 2360, 56, 2840, 0, 0, 0, 0, 'FFFF31 WoD; Room Info;\r\r-------------------------------->>\rLeads to Floor II of "After Life." and is also the "Rave" floor for the more younger and energy filled clubbers. Unlike this floor which is gothic and punk, to suit the audience required.\r\rRegular I.D Checks are in operation.', 0, 'frontwall -10.8125,-14.3333,10813', NULL),
(2756, 1179, 55, 2830, 2, 5, 0, 2, 'FALSE', 2757, NULL, NULL),
(2757, 1179, 55, 2835, 8, 0, 0, 4, 'FALSE', 2756, NULL, NULL),
(2758, 2360, 56, 2845, 0, 0, 0, 0, 'FF9CFF WoD; Roleplay Scene;\r\rThe basslines and dubstep pump loudly into your eyes. All you can see is young humans and possibly vampires dancing around you. \r\rYou notice signs of drug deals and sexual acts occuring around the floor. Yet, you walk on by towards the bar.\r', 0, 'leftwall 3.6250,3.6667,7001', NULL),
(2759, 2360, 55, 2835, 0, 0, 0, 0, 'FF9CFF WoD; Messina Slums - Signpost\r\rA dilapidated signpost reads...\r\r             The Salty Spitoon ->\r            [How tough are ye''?]\r\r\r\r                   Sewers\r                          \\l\r<- Air-raid Bunker.', 0, 'leftwall -4.3438,-5.0000,4344', NULL),
(2760, 2360, 56, 2845, 0, 0, 0, 0, 'FFFF31 WoD; Room Info;\r\r------------------------------->>>\rLeads back down to Floor I, the casual bar and gothic & punk floor. \r\rCCTV and Bouncers are in operation as well as regular and random I.D Checks.', 0, 'leftwall 4.4688,2.8333,7001', NULL),
(2761, 1149, 59, 2847, 9, 4, 0, 0, NULL, 0, NULL, NULL),
(2762, 1149, 59, 2847, 9, 9, 0, 0, NULL, 0, NULL, NULL),
(2763, 1149, 59, 2847, 9, 0, 0, 0, NULL, 0, NULL, NULL),
(2764, 2360, 56, 2845, 0, 0, 0, 0, 'FFFF31 WoD; Room Info;\r\r<<-------------------------------\r\rLeads to the off limits Office and CCTV room. This if for STAFF ONLY. Anybody caught in here or trying to access here without permission will be thrown out.\r\rBouncers guard the door.', 0, 'frontwall -11.8438,-20.3333,11844', NULL),
(2765, 2360, 55, 2830, 0, 0, 0, 0, 'FF9CFF WoD; The Salty Spitoon - Scene\r\rA line of tough men from the slums queues outside, waiting to prove how tough they are to a pale, sickly looking doorman.\r\rThe stench of alcohol is thick in the air, masking the foul fumes emanating from the Slums you just left behind...', 0, 'leftwall 2.2813,-1.9444,9001', NULL),
(2969, 1114, 59, 2847, 8, 12, 0, 4, NULL, 0, NULL, NULL),
(2770, 1113, 59, 2847, 8, 6, 0, 2, NULL, 0, NULL, NULL),
(2771, 1110, 59, 2847, 10, 5, 0, 0, 'FALSE', 0, NULL, NULL),
(2772, 1113, 59, 2847, 8, 2, 0, 2, NULL, 0, NULL, NULL),
(2773, 1014, 59, 2847, 7, 7, 0, 6, NULL, 0, NULL, NULL),
(2774, 1014, 59, 2847, 4, 8, 0, 2, NULL, 0, NULL, NULL),
(2775, 1014, 59, 2847, 4, 6, 0, 2, NULL, 0, NULL, NULL),
(2776, 2409, 59, 2847, 0, 0, 0, 0, '9', 0, 'leftwall -1.1250,-5.0556,1125', NULL),
(2777, 2409, 59, 2847, 0, 0, 0, 0, '24', 0, 'frontwall -10.9375,-15.7222,10938', NULL),
(2778, 2409, 59, 2847, 0, 0, 0, 0, '24', 0, 'leftwall 6.6250,-3.4444,6625', NULL),
(2779, 2360, 56, 2846, 0, 0, 0, 0, 'FF9CFF WoD; Roleplay Scene;\r\rYou enter a small room, with several television screens on the wall. Obviously, the CCTV cameras.\r\rThe muffled noises of music can be heard from the floor back through the door.\r\rTwo, large bald men sit in here.', 0, 'leftwall 1.5625,-3.4444,13001', NULL),
(2780, 1113, 59, 2847, 8, 8, 0, 2, NULL, 0, NULL, NULL),
(2782, 1117, 55, 2830, 7, 3, 0, 2, NULL, 0, NULL, NULL),
(2783, 2360, 56, 2846, 0, 0, 0, 0, 'FFFF31 WoD; Room Info;\r\r------------------------------>>>>\r\rLeads back to Floor II of the club. \r\rThis is the office of Cale Saldio where he can usually be found. Bouncers are stationed outside and inside the room for extra security.', 0, 'leftwall 2.4063,-4.6667,13001', NULL),
(2784, 1159, 59, 2847, 9, 8, 0, 0, NULL, 0, NULL, NULL),
(2785, 1159, 59, 2847, 11, 4, 0, 0, NULL, 0, NULL, NULL),
(2786, 1159, 59, 2847, 11, 0, 0, 0, NULL, 0, NULL, NULL),
(2787, 2413, 59, 2847, 10, 10, 0, 0, NULL, 0, NULL, NULL),
(2820, 2360, 55, 0, 0, 0, 0, 0, '11', 0, NULL, NULL),
(2821, 1106, 55, 2830, 8, 3, 2, 0, NULL, 0, NULL, NULL),
(2790, 2413, 59, 2847, 11, 11, 0, 0, NULL, 0, NULL, NULL),
(2791, 2413, 59, 2847, 9, 13, 0, 0, NULL, 0, NULL, NULL),
(2792, 2413, 59, 2847, 9, 5, 0, 0, NULL, 0, NULL, NULL),
(2793, 2413, 59, 2847, 10, 9, 0, 0, NULL, 0, NULL, NULL),
(2794, 2413, 59, 2847, 9, 7, 0, 0, NULL, 0, NULL, NULL),
(2795, 2413, 59, 2847, 9, 9, 0, 0, NULL, 0, NULL, NULL),
(2796, 2413, 59, 2847, 11, 6, 0, 0, NULL, 0, NULL, NULL),
(2797, 2413, 59, 2847, 10, 6, 0, 0, NULL, 0, NULL, NULL),
(2798, 1075, 59, 2847, 9, 11, 0, 0, NULL, 0, NULL, NULL),
(2799, 1075, 59, 2847, 11, 7, 0, 0, NULL, 0, NULL, NULL),
(2800, 1075, 59, 2847, 11, 9, 0, 0, NULL, 0, NULL, NULL),
(2801, 1039, 55, 2830, 7, 4, 0, 0, NULL, 0, NULL, NULL),
(2802, 1039, 55, 2830, 8, 4, 0, 0, NULL, 0, NULL, NULL),
(2803, 1105, 59, 2847, 11, 10, 0, 0, NULL, 0, NULL, NULL),
(2804, 1039, 55, 2830, 9, 4, 0, 0, NULL, 0, NULL, NULL),
(2805, 1105, 59, 2847, 4, 10, 0, 0, NULL, 0, NULL, NULL),
(2806, 1106, 59, 2847, 10, 13, 0, 0, NULL, 0, NULL, NULL),
(2807, 1106, 59, 2847, 10, 8, 0, 0, NULL, 0, NULL, NULL),
(2808, 1112, 59, 2847, 10, 3, 0, 0, 'FALSE', 0, NULL, NULL),
(2809, 2360, 72, 2839, 0, 0, 0, 0, 'FFFF31 You glance over to the bar, and a middle aged man, wearing tattered dungarees, catches your eye. You notice he is unshaven and scruffy, and his long, tied-back hair is in need of a good wash. As you approach him, he introduces himself as Bob, the owner. However, despite appearing friendly, you instinctively know he isn''t one to mess with.\r', 0, 'leftwall 0.3750,-1.7222,10001', NULL),
(2810, 1112, 59, 2847, 8, 6, 2, 0, 'FALSE', 0, NULL, NULL),
(2811, 1106, 59, 2847, 9, 0, 0, 0, NULL, 0, NULL, NULL),
(2812, 1127, 59, 2847, 11, 12, 0, 0, '1', 0, NULL, NULL),
(2813, 1116, 55, 2830, 7, 1, 0, 0, 'FALSE', 0, NULL, NULL),
(2814, 2544, 59, 2847, 9, 6, 0, 0, NULL, 0, NULL, NULL),
(2815, 1040, 55, 2830, 1, 8, 0, 2, 'ON', 0, NULL, NULL),
(2816, 2545, 59, 2847, 11, 2, 0, 6, NULL, 0, NULL, NULL),
(2817, 2542, 59, 2847, 9, 2, 0, 4, NULL, 0, NULL, NULL),
(2818, 1035, 55, 2830, 7, 0, 0, 0, NULL, 0, NULL, NULL),
(3022, 2413, 59, 2849, 9, 4, 0, 0, NULL, 0, NULL, NULL),
(2875, 1179, 55, 2830, 9, 0, 0, 4, 'FALSE', 2876, NULL, NULL);
INSERT INTO `items` (`id`, `definitionid`, `ownerid`, `spaceid`, `x`, `y`, `z`, `rotation`, `customdata`, `teleporterid`, `wallposition`, `itemdata`) VALUES
(2822, 2360, 55, 2830, 0, 0, 0, 0, 'FF9CFF WoD; The Salty Spitoon - Scene\r\rInside the bar it is surprisingly calm considering the welcome you were given- men sit around drinking beer and peanuts whilst discussing their lives.\r\rA fight bursts out in one corner, but is quickly stamped out by a pale, wiry man who seems hard to focus on. Strange\r', 0, 'leftwall -5.8125,-6.8889,5813', NULL),
(2823, 2413, 59, 2847, 9, 12, 0, 0, NULL, 0, NULL, NULL),
(2824, 2413, 59, 2847, 9, 10, 0, 0, NULL, 0, NULL, NULL),
(2825, 2413, 59, 2847, 11, 8, 0, 0, NULL, 0, NULL, NULL),
(2826, 2413, 59, 2847, 9, 3, 0, 0, NULL, 0, NULL, NULL),
(2827, 2413, 59, 2847, 10, 4, 0, 0, NULL, 0, NULL, NULL),
(2828, 1036, 55, 2830, 9, 8, 0, 6, NULL, 0, NULL, NULL),
(2829, 2413, 59, 2847, 10, 2, 0, 0, NULL, 0, NULL, NULL),
(2830, 1036, 55, 2830, 6, 8, 0, 2, NULL, 0, NULL, NULL),
(2831, 2413, 59, 2847, 11, 3, 0, 0, NULL, 0, NULL, NULL),
(2832, 1037, 55, 2830, 7, 8, 0, 2, NULL, 0, NULL, NULL),
(2833, 1037, 55, 2830, 3, 8, 0, 0, NULL, 0, NULL, NULL),
(2834, 2413, 59, 2849, 10, 10, 0, 0, NULL, 0, NULL, NULL),
(2835, 1036, 55, 2830, 3, 10, 0, 0, NULL, 0, NULL, NULL),
(2836, 2413, 59, 2847, 9, 1, 0, 0, NULL, 0, NULL, NULL),
(2837, 1036, 55, 2830, 3, 7, 0, 4, NULL, 0, NULL, NULL),
(2838, 1075, 59, 2847, 11, 1, 0, 0, NULL, 0, NULL, NULL),
(2839, 1075, 59, 2847, 9, 4, 0, 0, NULL, 0, NULL, NULL),
(2840, 1075, 59, 2847, 11, 5, 0, 0, NULL, 0, NULL, NULL),
(2841, 1075, 59, 2847, 10, 7, 0, 0, NULL, 0, NULL, NULL),
(2844, 1031, 55, 2830, 3, 6, 0, 0, NULL, 0, NULL, NULL),
(2845, 1105, 59, 2847, 8, 0, 2, 0, NULL, 0, NULL, NULL),
(2846, 1105, 59, 2847, 10, 1, 0, 0, NULL, 0, NULL, NULL),
(2847, 1031, 55, 2830, 4, 6, 0, 0, NULL, 0, NULL, NULL),
(2848, 1106, 59, 2847, 7, 9, 0, 0, NULL, 0, NULL, NULL),
(2849, 1106, 59, 2847, 8, 4, 2, 0, NULL, 0, NULL, NULL),
(2850, 1112, 59, 2847, 4, 4, 0, 0, 'FALSE', 0, NULL, NULL),
(2851, 1031, 55, 2830, 5, 5, 0, 0, NULL, 0, NULL, NULL),
(2852, 1031, 55, 2830, 5, 3, 0, 0, NULL, 0, NULL, NULL),
(2853, 1031, 55, 2830, 5, 6, 0, 0, NULL, 0, NULL, NULL),
(2854, 1041, 55, 2830, 6, 3, 0, 0, 'FALSE', 0, NULL, NULL),
(2855, 1126, 55, 2830, 1, 10, 2, 0, 'ON', 0, NULL, NULL),
(2856, 1126, 55, 2830, 1, 7, 2, 0, 'ON', 0, NULL, NULL),
(2861, 1038, 55, 2830, 1, 10, 0, 0, NULL, 0, NULL, NULL),
(2859, 1105, 55, 2830, 4, 8, 2, 0, NULL, 0, NULL, NULL),
(2860, 1112, 55, 2830, 8, 9, 2, 0, 'FALSE', 0, NULL, NULL),
(2862, 1038, 55, 2830, 1, 7, 0, 0, NULL, 0, NULL, NULL),
(3062, 1179, 59, 2847, 4, 13, 0.2, 2, 'FALSE', 3061, NULL, NULL),
(2865, 1105, 59, 2811, 9, 12, 0, 0, NULL, 0, NULL, NULL),
(2866, 1017, 59, 2811, 9, 12, 0.2, 0, NULL, 0, NULL, NULL),
(2867, 1017, 59, 2811, 9, 12, 0.2, 0, NULL, 0, NULL, NULL),
(3063, 2360, 55, 2833, 0, 0, 0, 0, '9CCEFF WoD; Upper City - Signpost\r\rA Signpost reads...\r\r<- The Gilded Cup Tearoom\r\r\r          Theatre of Dreams >\r\rChurch of the Virgin Mother >>\r', 0, 'leftwall -1.9375,-3.3889,1938', NULL),
(2868, 1142, 59, 2811, 10, 10, 0, 0, NULL, 0, NULL, NULL),
(2869, 1142, 59, 2847, 6, 1, 0, 0, NULL, 0, NULL, NULL),
(2870, 1142, 59, 2847, 7, 6, 0, 0, NULL, 0, NULL, NULL),
(2871, 1147, 59, 2847, 4, 12, 0, 0, NULL, 0, NULL, NULL),
(2872, 1105, 59, 2811, 9, 9, 0, 0, NULL, 0, NULL, NULL),
(2873, 1017, 59, 2811, 9, 9, 0.2, 0, NULL, 0, NULL, NULL),
(2874, 1017, 59, 2811, 9, 9, 0.2, 0, NULL, 0, NULL, NULL),
(2876, 1179, 55, 2831, 2, 5, 0, 2, 'FALSE', 0, NULL, NULL),
(2878, 1179, 59, 2811, 9, 9, 0.2, 0, 'FALSE', 2877, NULL, NULL),
(2879, 1039, 59, 2811, 9, 9, 0.2, 0, NULL, 0, NULL, NULL),
(2880, 1160, 55, 2831, 7, 1, 0, 0, NULL, 0, NULL, NULL),
(2881, 1156, 55, 2831, 7, 1, 0, 0, 'FALSE', 0, NULL, NULL),
(2882, 1157, 55, 2831, 9, 0, 0, 4, 'FALSE', 0, NULL, NULL),
(2883, 1158, 55, 2831, 10, 2, 0, 6, 'ON', 0, NULL, NULL),
(2884, 1031, 55, 2831, 10, 5, 0, 0, NULL, 0, NULL, NULL),
(2885, 1031, 55, 2831, 8, 5, 0, 0, NULL, 0, NULL, NULL),
(2886, 1031, 55, 2831, 7, 5, 0, 0, NULL, 0, NULL, NULL),
(2887, 1031, 55, 2831, 6, 5, 0, 0, NULL, 0, NULL, NULL),
(2888, 1031, 55, 2831, 9, 5, 0, 0, NULL, 0, NULL, NULL),
(2889, 1031, 55, 2831, 6, 3, 0, 0, NULL, 0, NULL, NULL),
(3061, 1179, 59, 2811, 9, 12, 0.2, 2, 'FALSE', 3062, NULL, NULL),
(2890, 1031, 55, 2831, 3, 7, 0, 0, NULL, 0, NULL, NULL),
(2891, 1031, 55, 2831, 6, 10, 0, 0, NULL, 0, NULL, NULL),
(2892, 1031, 55, 2831, 3, 6, 0, 0, NULL, 0, NULL, NULL),
(2893, 1031, 55, 2831, 6, 7, 0, 0, NULL, 0, NULL, NULL),
(2894, 1031, 55, 2831, 6, 8, 0, 0, NULL, 0, NULL, NULL),
(2896, 1031, 55, 2831, 6, 9, 0, 0, NULL, 0, NULL, NULL),
(2899, 1149, 59, 2848, 9, 6, 0, 0, NULL, 0, NULL, NULL),
(2898, 1031, 55, 2831, 4, 7, 0, 0, NULL, 0, NULL, NULL),
(2915, 2413, 59, 2848, 9, 3, 0, 0, NULL, 0, NULL, NULL),
(2901, 1149, 59, 2848, 9, 1, 0, 0, NULL, 0, NULL, NULL),
(2902, 1113, 59, 2848, 8, 1, 0, 2, NULL, 0, NULL, NULL),
(2903, 1113, 59, 2848, 8, 9, 0, 2, NULL, 0, NULL, NULL),
(2904, 1113, 59, 2848, 8, 5, 0, 2, NULL, 0, NULL, NULL),
(2905, 1113, 59, 2848, 8, 7, 0, 2, NULL, 0, NULL, NULL),
(2906, 1113, 59, 2848, 8, 3, 0, 2, NULL, 0, NULL, NULL),
(2907, 1029, 55, 2831, 1, 7, 0, 0, NULL, 0, NULL, NULL),
(2908, 1021, 55, 2831, 4, 10, 0, 0, NULL, 0, NULL, NULL),
(2909, 1030, 55, 2831, 8, 6, 0, 0, NULL, 0, NULL, NULL),
(2910, 1013, 55, 2831, 8, 10, 0, 0, NULL, 0, NULL, NULL),
(2911, 1116, 55, 2831, 3, 3, 0, 4, 'FALSE', 0, NULL, NULL),
(2912, 1041, 55, 2831, 5, 10, 0, 0, 'FALSE', 0, NULL, NULL),
(2913, 1041, 55, 2831, 7, 10, 0, 0, 'FALSE', 0, NULL, NULL),
(2914, 2413, 59, 2848, 11, 2, 0, 0, NULL, 0, NULL, NULL),
(2916, 1159, 59, 2848, 11, 7, 0, 6, NULL, 0, NULL, NULL),
(2917, 1159, 59, 2848, 1, 5, 0, 0, NULL, 0, NULL, NULL),
(2918, 1159, 59, 2848, 11, 4, 0, 0, NULL, 0, NULL, NULL),
(2919, 1159, 59, 2848, 10, 9, 0, 0, NULL, 0, NULL, NULL),
(2920, 1159, 59, 2848, 9, 2, 0, 6, NULL, 0, NULL, NULL),
(2921, 1106, 59, 2848, 9, 10, 0, 0, NULL, 0, NULL, NULL),
(2922, 1106, 59, 2848, 9, 1, 0, 0, NULL, 0, NULL, NULL),
(2923, 1106, 59, 2848, 8, 2, 2, 0, NULL, 0, NULL, NULL),
(2924, 1105, 59, 2848, 1, 6, 0, 0, NULL, 0, NULL, NULL),
(2925, 1105, 59, 2848, 4, 8, 2, 0, NULL, 0, NULL, NULL),
(2926, 1105, 59, 2848, 2, 9, 0, 0, NULL, 0, NULL, NULL),
(2927, 1112, 59, 2848, 11, 3, 0, 0, 'FALSE', 0, NULL, NULL),
(2928, 1112, 59, 2848, 9, 5, 0, 0, 'FALSE', 0, NULL, NULL),
(2929, 1126, 59, 2848, 9, 7, 0, 0, 'ON', 0, NULL, NULL),
(2930, 1005, 59, 2848, 11, 6, 0, 0, NULL, 0, NULL, NULL),
(2931, 1178, 59, 2848, 10, 1, 0, 4, 'FALSE', 0, NULL, NULL),
(2932, 1001, 59, 2848, 9, 9, 0, 0, NULL, 0, NULL, NULL),
(2933, 1036, 59, 2848, 2, 5, 0, 0, NULL, 0, NULL, NULL),
(2934, 2542, 59, 2848, 9, 4, 0, 0, NULL, 0, NULL, NULL),
(2935, 2413, 59, 2848, 2, 10, 0, 0, NULL, 0, NULL, NULL),
(2936, 2413, 59, 2848, 10, 4, 0, 0, NULL, 0, NULL, NULL),
(2937, 2413, 59, 2848, 10, 5, 0, 0, NULL, 0, NULL, NULL),
(2938, 2413, 59, 2848, 10, 7, 0, 0, NULL, 0, NULL, NULL),
(2939, 2413, 59, 2847, 8, 13, 0, 0, NULL, 0, NULL, NULL),
(2940, 2413, 59, 2848, 11, 8, 0, 0, NULL, 0, NULL, NULL),
(2941, 2413, 59, 2848, 10, 10, 0, 0, NULL, 0, NULL, NULL),
(2942, 2413, 59, 2848, 10, 8, 0, 0, NULL, 0, NULL, NULL),
(2943, 2413, 59, 2848, 11, 10, 0, 0, NULL, 0, NULL, NULL),
(2944, 2413, 59, 2848, 10, 2, 0, 0, NULL, 0, NULL, NULL),
(2945, 2413, 59, 2848, 2, 6, 0, 0, NULL, 0, NULL, NULL),
(2946, 2413, 59, 2848, 3, 9, 0, 0, NULL, 0, NULL, NULL),
(2947, 2413, 59, 2848, 2, 8, 0, 0, NULL, 0, NULL, NULL),
(2948, 2413, 59, 2848, 3, 6, 0, 0, NULL, 0, NULL, NULL),
(2949, 1075, 59, 2848, 11, 9, 0, 0, NULL, 0, NULL, NULL),
(2950, 1075, 59, 2848, 11, 5, 0, 0, NULL, 0, NULL, NULL),
(2951, 1075, 59, 2848, 10, 6, 0, 0, NULL, 0, NULL, NULL),
(2952, 1075, 59, 2848, 10, 3, 0, 0, NULL, 0, NULL, NULL),
(2953, 2360, 55, 2831, 0, 0, 0, 0, 'FF9CFF WoD; Upstairs - Scene\r\rThe upstairs of the Salty Spitoon has two rooms available for rent, varying in degrees of luxury. There is also a washroom and as a result, the entire place smells of soap.\r\rIn your room you find you are not able to block out the sounds of the bar beneath.', 0, 'leftwall 2.4063,-1.2778,9001', NULL),
(2968, 2360, 55, 2844, 0, 0, 0, 0, '9CCEFF WoD; The Promenade - Scene\r\rCompared to the rest of Messina, The Promenade is a peaceful place. Far detached from the hustle and bustle of city life.\r\rOn the canal the occasional ship passes and the crew turn to wave at the couples strolling up and down the riverside...', 0, 'leftwall 1.6563,0.0556,9001', NULL),
(2954, 1149, 59, 2848, 1, 5, 0, 0, NULL, 0, NULL, NULL),
(2955, 1149, 59, 2848, 1, 6, 0, 0, NULL, 0, NULL, NULL),
(2956, 1113, 59, 2848, 4, 5, 0, 2, NULL, 0, NULL, NULL),
(2957, 1113, 59, 2848, 4, 7, 0, 2, NULL, 0, NULL, NULL),
(2958, 1113, 59, 2849, 7, 1, 0, 2, NULL, 0, NULL, NULL),
(2959, 1106, 59, 2848, 1, 10, 0, 0, NULL, 0, NULL, NULL),
(2960, 1155, 59, 2848, 1, 7, 0, 0, 'ON', 0, NULL, NULL),
(2961, 1159, 59, 2848, 3, 10, 0, 0, NULL, 0, NULL, NULL),
(2962, 1136, 59, 2848, 3, 8, 0, 0, NULL, 0, NULL, NULL),
(2963, 1114, 59, 2848, 4, 9, 0, 0, NULL, 0, NULL, NULL),
(2964, 1075, 59, 2848, 2, 7, 0, 0, NULL, 0, NULL, NULL),
(2965, 1075, 59, 2848, 3, 7, 0, 0, NULL, 0, NULL, NULL),
(2966, 1179, 59, 2847, 5, 1, 0, 4, 'FALSE', 2967, NULL, NULL),
(2967, 1179, 59, 2848, 4, 10, 0, 0, 'FALSE', 2966, NULL, NULL),
(2970, 1180, 59, 2848, 9, 8, 0, 2, 'FALSE', 2971, NULL, NULL),
(2971, 1180, 59, 2847, 10, 0, 0, 4, 'FALSE', 2970, NULL, NULL),
(2972, 1180, 59, 2849, 8, 1, 0, 0, 'FALSE', 2973, NULL, NULL),
(2973, 1180, 59, 2848, 11, 1, 0, 4, 'FALSE', 2972, NULL, NULL),
(2974, 1014, 59, 2848, 5, 7, 0, 2, NULL, 0, NULL, NULL),
(2975, 1014, 59, 2848, 5, 5, 0, 2, NULL, 0, NULL, NULL),
(2976, 2409, 59, 2848, 0, 0, 0, 0, '24', 0, 'frontwall 1.0938,-1.8889,1094', NULL),
(2977, 1106, 59, 2848, 7, 10, 0, 0, NULL, 0, NULL, NULL),
(2978, 1112, 59, 2848, 8, 1, 2, 0, 'FALSE', 0, NULL, NULL),
(2979, 1105, 59, 2848, 8, 5, 2, 0, NULL, 0, NULL, NULL),
(2980, 1142, 59, 2848, 6, 1, 0, 0, NULL, 0, NULL, NULL),
(2981, 1143, 59, 2848, 5, 4, 0, 0, NULL, 0, NULL, NULL),
(2982, 1147, 59, 2848, 5, 9, 0, 0, NULL, 0, NULL, NULL),
(2983, 1154, 59, 2848, 9, 6, 0, 0, NULL, 0, NULL, NULL),
(2984, 1145, 59, 2848, 7, 1, 0, 0, NULL, 0, NULL, NULL),
(2985, 1153, 59, 2848, 2, 10, 0, 0, NULL, 0, NULL, NULL),
(2986, 1179, 59, 2849, 2, 5, 0, 2, 'FALSE', 2987, NULL, NULL),
(2987, 1179, 59, 2848, 5, 1, 0, 4, 'FALSE', 2986, NULL, NULL),
(2990, 1149, 59, 2849, 8, 5, 0, 0, NULL, 0, NULL, NULL),
(2991, 1149, 59, 2849, 8, 0, 0, 0, NULL, 0, NULL, NULL),
(2992, 1149, 59, 2849, 8, 6, 0, 0, NULL, 0, NULL, NULL),
(2993, 2542, 59, 2849, 9, 2, 0, 0, NULL, 0, NULL, NULL),
(2994, 2545, 59, 2849, 8, 2, 0, 0, NULL, 0, NULL, NULL),
(2995, 1039, 59, 2849, 9, 10, 0, 0, NULL, 0, NULL, NULL),
(2996, 1001, 59, 2849, 8, 0, 0, 0, NULL, 0, NULL, NULL),
(2997, 1174, 59, 2849, 10, 0, 0, 0, NULL, 0, NULL, NULL),
(2998, 1176, 59, 2849, 10, 4, 0, 0, 'FALSE', 0, NULL, NULL),
(2999, 1172, 59, 2849, 9, 0, 0, 4, 'FALSE', 0, NULL, NULL),
(3000, 1159, 59, 2849, 10, 7, 0, 0, NULL, 0, NULL, NULL),
(3001, 1159, 59, 2849, 8, 3, 0, 0, NULL, 0, NULL, NULL),
(3002, 2409, 59, 2849, 0, 0, 0, 0, '24', 0, 'leftwall 0.0313,-2.2222,31', NULL),
(3003, 2409, 59, 2849, 0, 0, 0, 0, '24', 0, 'leftwall -6.0625,-8.8889,6063', NULL),
(3004, 1106, 59, 2849, 10, 9, 0, 0, NULL, 0, NULL, NULL),
(3005, 1112, 59, 2849, 10, 5, 0, 0, 'FALSE', 0, NULL, NULL),
(3006, 1105, 59, 2849, 7, 3, 2, 0, NULL, 0, NULL, NULL),
(3007, 1126, 59, 2849, 9, 7, 0, 0, 'FALSE', 0, NULL, NULL),
(3008, 1113, 59, 2852, 6, 4, 0, 0, NULL, 0, NULL, NULL),
(3009, 1113, 59, 2849, 7, 5, 0, 2, NULL, 0, NULL, NULL),
(3010, 1113, 59, 2849, 7, 7, 0, 2, NULL, 0, NULL, NULL),
(3011, 1110, 59, 2849, 9, 6, 0, 2, 'FALSE', 0, NULL, NULL),
(3012, 1001, 55, 2833, 10, 0, 0, 4, NULL, 0, NULL, NULL),
(3013, 1001, 55, 2833, 6, 0, 0, 4, NULL, 0, NULL, NULL),
(3014, 1001, 55, 2833, 11, 0, 0, 4, NULL, 0, NULL, NULL),
(3015, 1001, 55, 2833, 7, 0, 0, 4, NULL, 0, NULL, NULL),
(3016, 1001, 55, 2833, 1, 4, 0, 4, NULL, 0, NULL, NULL),
(3017, 1001, 55, 2833, 2, 4, 0, 4, NULL, 0, NULL, NULL),
(3018, 1001, 55, 2833, 4, 4, 0, 4, NULL, 0, NULL, NULL),
(3019, 1001, 55, 2833, 5, 0, 0, 4, NULL, 0, NULL, NULL),
(3020, 1001, 55, 2833, 9, 0, 0, 4, NULL, 0, NULL, NULL),
(3021, 1114, 59, 2849, 7, 9, 0, 4, NULL, 0, NULL, NULL),
(3023, 2413, 59, 2849, 10, 3, 0, 0, NULL, 0, NULL, NULL),
(3024, 2413, 59, 2849, 9, 1, 0, 0, NULL, 0, NULL, NULL),
(3025, 2413, 59, 2849, 8, 8, 0, 0, NULL, 0, NULL, NULL),
(3026, 2413, 59, 2849, 10, 1, 0, 0, NULL, 0, NULL, NULL),
(3027, 2413, 59, 2849, 8, 7, 0, 0, NULL, 0, NULL, NULL),
(3028, 2413, 59, 2849, 10, 3, 0, 0, NULL, 0, NULL, NULL),
(3029, 2413, 59, 2849, 8, 4, 0, 0, NULL, 0, NULL, NULL),
(3030, 2413, 59, 2849, 8, 6, 0, 0, NULL, 0, NULL, NULL),
(3031, 2413, 59, 2849, 10, 6, 0, 0, NULL, 0, NULL, NULL),
(3032, 2413, 59, 2849, 9, 8, 0, 0, NULL, 0, NULL, NULL),
(3033, 1001, 55, 2833, 5, 3, 0, 0, NULL, 0, NULL, NULL),
(3034, 2413, 59, 2849, 10, 1, 0, 0, NULL, 0, NULL, NULL),
(3035, 1001, 55, 2833, 5, 1, 0, 0, NULL, 0, NULL, NULL),
(3036, 2413, 59, 2849, 8, 10, 0, 0, NULL, 0, NULL, NULL),
(3037, 1001, 55, 2833, 5, 4, 0, 0, NULL, 0, NULL, NULL),
(3038, 2413, 59, 2849, 7, 10, 0, 0, NULL, 0, NULL, NULL),
(3039, 2413, 59, 2849, 9, 4, 0, 0, NULL, 0, NULL, NULL),
(3040, 1075, 59, 2849, 9, 5, 0, 0, NULL, 0, NULL, NULL),
(3041, 1075, 59, 2849, 10, 8, 0, 0, NULL, 0, NULL, NULL),
(3042, 1075, 59, 2849, 8, 9, 0, 0, NULL, 0, NULL, NULL),
(3043, 1075, 59, 2849, 9, 3, 0, 0, NULL, 0, NULL, NULL),
(3044, 1075, 59, 2849, 10, 2, 0, 0, NULL, 0, NULL, NULL),
(3045, 1001, 55, 2833, 1, 6, 0, 0, NULL, 0, NULL, NULL),
(3046, 1001, 55, 2833, 1, 10, 0, 2, NULL, 0, NULL, NULL),
(3047, 1114, 55, 2833, 1, 7, 0, 6, NULL, 0, NULL, NULL),
(3048, 1114, 55, 2833, 1, 9, 0, 0, NULL, 0, NULL, NULL),
(3049, 1177, 55, 2833, 1, 8, 0, 0, 'OFF', 0, NULL, NULL),
(3050, 1014, 55, 2833, 7, 10, 0, 0, NULL, 0, NULL, NULL),
(3051, 1014, 55, 2833, 5, 10, 0, 0, NULL, 0, NULL, NULL),
(3052, 1014, 55, 2833, 3, 10, 0, 0, NULL, 0, NULL, NULL),
(3053, 1142, 55, 2833, 2, 10, 0, 0, NULL, 0, NULL, NULL),
(3054, 1142, 55, 2833, 11, 10, 0, 0, NULL, 0, NULL, NULL),
(3055, 1014, 55, 2833, 9, 10, 0, 0, NULL, 0, NULL, NULL),
(3056, 1179, 59, 2811, 9, 12, 0.2, 4, 'FALSE', 3057, NULL, NULL),
(3057, 1179, 59, 2849, 5, 3, 0, 4, 'FALSE', 3056, NULL, NULL),
(3058, 1179, 55, 2834, 1, 5, 0, 0, 'FALSE', 3059, NULL, NULL),
(3059, 1179, 55, 2833, 3, 4, 0, 4, 'FALSE', 3058, NULL, NULL),
(3060, 2360, 55, 2833, 0, 0, 0, 0, '9CCEFF WoD; Upper City - Scene\r\rHaving finally ascended the pathways to the upper city, you find yourself with a beautiful sea view infront of you.\r\rThis part of the city feels wealthier and there is none of the foul stench of the lower levels.', 0, 'leftwall 3.6563,3.6111,7001', NULL),
(3064, 1147, 59, 2811, 9, 11, 0, 0, NULL, 0, NULL, NULL),
(3066, 1039, 59, 2811, 9, 12, 0.2, 0, NULL, 0, NULL, NULL),
(3067, 1014, 55, 2833, 11, 6, 0, 6, NULL, 0, NULL, NULL),
(3068, 1014, 55, 2833, 11, 8, 0, 6, NULL, 0, NULL, NULL),
(3069, 1014, 55, 2833, 11, 2, 0, 6, NULL, 0, NULL, NULL),
(3070, 1014, 55, 2833, 11, 4, 0, 6, NULL, 0, NULL, NULL),
(3071, 1142, 55, 2833, 11, 1, 0, 0, NULL, 0, NULL, NULL),
(3072, 1179, 59, 2847, 4, 13, 0.2, 0, 'FALSE', 3073, NULL, NULL),
(3073, 1179, 59, 2811, 9, 12, 0.2, 0, 'FALSE', 3072, NULL, NULL),
(3074, 1017, 59, 2847, 4, 13, 0.2, 0, NULL, 0, NULL, NULL),
(3075, 1017, 59, 2847, 4, 13, 0.2, 0, NULL, 0, NULL, NULL),
(3076, 2409, 55, 2833, 0, 0, 0, 0, '14', 0, 'leftwall 7.2500,2.2778,7250', NULL),
(3077, 2409, 55, 2833, 0, 0, 0, 0, '14', 0, 'leftwall 5.6563,2.2778,7001', NULL),
(3080, 1014, 59, 2849, 3, 8, 0, 6, NULL, 0, NULL, NULL),
(3079, 1014, 59, 2849, 6, 6, 0, 6, NULL, 0, NULL, NULL),
(3081, 1014, 59, 2849, 6, 4, 0, 6, NULL, 0, NULL, NULL),
(3082, 1014, 59, 2849, 1, 10, 0, 0, NULL, 0, NULL, NULL),
(3083, 2410, 59, 2849, 1, 8, 0, 0, NULL, 0, NULL, NULL),
(3084, 1112, 59, 2849, 9, 9, 0, 0, 'FALSE', 0, NULL, NULL),
(3085, 1106, 59, 2849, 2, 8, 2, 0, NULL, 0, NULL, NULL),
(3086, 1105, 59, 2849, 3, 4, 0, 0, NULL, 0, NULL, NULL),
(3087, 1106, 59, 2849, 2, 9, 2, 0, NULL, 0, NULL, NULL),
(3088, 1112, 59, 2849, 7, 6, 2, 0, 'FALSE', 0, NULL, NULL),
(3089, 1142, 59, 2849, 9, 0, 2.6, 0, NULL, 0, NULL, NULL),
(3090, 1147, 59, 2849, 6, 3, 0, 0, NULL, 0, NULL, NULL),
(3091, 1143, 59, 2849, 1, 7, 0, 0, NULL, 0, NULL, NULL),
(3092, 1145, 59, 2849, 6, 8, 0, 0, NULL, 0, NULL, NULL),
(3093, 1142, 59, 2849, 3, 3, 0, 0, NULL, 0, NULL, NULL),
(3094, 1147, 59, 2849, 4, 3, 0, 0, NULL, 0, NULL, NULL),
(3095, 1143, 59, 2849, 7, 1, 2, 0, NULL, 0, NULL, NULL),
(3096, 1142, 59, 2849, 7, 9, 2, 0, NULL, 0, NULL, NULL),
(3122, 1035, 80, 2851, 4, 10, 0, 0, NULL, 0, NULL, NULL),
(3101, 1127, 80, 2851, 10, 1, 0, 2, 'OFF', 0, NULL, NULL),
(3102, 2409, 80, 0, 0, 0, 0, 0, '15', 0, NULL, NULL),
(3103, 1106, 80, 2851, 7, 2, 2, 0, NULL, 0, NULL, NULL),
(3104, 1106, 80, 2851, 9, 4, 2, 0, NULL, 0, NULL, NULL),
(3105, 1105, 80, 0, 0, 0, 0, 0, NULL, NULL, NULL, NULL),
(3106, 1105, 80, 2851, 7, 3, 2, 0, NULL, 0, NULL, NULL),
(3107, 1157, 80, 2851, 4, 1, 0, 0, 'FALSE', 0, NULL, NULL),
(3108, 1160, 80, 2851, 4, 1, 0, 0, NULL, 0, NULL, NULL),
(3109, 1178, 80, 2851, 4, 2, 0, 0, 'FALSE', 0, NULL, NULL),
(3110, 1172, 80, 2851, 4, 3, 0, 0, 'FALSE', 0, NULL, NULL),
(3111, 1176, 80, 2851, 6, 0, 0, 0, 'FALSE', 0, NULL, NULL),
(3136, 1177, 80, 0, 0, 0, 0, 0, 'FALSE', NULL, NULL, NULL),
(3112, 1003, 80, 2851, 8, 1, 0, 4, NULL, 0, NULL, NULL),
(3113, 1113, 80, 0, 0, 0, 0, 0, NULL, NULL, NULL, NULL),
(3114, 1113, 80, 2851, 7, 2, 0, 2, NULL, 0, NULL, NULL),
(3115, 1114, 80, 2851, 7, 4, 0, 0, NULL, 0, NULL, NULL),
(3116, 1114, 80, 2851, 7, 1, 0, 6, NULL, 0, NULL, NULL),
(3117, 1114, 80, 2851, 6, 1, 0, 4, NULL, 0, NULL, NULL),
(3118, 1013, 80, 2851, 10, 4, 0, 0, NULL, 0, NULL, NULL),
(3119, 1019, 80, 2851, 6, 3, 0, 2, NULL, 0, NULL, NULL),
(3120, 1031, 80, 2851, 9, 4, 0, 0, NULL, 0, NULL, NULL),
(3121, 1044, 80, 2851, 5, 6, 0, 2, NULL, 0, NULL, NULL),
(3123, 1035, 80, 2851, 6, 10, 0, 0, NULL, 0, NULL, NULL),
(3124, 1035, 80, 2851, 10, 10, 0, 0, NULL, 0, NULL, NULL),
(3125, 1035, 80, 2851, 8, 10, 0, 0, NULL, 0, NULL, NULL),
(3126, 1041, 80, 2851, 11, 8, 0, 0, 'ON', 0, NULL, NULL),
(3127, 1177, 80, 2851, 5, 13, 0, 0, 'FALSE', 0, NULL, NULL),
(3128, 1177, 80, 2851, 5, 11, 0, 0, 'OFF', 0, NULL, NULL),
(3129, 1177, 80, 2851, 4, 11, 0, 0, 'FALSE', 0, NULL, NULL),
(3130, 1177, 80, 2851, 4, 13, 0, 0, 'FALSE', 0, NULL, NULL),
(3131, 2409, 80, 2851, 0, 0, 0, 0, '26', 0, 'leftwall 7.2500,-3.6667,7250', NULL),
(3134, 1040, 80, 2851, 4, 6, 0, 2, 'FALSE', 0, NULL, NULL),
(3133, 1114, 80, 2851, 4, 4, 0, 4, NULL, 0, NULL, NULL),
(3137, 1177, 80, 0, 0, 0, 0, 0, 'FALSE', NULL, NULL, NULL),
(3138, 1177, 80, 2851, 6, 13, 0, 0, 'FALSE', 0, NULL, NULL),
(3139, 1177, 80, 2851, 7, 11, 0, 0, 'FALSE', 0, NULL, NULL),
(3140, 1177, 80, 2851, 7, 13, 0, 0, 'FALSE', 0, NULL, NULL),
(3141, 1177, 80, 2851, 6, 11, 0, 0, 'FALSE', 0, NULL, NULL),
(3142, 2601, 70, 2821, 8, 9, 0, 0, NULL, 0, NULL, NULL),
(3143, 2601, 70, 2821, 7, 9, 0, 0, NULL, 0, NULL, NULL),
(3144, 2409, 70, 2821, 0, 0, 0, 0, '17', 0, 'leftwall -1.7188,-3.8333,1563', NULL),
(3148, 1031, 55, 2834, 4, 8, 0, 0, NULL, 0, NULL, NULL),
(3147, 1031, 55, 2834, 4, 3, 0, 0, NULL, 0, NULL, NULL),
(3149, 1031, 55, 2834, 5, 8, 0, 0, NULL, 0, NULL, NULL),
(3150, 1031, 55, 2834, 4, 6, 0, 0, NULL, 0, NULL, NULL),
(3151, 1031, 55, 2834, 4, 4, 0, 0, NULL, 0, NULL, NULL),
(3152, 1031, 55, 2834, 4, 5, 0, 0, NULL, 0, NULL, NULL),
(3153, 1031, 55, 2834, 4, 7, 0, 0, NULL, 0, NULL, NULL),
(3154, 1142, 55, 2834, 5, 7, 0, 0, NULL, 0, NULL, NULL),
(3155, 1142, 55, 0, 0, 0, 0, 0, NULL, NULL, NULL, NULL),
(3156, 1154, 55, 2834, 5, 4, 2, 0, NULL, 0, NULL, NULL),
(3157, 1154, 55, 2834, 8, 4, 2, 0, NULL, 0, NULL, NULL),
(3159, 1021, 55, 2834, 5, 5, 0, 0, NULL, 0, NULL, NULL),
(3160, 1021, 55, 2834, 8, 5, 0, 0, NULL, 0, NULL, NULL),
(3161, 1021, 55, 2834, 5, 3, 0, 4, NULL, 0, NULL, NULL),
(3162, 1021, 55, 2834, 8, 3, 0, 4, NULL, 0, NULL, NULL),
(3164, 1038, 55, 2834, 5, 4, 0, 0, NULL, 0, NULL, NULL),
(3165, 1038, 55, 2834, 8, 4, 0, 0, NULL, 0, NULL, NULL),
(3166, 1038, 55, 2834, 9, 10, 0, 0, NULL, 0, NULL, NULL),
(3167, 1038, 55, 2834, 11, 4, 0, 0, NULL, 0, NULL, NULL),
(3168, 1021, 55, 2834, 10, 10, 0, 6, NULL, 0, NULL, NULL),
(3169, 1021, 55, 2834, 11, 5, 0, 0, NULL, 0, NULL, NULL),
(3170, 1021, 55, 2834, 11, 3, 0, 4, NULL, 0, NULL, NULL),
(3171, 1021, 55, 2834, 8, 10, 0, 2, NULL, 0, NULL, NULL),
(3172, 1154, 55, 2834, 11, 4, 2, 0, NULL, 0, NULL, NULL),
(3173, 1154, 55, 2834, 9, 10, 2, 0, NULL, 0, NULL, NULL),
(3174, 2409, 55, 2834, 0, 0, 0, 0, '2', 0, 'frontwall -7.9375,-14.0556,7938', NULL),
(3175, 2409, 55, 2834, 0, 0, 0, 0, '14', 0, 'leftwall 5.5000,-0.0556,5500', NULL),
(3176, 2409, 55, 2834, 0, 0, 0, 0, '14', 0, 'leftwall 1.0313,-0.0556,1031', NULL),
(3177, 2409, 55, 2834, 0, 0, 0, 0, '14', 0, 'leftwall 3.9063,-0.0556,8001', NULL),
(3178, 2409, 55, 2834, 0, 0, 0, 0, '14', 0, 'leftwall 7.0625,-0.0556,7063', NULL),
(3179, 2409, 55, 2834, 0, 0, 0, 0, '13', 0, 'frontwall -1.1250,-2.1667,1125', NULL),
(3180, 1179, 55, 2835, 3, 4, 0, 4, 'FALSE', 3181, NULL, NULL),
(3181, 1179, 55, 2836, 2, 5, 0, 0, 'FALSE', 3180, NULL, NULL),
(3182, 1114, 55, 2835, 4, 4, 0, 4, NULL, 0, NULL, NULL),
(3183, 1178, 60, 0, 0, 0, 0, 0, 'FALSE', NULL, NULL, NULL),
(3188, 1113, 55, 2836, 4, 3, 4, 0, NULL, 0, NULL, NULL),
(3187, 1113, 55, 2836, 1, 8, 2, 2, NULL, 0, NULL, NULL),
(3189, 1113, 55, 2836, 1, 8, 4, 2, NULL, 0, NULL, NULL),
(3190, 1113, 55, 2836, 4, 3, 0, 0, NULL, 0, NULL, NULL),
(3191, 1113, 55, 2836, 8, 1, 0, 0, NULL, 0, NULL, NULL),
(3192, 1113, 55, 2836, 4, 3, 2, 0, NULL, 0, NULL, NULL),
(3193, 1113, 55, 2836, 1, 8, 0, 2, NULL, 0, NULL, NULL),
(3194, 1113, 55, 2836, 8, 1, 4, 0, NULL, 0, NULL, NULL),
(3195, 1113, 55, 2836, 8, 1, 2, 0, NULL, 0, NULL, NULL),
(3196, 1114, 55, 2836, 3, 4, 0, 0, NULL, 0, NULL, NULL),
(3197, 1114, 55, 2836, 7, 1, 0, 2, NULL, 0, NULL, NULL),
(3198, 1114, 55, 2836, 3, 4, 2, 0, NULL, 0, NULL, NULL),
(3199, 1114, 55, 2836, 10, 1, 4, 0, NULL, 0, NULL, NULL),
(3200, 1114, 55, 2836, 10, 1, 0, 6, NULL, 0, NULL, NULL),
(3201, 1114, 55, 2836, 3, 3, 2, 2, NULL, 0, NULL, NULL),
(3202, 1114, 55, 2836, 10, 1, 2, 0, NULL, 0, NULL, NULL),
(3203, 1114, 55, 2836, 7, 1, 4, 2, NULL, 0, NULL, NULL),
(3204, 1114, 55, 2836, 7, 1, 2, 2, NULL, 0, NULL, NULL),
(3205, 1114, 55, 2836, 7, 2, 2, 0, NULL, 0, NULL, NULL),
(3206, 1114, 55, 2836, 7, 2, 0, 0, NULL, 0, NULL, NULL),
(3207, 1114, 55, 2836, 6, 3, 0, 0, NULL, 0, NULL, NULL),
(3208, 1114, 55, 2836, 6, 3, 2, 0, NULL, 0, NULL, NULL),
(3209, 1114, 55, 2836, 7, 2, 4, 0, NULL, 0, NULL, NULL),
(3210, 1114, 55, 2836, 3, 3, 0, 2, NULL, 0, NULL, NULL),
(3211, 1114, 55, 2836, 6, 3, 4, 0, NULL, 0, NULL, NULL),
(3212, 1114, 55, 2836, 3, 3, 4, 2, NULL, 0, NULL, NULL),
(3213, 1114, 55, 2836, 1, 7, 4, 2, NULL, 0, NULL, NULL),
(3214, 1114, 55, 2836, 1, 10, 4, 0, NULL, 0, NULL, NULL),
(3215, 1114, 55, 2836, 1, 7, 0, 2, NULL, 0, NULL, NULL),
(3216, 1114, 55, 2836, 1, 7, 2, 2, NULL, 0, NULL, NULL),
(3217, 1114, 55, 2836, 2, 7, 0, 0, NULL, 0, NULL, NULL),
(3218, 1114, 55, 2836, 3, 4, 4, 0, NULL, 0, NULL, NULL),
(3219, 1114, 55, 2836, 1, 10, 2, 0, NULL, 0, NULL, NULL),
(3220, 1114, 55, 2836, 2, 7, 4, 0, NULL, 0, NULL, NULL),
(3221, 1114, 55, 2836, 2, 7, 2, 0, NULL, 0, NULL, NULL),
(3222, 1114, 55, 2836, 1, 10, 0, 4, NULL, 0, NULL, NULL),
(3223, 1176, 55, 2828, 8, 7, 0, 6, 'FALSE', 0, NULL, NULL),
(3224, 1176, 55, 2836, 9, 9, 0, 0, 'FALSE', 0, NULL, NULL),
(3225, 1176, 55, 2836, 2, 9, 0, 6, 'FALSE', 0, NULL, NULL),
(3226, 1176, 55, 2836, 9, 2, 0, 0, 'FALSE', 0, NULL, NULL),
(3227, 1113, 55, 2836, 10, 8, 0, 2, NULL, 0, NULL, NULL),
(3228, 1113, 55, 2836, 2, 10, 0, 0, NULL, 0, NULL, NULL),
(3229, 1113, 55, 2836, 4, 10, 0, 0, NULL, 0, NULL, NULL),
(3230, 1113, 55, 2836, 8, 10, 0, 0, NULL, 0, NULL, NULL),
(3231, 1113, 55, 2836, 6, 10, 0, 0, NULL, 0, NULL, NULL),
(3232, 1113, 55, 2836, 10, 4, 0, 2, NULL, 0, NULL, NULL),
(3233, 1113, 55, 2836, 10, 2, 0, 2, NULL, 0, NULL, NULL),
(3234, 1113, 55, 2836, 10, 6, 0, 2, NULL, 0, NULL, NULL),
(3235, 1114, 55, 2836, 10, 10, 0, 0, NULL, 0, NULL, NULL),
(3236, 1005, 55, 2836, 2, 8, 0, 2, NULL, 0, NULL, NULL),
(3237, 1005, 55, 2836, 8, 2, 0, 4, NULL, 0, NULL, NULL),
(3238, 1005, 55, 2836, 7, 3, 0, 2, NULL, 0, NULL, NULL),
(3239, 1149, 55, 2836, 4, 4, 0, 0, NULL, 0, NULL, NULL),
(3240, 1149, 55, 2836, 7, 4, 0, 0, NULL, 0, NULL, NULL),
(3241, 1005, 55, 2836, 3, 7, 0, 4, NULL, 0, NULL, NULL),
(3242, 1005, 55, 2836, 3, 9, 0, 0, NULL, 0, NULL, NULL),
(3243, 1112, 55, 2836, 3, 8, 0, 0, 'FALSE', 0, NULL, NULL),
(3244, 1106, 55, 2836, 6, 4, 0, 0, NULL, 0, NULL, NULL),
(3245, 1106, 55, 2836, 6, 9, 0, 0, NULL, 0, NULL, NULL),
(3246, 1105, 55, 2836, 9, 3, 0, 0, NULL, 0, NULL, NULL),
(3247, 1127, 55, 2836, 4, 4, 0, 2, 'FALSE', 0, NULL, NULL),
(3248, 2360, 55, 2836, 0, 0, 0, 0, '9CCEFF WoD; Slums Bunker - Scene\r\rThe stench of stale alcohol and rotting food is ripe in the bunker. A relic from the second world war, steel coats every surface and you feel claustrophic from the stuffy air.\r\rStrange looking men pass in and through the bunker...', 0, 'leftwall 2.2500,-0.8889,9001', NULL),
(3249, 2360, 55, 2836, 0, 0, 0, 0, '9CCEFF WoD; Slums Bunker - Scene\r\rA broken TV sits in one corner of the Bunker, there is a large crack in the screen and it looks as if someone has been using it''s surface for some sort of drug abuse- white lines stain the top of the box.\r\rWhat on earth is this place used for now?', 0, 'frontwall -2.7813,-2.8889,2781', NULL),
(3250, 2360, 55, 2834, 0, 0, 0, 0, '9CCEFF WoD; The Gilded Cup - Scene\r\rThe scent of roses and tea filters through the air and there is a blast of warm air once you open the door.\r\rInside couples share pots of tea whilst in one corner two pale men sit and converse in an odd tongue. There is more to this tearoom that there seems...\r', 0, 'frontwall -0.4375,-0.3889,438', NULL),
(3252, 2410, 55, 2832, 7, 0, 0, 0, NULL, 0, NULL, NULL),
(3253, 1001, 55, 2832, 6, 0, 0, 4, NULL, 0, NULL, NULL),
(3254, 1001, 55, 2832, 9, 0, 0, 4, NULL, 0, NULL, NULL),
(3255, 1001, 55, 2832, 5, 0, 0, 4, NULL, 0, NULL, NULL),
(3256, 1001, 55, 2832, 10, 0, 0, 4, NULL, 0, NULL, NULL),
(3257, 1001, 55, 2832, 4, 0, 0, 4, NULL, 0, NULL, NULL),
(3258, 1001, 55, 2832, 11, 0, 0, 4, NULL, 0, NULL, NULL),
(3261, 1140, 89, 2857, 10, 1, 0, 0, NULL, 0, NULL, NULL),
(3262, 2409, 89, 2857, 0, 0, 0, 0, '19', 0, 'frontwall -10.8750,-16.1111,10875', NULL),
(3263, 2601, 89, 2857, 6, 2, 0, 4, NULL, 0, NULL, NULL),
(3264, 2603, 89, 2857, 6, 4, 0, 0, NULL, 0, NULL, NULL),
(3265, 2604, 89, 2857, 7, 3, 0, 6, NULL, 0, NULL, NULL),
(3266, 2600, 89, 2857, 5, 3, 0, 2, NULL, 0, NULL, NULL),
(3267, 1043, 89, 2857, 6, 5, 0, 0, NULL, 0, NULL, NULL),
(3268, 1175, 89, 2857, 7, 13, 0, 0, NULL, 0, NULL, NULL),
(3269, 1038, 89, 2857, 6, 3, 0, 0, NULL, 0, NULL, NULL),
(3270, 1040, 89, 2857, 4, 10, 0, 2, 'ON', 0, NULL, NULL),
(3271, 1126, 89, 2857, 4, 8, 6, 2, 'ON', 0, NULL, NULL),
(3272, 1153, 89, 2857, 8, 1, 0, 0, NULL, 0, NULL, NULL),
(3273, 1011, 89, 2857, 4, 7, 4, 0, NULL, 0, NULL, NULL),
(3274, 1011, 89, 2857, 4, 7, 3, 0, NULL, 0, NULL, NULL),
(3277, 2549, 89, 2857, 10, 10, 0, 0, NULL, 0, NULL, NULL),
(3276, 2581, 89, 2857, 10, 8, 0, 0, NULL, 0, NULL, NULL),
(3275, 2409, 89, 2857, 0, 0, 0, 0, '20', 0, 'frontwall -5.1250,-5.8333,5125', NULL),
(3278, 2546, 89, 2857, 11, 7, 0, 4, NULL, 0, NULL, NULL),
(3279, 2543, 89, 2857, 10, 7, 0, 4, NULL, 0, NULL, NULL),
(3280, 2550, 89, 2857, 11, 10, 0, 0, NULL, 0, NULL, NULL),
(3281, 1105, 89, 2857, 11, 9, 2, 0, NULL, 0, NULL, NULL),
(3282, 2360, 89, 0, 0, 0, 0, 0, '18', 0, NULL, NULL),
(3283, 2360, 89, 2857, 0, 0, 0, 0, 'FFFF31 Its Back!!!!!!!!!!!', 0, 'leftwall 0.6875,-1.5556,10001', NULL),
(3284, 2360, 89, 2857, 0, 0, 0, 0, 'FFFF31 ', 0, 'leftwall 0.6875,-1.5556,10001', NULL),
(3285, 1178, 89, 2857, 4, 13, 0, 2, 'FALSE', 0, NULL, NULL),
(3286, 1126, 89, 2884, 7, 5, 0, 4, 'ON', 0, NULL, NULL),
(3289, 1117, 64, 2858, 7, 1, 0, 2, NULL, 0, NULL, NULL),
(3290, 1039, 64, 2858, 8, 2, 0, 0, NULL, 0, NULL, NULL),
(3291, 1041, 64, 2858, 10, 1, 0, 0, 'OFF', 0, NULL, NULL),
(3292, 1155, 64, 2858, 4, 3, 0, 2, 'ON', 0, NULL, NULL),
(3293, 1036, 64, 2858, 3, 8, 0, 6, NULL, 0, NULL, NULL),
(3294, 1038, 64, 0, 0, 0, 0, 0, NULL, 0, NULL, NULL),
(3295, 1039, 64, 0, 0, 0, 0, 0, NULL, 0, NULL, NULL),
(3296, 1039, 64, 0, 0, 0, 0, 0, NULL, 0, NULL, NULL),
(3297, 1038, 64, 2858, 8, 6, 0, 0, NULL, 0, NULL, NULL),
(3298, 1039, 64, 2858, 8, 5, 0, 4, NULL, 0, NULL, NULL),
(3299, 1039, 64, 2858, 7, 6, 0, 2, NULL, 0, NULL, NULL),
(3300, 1039, 64, 2858, 9, 6, 0, 6, NULL, 0, NULL, NULL),
(3301, 1039, 64, 2858, 8, 7, 0, 0, NULL, 0, NULL, NULL),
(3302, 1117, 64, 2858, 2, 7, 0, 0, NULL, 0, NULL, NULL),
(3303, 1116, 64, 2858, 1, 7, 0, 4, 'FALSE', 0, NULL, NULL),
(3304, 2409, 64, 2858, 0, 0, 0, 0, '13', 0, 'leftwall 7.7500,2.1667,7750', NULL),
(3305, 1041, 64, 2858, 3, 4, 0, 0, 'FALSE', 0, NULL, NULL),
(3306, 1038, 64, 2858, 6, 10, 0, 0, NULL, 0, NULL, NULL),
(3307, 1039, 64, 2858, 5, 10, 0, 0, NULL, 0, NULL, NULL),
(3308, 1039, 64, 2858, 4, 5, 0, 6, NULL, 0, NULL, NULL),
(3309, 1039, 64, 2858, 3, 5, 0, 4, NULL, 0, NULL, NULL),
(3312, 1175, 90, 2859, 9, 8, 0, 6, NULL, 0, NULL, NULL),
(3313, 1175, 90, 2859, 6, 6, 0, 4, NULL, 0, NULL, NULL),
(3314, 2410, 90, 2859, 6, 8, 0, 0, NULL, 0, NULL, NULL),
(3315, 1175, 90, 2859, 6, 11, 0, 0, NULL, 0, NULL, NULL),
(3316, 1147, 90, 2859, 9, 6, 0, 0, NULL, 0, NULL, NULL),
(3317, 1147, 90, 2859, 4, 6, 0, 0, NULL, 0, NULL, NULL),
(3318, 1147, 90, 2859, 4, 11, 0, 0, NULL, 0, NULL, NULL),
(3319, 1155, 90, 2859, 4, 7, 0, 0, 'FALSE', 0, NULL, NULL),
(3395, 2549, 59, 2813, 8, 10, 0, 2, NULL, 0, NULL, NULL),
(3323, 1114, 59, 2852, 11, 9, 0, 0, NULL, 0, NULL, NULL),
(3324, 1113, 59, 2852, 8, 7, 0, 2, NULL, 0, NULL, NULL),
(3325, 1114, 59, 2852, 8, 4, 0, 6, NULL, 0, NULL, NULL),
(3326, 1114, 59, 2852, 8, 9, 0, 4, NULL, 0, NULL, NULL),
(3327, 1113, 59, 2852, 9, 9, 0, 0, NULL, 0, NULL, NULL),
(3328, 1113, 59, 2852, 8, 5, 0, 2, NULL, 0, NULL, NULL),
(3329, 1114, 59, 2852, 4, 4, 0, 4, NULL, 0, NULL, NULL),
(3330, 1105, 59, 2814, 10, 2, 2, 0, NULL, 0, NULL, NULL),
(3331, 1017, 59, 2852, 5, 4, 0.2, 0, NULL, 0, NULL, NULL),
(3332, 1017, 59, 2852, 5, 4, 0.2, 0, NULL, 0, NULL, NULL),
(3335, 1039, 59, 2852, 5, 4, 0.2, 0, NULL, 0, NULL, NULL),
(3333, 1179, 59, 2825, 7, 10, 0, 0, 'FALSE', 3334, NULL, NULL),
(3334, 1179, 59, 2852, 5, 4, 0.2, 4, 'FALSE', 3333, NULL, NULL),
(3336, 1594, 59, 2852, 4, 11, 0, 2, NULL, 0, NULL, NULL),
(3337, 1594, 59, 2852, 9, 7, 0, 6, NULL, 0, NULL, NULL),
(3338, 1594, 59, 2852, 7, 13, 0, 0, NULL, 0, NULL, NULL),
(3339, 1594, 59, 2852, 9, 13, 0, 0, NULL, 0, NULL, NULL),
(3340, 1594, 59, 2852, 9, 5, 0, 6, NULL, 0, NULL, NULL),
(3341, 1594, 59, 2852, 5, 13, 0, 0, NULL, 0, NULL, NULL),
(3342, 1594, 59, 2852, 7, 5, 0, 2, NULL, 0, NULL, NULL),
(3343, 1147, 59, 2852, 4, 13, 0, 0, NULL, 0, NULL, NULL),
(3344, 1142, 59, 2852, 9, 4, 0, 0, NULL, 0, NULL, NULL),
(3345, 1142, 59, 2852, 4, 6, 0, 0, NULL, 0, NULL, NULL),
(3346, 1142, 59, 2852, 11, 13, 0, 0, NULL, 0, NULL, NULL),
(3347, 1594, 59, 2852, 9, 1, 0, 4, NULL, 0, NULL, NULL),
(3348, 1594, 59, 2852, 4, 2, 0, 2, NULL, 0, NULL, NULL),
(3349, 1594, 59, 2852, 4, 9, 0, 2, NULL, 0, NULL, NULL),
(3350, 1594, 59, 2852, 4, 7, 0, 2, NULL, 0, NULL, NULL),
(3351, 1594, 59, 2852, 7, 1, 0, 4, NULL, 0, NULL, NULL),
(3352, 1594, 59, 2852, 11, 11, 0, 6, NULL, 0, NULL, NULL),
(3353, 1594, 59, 2852, 9, 10, 0, 4, NULL, 0, NULL, NULL),
(3354, 1594, 59, 2852, 5, 1, 0, 4, NULL, 0, NULL, NULL),
(3355, 1594, 59, 2852, 7, 7, 0, 2, NULL, 0, NULL, NULL),
(3356, 1142, 59, 2852, 7, 9, 0, 0, NULL, 0, NULL, NULL),
(3357, 1142, 59, 2852, 11, 10, 0, 0, NULL, 0, NULL, NULL),
(3358, 1147, 59, 2852, 8, 10, 0.2, 0, NULL, 0, NULL, NULL),
(3359, 1142, 59, 2852, 11, 1, 0, 0, NULL, 0, NULL, NULL),
(3360, 1147, 59, 2852, 4, 1, 0, 0, NULL, 0, NULL, NULL),
(3361, 2360, 59, 2852, 0, 0, 0, 0, 'FFFF31 ----------------------------------\rC4 - £50\rM16A4 - £55\rAK-47 - £60\rDesert Eagle - £45\rColt .45 - £35\rUzi - £55\rBarret 50. Cal - £60\rSmoke Bomb - £10\rFlash Bang - £45\rSnubnose .38 - £30\r----------------------------------\r', 0, 'leftwall -0.5625,-1.8333,563', NULL),
(3363, 1172, 44, 2790, 4, 13, 0, 0, 'FALSE', 0, NULL, NULL),
(3364, 1176, 44, 2790, 4, 8, 0, 0, 'OFF', 0, NULL, NULL),
(3365, 1075, 44, 2790, 4, 5, 0, 0, NULL, 0, NULL, NULL),
(3368, 1040, 44, 2863, 4, 1, 0, 0, 'OFF', 0, NULL, NULL),
(3369, 1160, 44, 2862, 8, 1, 0, 0, NULL, 0, NULL, NULL),
(3370, 1158, 44, 2862, 4, 1, 0, 0, 'FALSE', 0, NULL, NULL),
(3371, 1156, 44, 2862, 9, 1, 0, 6, 'ON', 0, NULL, NULL),
(3372, 1157, 44, 2862, 4, 8, 0, 0, 'FALSE', 0, NULL, NULL),
(3373, 1004, 44, 2863, 4, 11, 0, 2, NULL, 0, NULL, NULL),
(3374, 1005, 44, 2863, 7, 12, 0, 6, NULL, 0, NULL, NULL),
(3375, 1126, 44, 2863, 4, 11, 2, 0, 'OFF', 0, NULL, NULL),
(3376, 1037, 44, 2863, 10, 9, 0, 0, NULL, 0, NULL, NULL),
(3377, 1036, 44, 2863, 8, 6, 0, 0, NULL, 0, NULL, NULL),
(3378, 1036, 44, 2863, 8, 3, 0, 4, NULL, 0, NULL, NULL),
(3383, 1178, 44, 2863, 4, 10, 0, 2, 'FALSE', 0, NULL, NULL),
(3386, 1160, 44, 2862, 8, 10, 0, 0, NULL, 0, NULL, NULL),
(3388, 1160, 44, 2862, 8, 9, 0, 0, NULL, 0, NULL, NULL),
(3389, 1160, 44, 2862, 8, 5, 0, 0, NULL, 0, NULL, NULL),
(3390, 1160, 44, 2862, 4, 10, 0, 0, NULL, 0, NULL, NULL),
(3391, 1160, 44, 2862, 4, 8, 0, 0, NULL, 0, NULL, NULL),
(3392, 1160, 44, 2862, 4, 1, 0, 0, NULL, 0, NULL, NULL),
(3393, 1160, 44, 2862, 4, 4, 0, 0, NULL, 0, NULL, NULL),
(3394, 2550, 59, 2813, 2, 10, 0, 0, NULL, 0, NULL, NULL),
(3400, 2547, 59, 2864, 11, 2, 0, 6, NULL, 0, NULL, NULL),
(3399, 2544, 59, 2864, 9, 1, 0, 4, NULL, 0, NULL, NULL),
(3401, 2551, 59, 2864, 11, 3, 0, 6, NULL, 0, NULL, NULL),
(3402, 2550, 59, 2864, 8, 1, 0, 4, NULL, 0, NULL, NULL),
(3403, 2548, 59, 2864, 7, 1, 0, 4, NULL, 0, NULL, NULL),
(3404, 2542, 59, 2864, 6, 1, 0, 4, NULL, 0, NULL, NULL),
(3405, 2545, 59, 2864, 5, 3, 0, 2, NULL, 0, NULL, NULL),
(3406, 2546, 59, 2864, 5, 4, 0, 2, NULL, 0, NULL, NULL),
(3407, 2549, 59, 2864, 5, 2, 0, 2, NULL, 0, NULL, NULL),
(3408, 2543, 59, 2864, 10, 1, 0, 4, NULL, 0, NULL, NULL),
(3409, 2544, 59, 2864, 11, 7, 0, 6, NULL, 0, NULL, NULL),
(3410, 2547, 59, 2864, 11, 6, 0, 6, NULL, 0, NULL, NULL),
(3411, 2551, 59, 2864, 11, 9, 0, 6, NULL, 0, NULL, NULL),
(3412, 2550, 59, 2864, 11, 4, 0, 0, NULL, 0, NULL, NULL),
(3482, 1039, 59, 2865, 6, 7, 0.2, 0, NULL, 0, NULL, NULL),
(3417, 2548, 59, 2864, 5, 10, 0, 0, NULL, 0, NULL, NULL),
(3418, 2542, 59, 2864, 4, 5, 0, 0, NULL, 0, NULL, NULL),
(3419, 2545, 59, 2864, 11, 8, 0, 0, NULL, 0, NULL, NULL),
(3420, 2546, 59, 2864, 11, 5, 0, 0, NULL, 0, NULL, NULL),
(3421, 2546, 59, 2864, 8, 10, 0, 0, NULL, 0, NULL, NULL),
(3422, 2549, 59, 2864, 10, 10, 0, 0, NULL, 0, NULL, NULL),
(3423, 2543, 59, 2864, 9, 10, 0, 0, NULL, 0, NULL, NULL),
(3424, 2544, 59, 2864, 6, 10, 0, 0, NULL, 0, NULL, NULL),
(3426, 2551, 59, 2864, 7, 10, 0, 0, NULL, 0, NULL, NULL),
(3427, 2550, 59, 2864, 4, 10, 0, 0, NULL, 0, NULL, NULL),
(3428, 2548, 59, 2864, 1, 9, 0, 2, NULL, 0, NULL, NULL),
(3429, 2542, 59, 2864, 2, 10, 0, 0, NULL, 0, NULL, NULL),
(3430, 2545, 59, 2864, 3, 10, 0, 0, NULL, 0, NULL, NULL),
(3431, 2546, 59, 2864, 1, 7, 0, 0, NULL, 0, NULL, NULL),
(3432, 2549, 59, 2864, 1, 8, 0, 2, NULL, 0, NULL, NULL),
(3538, 2360, 64, 2867, 0, 0, 0, 0, 'FFFF31 The Code of Milan - IV:\r\rAll Sabbat shall keep their word of honor to one another.\r', 0, 'frontwall -6.8125,-13.5000,6813', NULL),
(3443, 2360, 64, 2815, 0, 0, 0, 0, 'FFFF31 The Code of Milan\r\rII. All Sabbat shall do their best to serve their leaders as long as said leaders serve the will of the Regent.\r', 0, 'frontwall -5.5938,-4.1667,5594', NULL),
(3504, 1113, 59, 2865, 4, 2, 0, 2, NULL, 0, NULL, NULL),
(3505, 1113, 59, 2875, 8, 1, 0, 0, NULL, 0, NULL, NULL),
(3445, 2360, 64, 2815, 0, 0, 0, 0, 'FFFF31 The Code of Milan\r\rIV. All Sabbat shall keep their word of honor to one another.\r', 0, 'frontwall -6.3438,-5.5000,6344', NULL),
(3446, 2360, 64, 2815, 0, 0, 0, 0, 'FFFF31 The Code of Milan\r\rV. All Sabbat shall treat their peers fairly and equally, upholding the strength and unity of the Sabbat. If necessary, they shall provide for the needs of their brethren.\r', 0, 'frontwall -5.2188,-4.1667,5219', NULL),
(3447, 2360, 64, 2815, 0, 0, 0, 0, 'FFFF31 The Code of Milan\r\rVI. All Sabbat must put the good of the sect before their own personal needs, despite all costs.\r', 0, 'frontwall -5.5938,-4.8333,5594', NULL),
(3449, 2360, 64, 2815, 0, 0, 0, 0, 'FFFF31 The Code of Milan\r\rVII. Those who are not honorable under this code will be considered less than equal and therefore unworthy of assistance.\r', 0, 'frontwall -5.9375,-5.4444,5938', NULL),
(3451, 1179, 59, 2865, 4, 7, 0.2, 4, 'FALSE', 3452, NULL, NULL),
(3452, 1179, 59, 2822, 5, 12, 0.2, 2, 'FALSE', 3451, NULL, NULL),
(4328, 1112, 64, 2858, 6, 10, 2, 0, '1', 0, NULL, NULL),
(3456, 2360, 64, 2815, 0, 0, 0, 0, 'FFFF31 The Code of Milan\r\rVIII. As it has always been, so it shall always be. The Lextalionis shall be the model for immortal justice by which all Sabbat shall abide.\r', 0, 'frontwall -6.3125,-6.1111,6313', NULL),
(3457, 1149, 59, 2865, 9, 9, 0, 0, NULL, 0, NULL, NULL),
(3467, 1113, 59, 2865, 8, 6, 0.2, 0, NULL, 0, NULL, NULL),
(3461, 1149, 59, 2865, 7, 9, 0, 0, NULL, 0, NULL, NULL),
(3462, 1149, 59, 2865, 4, 9, 0, 0, NULL, 0, NULL, NULL),
(3463, 2360, 64, 2815, 0, 0, 0, 0, 'FFFF31 The Code of Milan\r\rIX. All Sabbat shall protect one another from the enemies of the Sect. Personal enemies shall remain personal responsibility, unless they undermine Sect security.\r', 0, 'frontwall -5.2188,-4.8333,5219', NULL),
(3466, 2360, 64, 2815, 0, 0, 0, 0, 'FFFF31 The Code of Milan\r\rXI. The spirit of freedom shall be the fundamental principle of the Sect. All Sabbat shall expect and demand freedom from their leaders.\r', 0, 'frontwall -5.9063,-6.1111,5906', NULL),
(3468, 1113, 59, 2865, 11, 2, 0.2, 2, NULL, 0, NULL, NULL),
(3469, 1105, 59, 2865, 7, 6, 0, 0, NULL, 0, NULL, NULL),
(3470, 2360, 64, 2815, 0, 0, 0, 0, 'FFFF31 The Code of Milan\r\rXII. The Rights of Monomacy shall be used to settle disputes among all Sabbat.\r', 0, 'frontwall -6.2500,-6.7222,6250', NULL),
(3473, 1017, 59, 2865, 4, 7, 0.2, 0, NULL, 0, NULL, NULL),
(3640, 1142, 59, 2865, 10, 10, 0, 0, NULL, 0, NULL, NULL),
(3475, 1017, 59, 2865, 4, 7, 0.2, 0, NULL, 0, NULL, NULL),
(3638, 1142, 59, 2865, 7, 13, 0, 0, NULL, 0, NULL, NULL),
(3630, 1172, 64, 2867, 5, 10, 0, 0, 'FALSE', 0, NULL, NULL),
(3639, 1142, 59, 2865, 10, 8, 2, 0, NULL, 0, NULL, NULL),
(3484, 2360, 64, 2815, 0, 0, 0, 0, 'FFFF31 The Code of Milan\r\rXV. All Sabbat possess the right to call a council of their peers and their immediate leaders.\r', 0, 'frontwall -5.9688,-6.8889,5969', NULL),
(3483, 2360, 64, 2815, 0, 0, 0, 0, 'FFFF31 The Code of Milan\r\rXIV. All Sabbat have the right to monitor the behavior and activities of their fellow Sect members in order to maintain freedom and security.\r', 0, 'frontwall -5.5938,-6.2222,5594', NULL),
(3579, 1011, 92, 2868, 1, 10, 0, 0, NULL, 0, NULL, NULL),
(3637, 1142, 59, 2865, 4, 10, 0, 0, NULL, 0, NULL, NULL),
(3539, 2360, 64, 2867, 0, 0, 0, 0, 'FFFF31 The Code of Milan - VIII:\r\rAs it has always been, so it shall always be. The Lextalionis shall be the model for immortal justice by which all Sabbat shall abide.\r', 0, 'frontwall -6.7813,-14.1667,6781', NULL),
(3487, 2360, 64, 2815, 0, 0, 0, 0, 'FFFF31 The Code of Milan\r\rI. The Sabbat shall remain united in support of the sect''s Regent.  If necessary, a new Regent shall be elected. The Regent shall support relief from tyranny, granting all Sabbat freedom.\r', 0, 'frontwall -5.2188,-3.5000,5219', NULL),
(3488, 1105, 59, 2865, 8, 6, 0, 0, NULL, 0, NULL, NULL),
(3489, 1105, 59, 2865, 10, 6, 0, 0, NULL, 0, NULL, NULL),
(3493, 1017, 59, 2865, 7, 6, 0.2, 0, NULL, 0, NULL, NULL),
(3495, 1017, 59, 2865, 7, 6, 0.2, 0, NULL, 0, NULL, NULL),
(3642, 1147, 59, 2865, 6, 13, 0, 0, NULL, 0, NULL, NULL),
(3631, 1594, 59, 2865, 9, 2, 0, 4, NULL, 0, NULL, NULL),
(3632, 1594, 59, 2865, 7, 2, 0, 4, NULL, 0, NULL, NULL),
(3534, 2360, 64, 2815, 0, 0, 0, 0, 'FFFF31 The Code of Milan\r\rX. All sect members shall protect Sabbat territory from all other powers.\r\r', 0, 'frontwall -5.5625,-5.4444,5563', NULL),
(3633, 2409, 59, 2865, 0, 0, 0, 0, '2', 0, 'leftwall -1.3125,-3.2778,1313', NULL),
(3634, 2409, 59, 2865, 0, 0, 0, 0, '9', 0, 'frontwall -10.7813,-15.5556,10781', NULL),
(3635, 1154, 64, 2867, 10, 5, 0, 0, NULL, 0, NULL, NULL),
(3629, 1003, 64, 2867, 5, 5, 0, 0, NULL, 0, NULL, NULL),
(3641, 1147, 59, 2865, 8, 8, 2, 0, NULL, 0, NULL, NULL),
(3503, 1113, 59, 2865, 9, 1, 0.2, 0, NULL, 0, NULL, NULL),
(3507, 1113, 59, 2865, 8, 7, 0.2, 0, NULL, 0, NULL, NULL),
(3508, 2360, 64, 2815, 0, 0, 0, 0, 'FFFF31 The Code of Milan\r\rIII. All Sabbat shall faithfully observe all the Auctoritas Ritae.\r', 0, 'frontwall -5.9688,-4.8333,5969', NULL),
(3509, 1113, 59, 2865, 5, 4, 0, 0, NULL, 0, NULL, NULL),
(3513, 1039, 59, 2865, 7, 7, 0.2, 0, NULL, 0, NULL, NULL),
(3514, 1039, 59, 2865, 7, 6, 0.2, 0, NULL, 0, NULL, NULL),
(3515, 1039, 59, 2865, 5, 7, 0.2, 4, NULL, 0, NULL, NULL),
(3620, 2360, 64, 2867, 0, 0, 0, 0, 'FFFF31 Auctoritas Ritae:\r\rThe entire sect practices ''auctoritas ritae'' because it is traditional and significant to Sabbat beliefs. They strengthen the sect''s bonds of loyalty and fraternity by providing emotional  power through familiarity with the ritae and the accompanied sorcery. 13 ritae are practiced.\r', 0, 'leftwall 4.7813,-3.2222,4781', NULL),
(3518, 1039, 59, 2865, 4, 7, 0.2, 0, NULL, 0, NULL, NULL),
(3636, 1145, 64, 2867, 10, 10, 2, 0, NULL, 0, NULL, NULL),
(3524, 1113, 59, 2869, 7, 5, 0, 0, NULL, 0, NULL, NULL),
(3525, 1113, 59, 2865, 8, 8, 0, 0, NULL, 0, NULL, NULL),
(3526, 1113, 59, 2865, 8, 9, 0, 0, NULL, 0, NULL, NULL),
(3527, 1113, 59, 2865, 11, 4, 0.2, 2, NULL, 0, NULL, NULL),
(3529, 1113, 59, 2865, 7, 4, 0, 0, NULL, 0, NULL, NULL),
(3530, 1113, 59, 2870, 2, 5, 0, 0, NULL, 0, NULL, NULL),
(3531, 1113, 59, 2865, 6, 7, 0.2, 0, NULL, 0, NULL, NULL),
(3532, 1113, 59, 2865, 6, 6, 0.2, 0, NULL, 0, NULL, NULL),
(3533, 1113, 59, 2865, 7, 1, 0.2, 0, NULL, 0, NULL, NULL),
(3541, 2360, 64, 2867, 0, 0, 0, 0, 'FFFF31 The Code of Milan - XVI:\r\rAll Sabbat shall act against Sect members who use the powers and authority the Sabbat has given them for personal gain at the expense of the Sabbat. Action shall be taken only through accepted means, approved by a quorum of the Inner Circle.\r', 0, 'frontwall -6.7813,-15.6111,6781', NULL),
(3535, 2360, 64, 2815, 0, 0, 0, 0, 'FFFF31 The Code of Milan\r\rXIII. All Sabbat shall support the Black Hand.\r', 0, 'frontwall -5.2188,-5.5556,5219', NULL),
(3540, 2360, 64, 2867, 0, 0, 0, 0, 'FFFF31 The Code of Milan - XII:\r\rThe Rights of Monomacy shall be used to settle disputes among all Sabbat.\r', 0, 'frontwall -6.7813,-14.8889,6781', NULL),
(3542, 2360, 64, 2867, 0, 0, 0, 0, 'FFFF31 The Code of Milan - III:\r\rAll Sabbat shall faithfully observe all the Auctoritas Ritae.\r', 0, 'frontwall -6.4375,-12.8333,6438', NULL),
(3545, 2360, 64, 2867, 0, 0, 0, 0, 'FFFF31 The Code of Milan - VII:\r\rThose who are not honorable under this code will be considered less than equal and therefore unworthy of assistance.\r', 0, 'frontwall -6.4375,-13.5000,6438', NULL),
(3546, 2360, 64, 2867, 0, 0, 0, 0, 'FFFF31 The Code of Milan - XI:\r\rThe spirit of freedom shall be the fundamental principle of the Sect. All Sabbat shall expect and demand freedom from their leaders.\r', 0, 'frontwall -6.4375,-14.2222,6438', NULL),
(3547, 1016, 92, 2868, 8, 2, 0, 0, NULL, 0, NULL, NULL),
(3584, 2360, 64, 2867, 0, 0, 0, 0, 'FFFF31 The Code of Milan - XV:\r\rAll Sabbat possess the right to call a council of their peers and their immediate leaders.\r', 0, 'frontwall -6.4063,-14.9444,6406', NULL),
(3549, 2360, 64, 2867, 0, 0, 0, 0, 'FFFF31 The Code of Milan - II:\r\rAll Sabbat shall do their best to serve their leaders as long as said leaders serve the will of the Regent.\r', 0, 'frontwall -6.0625,-12.1667,6063', NULL),
(3550, 2360, 64, 2867, 0, 0, 0, 0, 'FFFF31 The Code of Milan - VI:\r\rAll Sabbat must put the good of the sect before their own personal needs, despite all costs.\r', 0, 'frontwall -6.0625,-12.8889,6063', NULL),
(3552, 2360, 64, 2867, 0, 0, 0, 0, 'FFFF31 The Code of Milan - XIV:\r\rAll Sabbat have the right to monitor the behavior and activities of their fellow Sect members in order to maintain freedom and security.\r', 0, 'frontwall -6.0313,-14.2778,6031', NULL),
(3554, 2360, 64, 2867, 0, 0, 0, 0, 'FFFF31 The Code of Milan - I:\r\rThe Sabbat shall remain united in its support of the sect''s Regent. If necessary, a new Regent shall be elected. The Regent shall support relief from tyranny, granting all Sabbat freedom.\r', 0, 'frontwall -5.6875,-11.5000,5688', NULL),
(3555, 2360, 64, 2867, 0, 0, 0, 0, 'FFFF31 The Code of Milan - V:\r\rAll Sabbat shall treat their peers fairly and equally, upholding the strength and unity of the Sabbat. If necessary, they shall provide for the needs of their brethren.\r', 0, 'frontwall -5.6875,-12.2222,5688', NULL),
(3559, 1003, 92, 2868, 1, 7, 0, 0, NULL, 0, NULL, NULL),
(3560, 1039, 92, 2868, 1, 8, 0, 0, NULL, 0, NULL, NULL),
(3561, 1114, 59, 2865, 5, 7, 0.2, 4, NULL, 0, NULL, NULL),
(3562, 1140, 92, 2868, 9, 8, 0, 0, NULL, 0, NULL, NULL),
(3563, 1041, 92, 2868, 7, 1, 0, 0, 'FALSE', 0, NULL, NULL),
(3564, 2360, 64, 2867, 0, 0, 0, 0, 'FFFF31 To the right of this noticeboard is the Code of Milan.\r\rThe Code of Milan is the list of principles by which the Sabbat define themselves.\r\rThe Code of Milan is a set of ''rules'' or ''laws'' which the Sabbat sect members are expected to always follow at all times.\r', 0, 'frontwall -4.9063,-11.4444,4906', NULL),
(3565, 1005, 92, 2868, 9, 1, 0, 4, NULL, 0, NULL, NULL),
(3566, 1005, 92, 0, 0, 0, 0, 0, NULL, 0, NULL, NULL),
(3567, 1005, 92, 2868, 8, 4, 0, 0, NULL, 0, NULL, NULL),
(3568, 2601, 92, 2868, 3, 3, 0, 2, NULL, 0, NULL, NULL),
(3569, 2548, 92, 2868, 9, 4, 0, 2, NULL, 0, NULL, NULL),
(3570, 1126, 92, 2868, 1, 10, 1, 2, 'ON', 0, NULL, NULL),
(3571, 1105, 92, 2868, 3, 8, 0, 0, NULL, 0, NULL, NULL),
(3572, 1106, 92, 2868, 9, 2, 2, 0, NULL, 0, NULL, NULL),
(3573, 1112, 92, 2868, 7, 6, 0, 0, 'FALSE', 0, NULL, NULL),
(3574, 2360, 92, 0, 0, 0, 0, 0, '18', 0, NULL, NULL),
(3575, 2409, 92, 2868, 0, 0, 0, 0, '2', 0, 'frontwall -10.1250,-14.1111,10125', NULL),
(3576, 2409, 92, 0, 0, 0, 0, 0, '24', 0, NULL, NULL),
(3577, 1044, 92, 2868, 3, 4, 0, 0, NULL, 0, NULL, NULL),
(3578, 1044, 92, 2868, 4, 4, 0, 0, NULL, 0, NULL, NULL),
(3582, 2360, 64, 2867, 0, 0, 0, 0, 'FFFF31 The Code of Milan - XIII:\r\rAll Sabbat shall support the Black Hand.\r', 0, 'frontwall -5.6563,-13.6667,5656', NULL),
(3580, 2360, 64, 2867, 0, 0, 0, 0, 'FFFF31 The Code of Milan - X:\r\rAll sect members shall protect Sabbat territory from all other powers.\r', 0, 'frontwall -6.0625,-13.5556,6063', NULL),
(3581, 1019, 92, 2868, 3, 10, 0, 6, NULL, 0, NULL, NULL),
(3590, 2360, 64, 2867, 0, 0, 0, 0, 'FFFF31 The Code of Milan - IX:\r\rAll Sabbat shall protect one another from the enemies of the Sect. Personal enemies shall remain personal responsibility, unless they undermine Sect security.\r', 0, 'frontwall -5.6875,-12.9444,5688', NULL),
(3589, 2360, 92, 2868, 0, 0, 0, 0, '9CCEFF ---Items of use---\r-The bottles can be broken and used as weapons\r-Several packs of cigarettes are spread through the room, some still having cigarettes in them\r-Under the bed, there is a pistol with a few magazines\r-There is a switchblade hidden amongst the books\r-Several lighters can be found\r', 0, 'leftwall 0.2813,-1.5000,281', NULL),
(3583, 2360, 92, 2868, 0, 0, 0, 0, '9CCEFF The appartment is rather small and extremely dirty. Empty cans and boxes litter the floor, along with several leftovers of cigarettes. A small television stands in the corner of the room, near an old, unused bookcase. The only clean piece of furniture in the appartment seems to be the painting of a young-looking woman near the table.\r', 0, 'leftwall 0.6563,-1.5000,656', NULL),
(3585, 1114, 59, 2865, 10, 9, 0, 0, NULL, 0, NULL, NULL),
(3586, 1114, 59, 2865, 10, 8, 0, 6, NULL, 0, NULL, NULL),
(3587, 1114, 59, 2865, 7, 9, 0, 4, NULL, 0, NULL, NULL),
(3588, 1114, 59, 2865, 7, 8, 0, 2, NULL, 0, NULL, NULL),
(3592, 1149, 59, 2865, 4, 8, 0, 0, NULL, 0, NULL, NULL),
(3593, 1149, 59, 2865, 7, 8, 0, 0, NULL, 0, NULL, NULL),
(3594, 1147, 59, 2865, 6, 8, 0, 0, NULL, 0, NULL, NULL),
(3595, 1142, 59, 2865, 5, 8, 0, 0, NULL, 0, NULL, NULL),
(3596, 1147, 59, 2865, 7, 10, 0, 0, NULL, 0, NULL, NULL),
(3597, 1147, 59, 2865, 11, 8, 0, 0, NULL, 0, NULL, NULL),
(3598, 1147, 59, 2865, 4, 6, 0, 0, NULL, 0, NULL, NULL),
(3599, 1147, 59, 2865, 4, 13, 0, 0, NULL, 0, NULL, NULL),
(3600, 1147, 59, 2865, 9, 10, 0, 0, NULL, 0, NULL, NULL),
(3601, 1147, 59, 2865, 11, 13, 0, 0, NULL, 0, NULL, NULL),
(3602, 1142, 59, 2865, 11, 7, 0, 0, NULL, 0, NULL, NULL),
(3603, 1142, 59, 2865, 7, 8, 2, 0, NULL, 0, NULL, NULL),
(3604, 1142, 59, 2865, 4, 5, 0, 0, NULL, 0, NULL, NULL),
(3605, 1142, 59, 2865, 8, 10, 0, 0, NULL, 0, NULL, NULL),
(3608, 2410, 5, 0, 0, 0, 0, 0, NULL, NULL, NULL, NULL),
(3609, 2410, 5, 0, 0, 0, 0, 0, NULL, NULL, NULL, NULL),
(3610, 1114, 59, 2865, 10, 7, 0.2, 0, NULL, 0, NULL, NULL),
(3611, 1114, 59, 2865, 5, 6, 0.2, 2, NULL, 0, NULL, NULL),
(3612, 1110, 59, 2865, 6, 9, 0, 4, 'FALSE', 0, NULL, NULL),
(3613, 1114, 59, 2865, 10, 6, 0.2, 6, NULL, 0, NULL, NULL),
(3615, 1021, 64, 2867, 10, 8, 0, 4, NULL, 0, NULL, NULL),
(3616, 1044, 64, 2867, 5, 6, 0, 0, NULL, 0, NULL, NULL),
(3619, 1105, 59, 2865, 5, 6, 0, 0, NULL, 0, NULL, NULL),
(3621, 1114, 59, 2865, 11, 6, 0.2, 0, NULL, 0, NULL, NULL),
(3622, 1114, 59, 2865, 11, 1, 0.2, 6, NULL, 0, NULL, NULL),
(3623, 1114, 59, 2865, 4, 4, 0, 4, NULL, 0, NULL, NULL),
(3624, 1114, 59, 2865, 9, 4, 0, 0, NULL, 0, NULL, NULL),
(3625, 1114, 59, 2865, 4, 1, 0, 6, NULL, 0, NULL, NULL),
(3627, 2360, 64, 2867, 0, 0, 0, 0, 'FFFF31 Ignoblis Ritae:\r\rThe ''low'' or ''common'' rituals of the Sabbat sect which vary from pack to pack. More often than not, several of these ritae show up in some form or another from pack to pack, but many of them are unique to regions or individual packs.\r', 0, 'leftwall 4.4063,-3.2222,4406', NULL),
(3628, 1114, 59, 2865, 6, 1, 0.2, 4, NULL, 0, NULL, NULL),
(3643, 1007, 64, 2867, 9, 9, 0, 0, NULL, 0, NULL, NULL),
(3644, 1147, 59, 2865, 4, 11, 0, 0, NULL, 0, NULL, NULL),
(3645, 1147, 59, 2865, 9, 9, 2, 0, NULL, 0, NULL, NULL),
(3656, 1142, 59, 2822, 11, 13, 0, 0, NULL, 0, NULL, NULL),
(3647, 1105, 59, 2822, 4, 11, 0, 0, NULL, 0, NULL, NULL),
(3648, 1147, 59, 2822, 4, 11, 0.2, 0, NULL, 0, NULL, NULL),
(3649, 1017, 59, 2822, 4, 11, 0.2, 0, NULL, 0, NULL, NULL),
(3650, 1017, 59, 2822, 5, 12, 0.2, 0, NULL, 0, NULL, NULL),
(3651, 1017, 59, 2822, 4, 11, 0.2, 0, NULL, 0, NULL, NULL),
(3652, 1017, 59, 2822, 5, 12, 0.2, 0, NULL, 0, NULL, NULL),
(3653, 1039, 59, 2822, 4, 11, 0.2, 0, NULL, 0, NULL, NULL),
(3654, 1039, 59, 2822, 5, 12, 0.2, 0, NULL, 0, NULL, NULL),
(3655, 1147, 59, 2822, 7, 13, 0, 0, NULL, 0, NULL, NULL),
(3657, 1142, 59, 2822, 6, 13, 0, 0, NULL, 0, NULL, NULL),
(3658, 1142, 59, 2822, 4, 5, 0, 0, NULL, 0, NULL, NULL),
(3659, 1142, 59, 2822, 6, 9, 0, 0, NULL, 0, NULL, NULL);
INSERT INTO `items` (`id`, `definitionid`, `ownerid`, `spaceid`, `x`, `y`, `z`, `rotation`, `customdata`, `teleporterid`, `wallposition`, `itemdata`) VALUES
(3660, 1147, 59, 2822, 9, 2, 0, 0, NULL, 0, NULL, NULL),
(3661, 1154, 59, 2822, 11, 2, 0, 0, NULL, 0, NULL, NULL),
(3662, 1179, 59, 2865, 11, 9, 0, 4, 'FALSE', 3663, NULL, NULL),
(3663, 1179, 59, 2822, 5, 12, 0.2, 0, 'FALSE', 0, NULL, NULL),
(3664, 1142, 59, 2865, 7, 9, 2, 0, NULL, 0, NULL, NULL),
(3665, 1142, 59, 2865, 9, 7, 2.2, 0, NULL, 0, NULL, NULL),
(3666, 1147, 59, 2865, 10, 9, 2, 0, NULL, 0, NULL, NULL),
(3667, 1147, 59, 2865, 9, 8, 2, 0, NULL, 0, NULL, NULL),
(3668, 1142, 59, 2865, 8, 7, 2.2, 0, NULL, 0, NULL, NULL),
(3669, 1147, 59, 2865, 8, 9, 2, 0, NULL, 0, NULL, NULL),
(3670, 1145, 59, 2865, 10, 7, 2.2, 0, NULL, 0, NULL, NULL),
(3671, 1179, 59, 2865, 5, 1, 0, 4, 'FALSE', 3672, NULL, NULL),
(3672, 1179, 59, 2869, 5, 2, 0, 4, 'FALSE', 0, NULL, NULL),
(3743, 1044, 59, 2869, 9, 6, 0, 0, NULL, 0, NULL, NULL),
(3679, 1038, 59, 2869, 4, 2, 0, 0, NULL, 0, NULL, NULL),
(3680, 1038, 59, 2869, 11, 2, 0, 0, NULL, 0, NULL, NULL),
(4111, 1025, 70, 2821, 10, 2, 0, 0, NULL, 0, NULL, NULL),
(3750, 1044, 59, 2869, 7, 9, 0, 0, NULL, 0, NULL, NULL),
(3681, 1147, 59, 2869, 4, 13, 0, 0, NULL, 0, NULL, NULL),
(3682, 1147, 59, 2871, 5, 10, 0, 0, NULL, 0, NULL, NULL),
(3683, 1147, 59, 2869, 8, 1, 0, 0, NULL, 0, NULL, NULL),
(3684, 1143, 59, 2872, 6, 3, 0, 0, NULL, 0, NULL, NULL),
(3685, 1147, 59, 2869, 11, 13, 0, 0, NULL, 0, NULL, NULL),
(3686, 1147, 59, 2869, 9, 1, 0, 0, NULL, 0, NULL, NULL),
(3688, 1147, 59, 2869, 4, 1, 0, 0, NULL, 0, NULL, NULL),
(3689, 1147, 59, 2871, 7, 5, 0, 0, NULL, 0, NULL, NULL),
(3690, 1147, 59, 2869, 9, 6, 0, 0, NULL, 0, NULL, NULL),
(3691, 1147, 59, 2869, 7, 1, 0, 0, NULL, 0, NULL, NULL),
(3692, 1147, 59, 2869, 10, 1, 0, 0, NULL, 0, NULL, NULL),
(3693, 1147, 59, 2869, 6, 1, 0, 0, NULL, 0, NULL, NULL),
(3694, 1147, 59, 2871, 10, 5, 0, 0, NULL, 0, NULL, NULL),
(3695, 1147, 59, 2869, 5, 1, 0, 0, NULL, 0, NULL, NULL),
(3696, 1142, 59, 2869, 4, 2, 2, 0, NULL, 0, NULL, NULL),
(3697, 1142, 59, 2869, 11, 2, 2, 0, NULL, 0, NULL, NULL),
(3746, 1044, 59, 2869, 5, 6, 0, 0, NULL, 0, NULL, NULL),
(3699, 1142, 59, 2871, 5, 5, 0, 0, NULL, 0, NULL, NULL),
(3700, 1142, 59, 2871, 5, 8, 0, 0, NULL, 0, NULL, NULL),
(3701, 1142, 59, 2869, 11, 6, 0, 0, NULL, 0, NULL, NULL),
(3702, 1142, 59, 2869, 4, 6, 0, 0, NULL, 0, NULL, NULL),
(3703, 1142, 59, 2865, 10, 13, 0, 0, NULL, 0, NULL, NULL),
(3757, 1075, 59, 2869, 6, 3, 0, 0, NULL, 0, NULL, NULL),
(3737, 1594, 59, 2869, 4, 7, 0, 2, NULL, 0, NULL, NULL),
(3736, 1594, 59, 2869, 4, 11, 0, 2, NULL, 0, NULL, NULL),
(3745, 1044, 59, 2869, 5, 9, 0, 0, NULL, 0, NULL, NULL),
(3740, 1003, 70, 2821, 4, 1, 0, 0, NULL, 0, NULL, NULL),
(3738, 1003, 70, 2821, 4, 9, 0, 6, NULL, 0, NULL, NULL),
(3739, 1594, 59, 2869, 4, 9, 0, 2, NULL, 0, NULL, NULL),
(3707, 1145, 59, 2869, 4, 3, 0, 0, NULL, 0, NULL, NULL),
(3710, 1145, 59, 2869, 11, 3, 0, 0, NULL, 0, NULL, NULL),
(3711, 1145, 59, 2873, 10, 9, 0, 0, NULL, 0, NULL, NULL),
(3713, 1145, 59, 2872, 11, 3, 0, 0, NULL, 0, NULL, NULL),
(3714, 1145, 59, 2870, 5, 1, 0, 0, NULL, 0, NULL, NULL),
(3735, 1179, 59, 2869, 6, 2, 0, 4, 'FALSE', 3734, NULL, NULL),
(3747, 2410, 70, 2821, 10, 5, 0, 0, NULL, 0, NULL, NULL),
(4112, 1075, 70, 2821, 8, 5, 4, 0, NULL, 0, NULL, NULL),
(3741, 1003, 70, 2821, 4, 12, 0, 6, NULL, 0, NULL, NULL),
(3734, 1179, 59, 2871, 5, 9, 0, 0, 'FALSE', 3735, NULL, NULL),
(3748, 1175, 70, 2821, 7, 3, 0, 0, NULL, 0, NULL, NULL),
(3715, 1142, 59, 2871, 8, 5, 0, 0, NULL, 0, NULL, NULL),
(3716, 1142, 59, 2871, 10, 10, 0, 0, NULL, 0, NULL, NULL),
(3717, 1143, 59, 2870, 11, 1, 0, 0, NULL, 0, NULL, NULL),
(3718, 1145, 59, 2870, 1, 10, 0, 0, NULL, 0, NULL, NULL),
(3719, 1143, 59, 2870, 3, 10, 0, 0, NULL, 0, NULL, NULL),
(3720, 1145, 59, 2870, 1, 5, 2, 0, NULL, 0, NULL, NULL),
(3721, 1147, 59, 2870, 1, 7, 0, 0, NULL, 0, NULL, NULL),
(3722, 1147, 59, 2869, 11, 1, 0, 0, NULL, 0, NULL, NULL),
(3749, 1044, 59, 2869, 7, 6, 0, 0, NULL, 0, NULL, NULL),
(3731, 1594, 59, 2869, 9, 13, 0, 0, NULL, 0, NULL, NULL),
(3726, 1594, 59, 2869, 7, 13, 0, 0, NULL, 0, NULL, NULL),
(3727, 1594, 59, 2869, 11, 9, 0, 6, NULL, 0, NULL, NULL),
(3728, 1594, 59, 2869, 11, 7, 0, 6, NULL, 0, NULL, NULL),
(3729, 1594, 59, 2869, 11, 11, 0, 6, NULL, 0, NULL, NULL),
(3730, 1594, 59, 2869, 5, 13, 0, 0, NULL, 0, NULL, NULL),
(3751, 2410, 70, 2821, 9, 12, 0, 0, NULL, 0, NULL, NULL),
(3752, 1594, 59, 2875, 9, 10, 0, 0, NULL, 0, NULL, NULL),
(3753, 1594, 59, 2869, 7, 6, 0, 4, NULL, 0, NULL, NULL),
(3838, 2539, 5, 2866, 8, 2, 0, 0, NULL, 0, NULL, NULL),
(3754, 1114, 59, 2869, 11, 5, 0, 2, NULL, 0, NULL, NULL),
(3755, 1114, 59, 2869, 9, 5, 0, 6, NULL, 0, NULL, NULL),
(3756, 1114, 59, 2869, 6, 5, 0, 2, NULL, 0, NULL, NULL),
(3758, 1075, 59, 2869, 7, 3, 0, 0, NULL, 0, NULL, NULL),
(3759, 1075, 59, 2869, 9, 3, 0, 0, NULL, 0, NULL, NULL),
(3760, 1075, 59, 2869, 5, 3, 0, 0, NULL, 0, NULL, NULL),
(3761, 1075, 59, 2869, 8, 3, 0, 0, NULL, 0, NULL, NULL),
(3765, 1075, 59, 2869, 10, 3, 0, 0, NULL, 0, NULL, NULL),
(3766, 2360, 59, 2869, 0, 0, 0, 0, 'FF9CFF The Camarilla Manor; Guide\r----------------------------------\rThe doors from left to right:\r\r<> Entrance to Manor\r<> Training Hall\r- Dojo I\r- Dojo II\r<> Kitchen\r<> Dormitories\r<> Blood Cellar\r<> Meeting Room\r', 0, 'leftwall 0.6250,-1.7778,10001', NULL),
(3764, 2360, 54, 0, 0, 0, 0, 0, '18', 0, NULL, NULL),
(3773, 1179, 59, 2870, 1, 6, 0, 0, 'FALSE', 3774, NULL, NULL),
(3769, 1594, 59, 2871, 8, 10, 0, 0, NULL, 0, NULL, NULL),
(3770, 1594, 59, 2871, 10, 6, 0, 6, NULL, 0, NULL, NULL),
(3771, 1594, 59, 2871, 10, 8, 0, 6, NULL, 0, NULL, NULL),
(3772, 1594, 59, 2871, 6, 10, 0, 0, NULL, 0, NULL, NULL),
(3774, 1179, 59, 2871, 6, 5, 0, 4, 'FALSE', 3773, NULL, NULL),
(3777, 1114, 59, 2870, 4, 7, 0, 6, NULL, 0, NULL, NULL),
(3778, 1114, 59, 2870, 4, 10, 0, 0, NULL, 0, NULL, NULL),
(3779, 1113, 59, 2870, 4, 8, 0, 2, NULL, 0, NULL, NULL),
(3780, 1114, 59, 2870, 4, 5, 0, 0, NULL, 0, NULL, NULL),
(3781, 1114, 59, 2870, 1, 5, 0, 4, NULL, 0, NULL, NULL),
(3782, 1075, 59, 2870, 9, 8, 0, 0, NULL, 0, NULL, NULL),
(3783, 1075, 59, 2870, 7, 3, 0, 0, NULL, 0, NULL, NULL),
(3784, 1075, 59, 2870, 9, 3, 0, 0, NULL, 0, NULL, NULL),
(3785, 1075, 59, 2870, 7, 8, 0, 0, NULL, 0, NULL, NULL),
(3786, 1142, 59, 2870, 3, 7, 0, 0, NULL, 0, NULL, NULL),
(3787, 1142, 59, 2870, 5, 10, 0, 0, NULL, 0, NULL, NULL),
(3788, 1147, 59, 2870, 11, 10, 0, 0, NULL, 0, NULL, NULL),
(3789, 1147, 59, 2870, 3, 5, 2, 0, NULL, 0, NULL, NULL),
(3790, 1594, 59, 2870, 1, 8, 0, 2, NULL, 0, NULL, NULL),
(3791, 1594, 59, 2870, 3, 8, 0, 2, NULL, 0, NULL, NULL),
(3792, 1594, 59, 2872, 2, 8, 0, 2, NULL, 0, NULL, NULL),
(3793, 1594, 59, 2872, 4, 8, 0, 2, NULL, 0, NULL, NULL),
(3794, 1594, 59, 2872, 4, 6, 0, 2, NULL, 0, NULL, NULL),
(3795, 1594, 59, 2872, 2, 6, 0, 2, NULL, 0, NULL, NULL),
(3796, 1179, 59, 2872, 2, 4, 0, 0, 'FALSE', 3797, NULL, NULL),
(3797, 1179, 59, 2871, 9, 5, 0, 4, 'FALSE', 3796, NULL, NULL),
(3801, 1075, 59, 2872, 8, 4, 0, 0, NULL, 0, NULL, NULL),
(3800, 1075, 59, 2872, 9, 4, 0, 0, NULL, 0, NULL, NULL),
(3802, 1075, 59, 2872, 8, 9, 0, 0, NULL, 0, NULL, NULL),
(3803, 1075, 59, 2872, 9, 9, 0, 0, NULL, 0, NULL, NULL),
(3804, 1114, 59, 2872, 5, 5, 0, 6, NULL, 0, NULL, NULL),
(3805, 1114, 59, 2872, 2, 3, 0, 4, NULL, 0, NULL, NULL),
(3806, 1114, 59, 2872, 5, 10, 0, 0, NULL, 0, NULL, NULL),
(3807, 1114, 59, 2873, 4, 4, 0, 4, NULL, 0, NULL, NULL),
(3808, 1114, 59, 2872, 5, 3, 0, 0, NULL, 0, NULL, NULL),
(3809, 1110, 59, 2875, 6, 2, 1, 2, 'FALSE', 0, NULL, NULL),
(3810, 1113, 59, 2872, 5, 6, 0, 2, NULL, 0, NULL, NULL),
(3811, 1113, 59, 2873, 5, 4, 2, 0, NULL, 0, NULL, NULL),
(3812, 1113, 59, 2872, 5, 8, 0, 2, NULL, 0, NULL, NULL),
(3813, 1113, 59, 2872, 3, 3, 0, 0, NULL, 0, NULL, NULL),
(3814, 1142, 59, 2872, 6, 10, 0, 0, NULL, 0, NULL, NULL),
(3815, 1147, 59, 2872, 11, 10, 0, 0, NULL, 0, NULL, NULL),
(3816, 1142, 59, 2872, 4, 10, 0, 0, NULL, 0, NULL, NULL),
(3817, 1142, 59, 2872, 4, 5, 0, 0, NULL, 0, NULL, NULL),
(3818, 1147, 59, 2872, 2, 5, 0, 0, NULL, 0, NULL, NULL),
(3819, 1143, 59, 2872, 2, 10, 0, 0, NULL, 0, NULL, NULL),
(3820, 1179, 59, 2869, 10, 2, 0, 4, 'FALSE', 3821, NULL, NULL),
(3821, 1179, 59, 2873, 3, 5, 0, 0, 'FALSE', 3820, NULL, NULL),
(3825, 1594, 59, 2873, 4, 13, 0, 0, NULL, 0, NULL, NULL),
(3824, 1594, 59, 2873, 8, 13, 0, 0, NULL, 0, NULL, NULL),
(3826, 1594, 59, 2873, 6, 13, 0, 0, NULL, 0, NULL, NULL),
(3827, 1594, 59, 2873, 4, 11, 0, 0, NULL, 0, NULL, NULL),
(3828, 1594, 59, 2873, 6, 11, 0, 0, NULL, 0, NULL, NULL),
(3829, 1594, 59, 2873, 8, 11, 0, 0, NULL, 0, NULL, NULL),
(3830, 1594, 59, 2873, 4, 9, 0, 0, NULL, 0, NULL, NULL),
(3831, 1594, 59, 2873, 4, 7, 0, 0, NULL, 0, NULL, NULL),
(3832, 1594, 59, 2873, 8, 9, 0, 0, NULL, 0, NULL, NULL),
(3833, 1594, 59, 2873, 6, 7, 0, 0, NULL, 0, NULL, NULL),
(3834, 1594, 59, 2875, 7, 10, 0, 0, NULL, 0, NULL, NULL),
(3835, 1594, 59, 2873, 6, 9, 0, 0, NULL, 0, NULL, NULL),
(4228, 1075, 55, 2802, 5, 3, 0, 0, NULL, 0, NULL, NULL),
(4227, 1075, 55, 2802, 8, 9, 0, 0, NULL, 0, NULL, NULL),
(3839, 2540, 5, 2866, 5, 10, 0, 2, NULL, 0, NULL, NULL),
(3840, 2538, 5, 0, 0, 0, 0, 0, NULL, NULL, NULL, NULL),
(3841, 2537, 5, 0, 0, 0, 0, 0, NULL, NULL, NULL, NULL),
(3842, 2616, 5, 2866, 10, 1, 0, 0, NULL, 0, NULL, NULL),
(3843, 1275, 5, 2866, 7, 1, 0, 0, NULL, 0, NULL, NULL),
(3844, 1166, 5, 2866, 11, 1, 0, 0, 'FALSE', 0, NULL, NULL),
(3845, 1166, 5, 2866, 11, 1, 2, 0, 'FALSE', 0, NULL, NULL),
(3846, 1208, 5, 2866, 11, 0, 0, 0, 'FALSE', 0, NULL, NULL),
(3847, 1208, 5, 2866, 9, 1, 0, 0, 'FALSE', 0, NULL, NULL),
(3848, 2363, 5, 2866, 6, 4, 0, 0, NULL, 0, NULL, NULL),
(3849, 1007, 5, 2866, 5, 2, 0, 0, NULL, 0, NULL, NULL),
(3850, 2619, 5, 2866, 7, 8, 0.1, 0, NULL, 0, NULL, NULL),
(3851, 2621, 5, 0, 0, 0, 0, 0, 'FALSE', NULL, NULL, NULL),
(3852, 1114, 59, 2873, 9, 4, 0, 6, NULL, 0, NULL, NULL),
(4029, 1142, 59, 2873, 10, 11, 0, 0, NULL, 0, NULL, NULL),
(4030, 1147, 59, 2873, 10, 13, 0, 0, NULL, 0, NULL, NULL),
(4031, 2360, 104, 2879, 0, 0, 0, 0, 'FFFF31 ', 0, 'leftwall 1.9688,-1.6667,10001', NULL),
(3855, 1007, 5, 2866, 6, 7, 0, 0, NULL, 0, NULL, NULL),
(3856, 1113, 59, 2875, 11, 8, 0.2, 2, NULL, 0, NULL, NULL),
(3857, 1113, 59, 2875, 8, 5, 0.2, 2, NULL, 0, NULL, NULL),
(3858, 1113, 59, 2875, 5, 2, 0.2, 2, NULL, 0, NULL, NULL),
(3859, 1113, 59, 2873, 5, 4, 0, 0, NULL, 0, NULL, NULL),
(3860, 1113, 59, 2873, 10, 5, 0, 0, NULL, 0, NULL, NULL),
(3861, 1113, 59, 2873, 7, 4, 0, 0, NULL, 0, NULL, NULL),
(3862, 1113, 59, 2875, 9, 7, 0.2, 0, NULL, 0, NULL, NULL),
(3863, 1114, 59, 2873, 9, 4, 2, 6, NULL, 0, NULL, NULL),
(3864, 1114, 59, 2873, 4, 4, 2, 4, NULL, 0, NULL, NULL),
(3865, 1114, 59, 2875, 8, 4, 0.2, 6, NULL, 0, NULL, NULL),
(3867, 1114, 59, 2875, 6, 7, 2, 0, NULL, 0, NULL, NULL),
(3868, 1114, 59, 2875, 5, 4, 0.2, 4, NULL, 0, NULL, NULL),
(3869, 1110, 59, 2875, 9, 8, 0, 4, 'FALSE', 0, NULL, NULL),
(3877, 1003, 44, 2863, 6, 1, 0, 0, NULL, 0, NULL, NULL),
(4028, 1026, 104, 2879, 8, 10, 0, 0, NULL, 0, NULL, NULL),
(3874, 1594, 59, 2873, 8, 7, 0, 0, NULL, 0, NULL, NULL),
(3878, 1003, 44, 2863, 10, 1, 0, 0, NULL, 0, NULL, NULL),
(3879, 1003, 44, 2863, 8, 1, 0, 0, NULL, 0, NULL, NULL),
(3880, 1110, 44, 0, 0, 0, 0, 0, 'FALSE', 0, NULL, NULL),
(3881, 1113, 44, 2863, 4, 9, 0, 0, NULL, 0, NULL, NULL),
(3882, 1113, 44, 2863, 8, 9, 0, 0, NULL, 0, NULL, NULL),
(3883, 1113, 44, 2863, 9, 10, 0, 2, NULL, 0, NULL, NULL),
(3886, 1179, 59, 2875, 6, 3, 0, 2, 'FALSE', 3887, NULL, NULL),
(3887, 1179, 59, 2869, 4, 4, 0, 2, 'FALSE', 3886, NULL, NULL),
(3888, 1114, 59, 2875, 11, 7, 0.2, 6, NULL, 0, NULL, NULL),
(3889, 1114, 59, 2875, 8, 7, 0.2, 4, NULL, 0, NULL, NULL),
(3890, 1114, 59, 2875, 5, 7, 2, 4, NULL, 0, NULL, NULL),
(3891, 1113, 59, 2873, 7, 4, 2, 0, NULL, 0, NULL, NULL),
(3892, 1113, 59, 2875, 6, 4, 0.2, 0, NULL, 0, NULL, NULL),
(3894, 1113, 44, 2863, 6, 9, 0, 0, NULL, 0, NULL, NULL),
(3895, 1180, 44, 2863, 6, 1, 0, 2, 'FALSE', 3896, NULL, NULL),
(3896, 1180, 44, 2861, 10, 2, 0, 2, 'FALSE', 3895, NULL, NULL),
(3897, 1180, 44, 2863, 4, 7, 0, 2, 'FALSE', 3898, NULL, NULL),
(3898, 1180, 44, 2863, 4, 3, 0, 2, 'FALSE', 3897, NULL, NULL),
(3899, 1105, 59, 2875, 8, 7, 0, 0, NULL, 0, NULL, NULL),
(3900, 1017, 59, 2875, 9, 7, 0.2, 0, NULL, 0, NULL, NULL),
(3901, 1017, 59, 2875, 9, 7, 0.2, 0, NULL, 0, NULL, NULL),
(3911, 1139, 98, 0, 0, 0, 0, 0, NULL, NULL, NULL, NULL),
(4050, 1039, 59, 2875, 8, 7, 0.2, 0, NULL, 0, NULL, NULL),
(4260, 1126, 24, 2777, 10, 0, 0, 0, 'ON', 0, NULL, NULL),
(3912, 1175, 97, 2876, 7, 1, 0, 4, NULL, 0, NULL, NULL),
(4048, 2601, 104, 2879, 10, 9, 0, 0, NULL, 0, NULL, NULL),
(3902, 1039, 59, 2875, 9, 7, 0.2, 0, NULL, 0, NULL, NULL),
(3903, 1032, 97, 2876, 5, 1, 0, 0, NULL, 0, NULL, NULL),
(3904, 1117, 97, 2876, 7, 8, 2, 2, NULL, 0, NULL, NULL),
(3905, 1117, 97, 2876, 9, 8, 0, 2, NULL, 0, NULL, NULL),
(3906, 1117, 97, 2876, 5, 7, 0, 2, NULL, 0, NULL, NULL),
(3907, 1117, 97, 2876, 6, 8, 4, 2, NULL, 0, NULL, NULL),
(3908, 2408, 98, 0, 0, 0, 0, 0, '101', NULL, NULL, NULL),
(3909, 2407, 98, 0, 0, 0, 0, 0, '101', NULL, NULL, NULL),
(3910, 2544, 98, 0, 0, 0, 0, 0, NULL, NULL, NULL, NULL),
(3913, 1175, 97, 2876, 1, 9, 0, 2, NULL, 0, NULL, NULL),
(3914, 1039, 99, 0, 0, 0, 0, 0, NULL, NULL, NULL, NULL),
(3915, 1126, 101, 0, 0, 0, 0, 0, 'FALSE', NULL, NULL, NULL),
(3916, 1139, 102, 0, 0, 0, 0, 0, NULL, NULL, NULL, NULL),
(3917, 1139, 102, 0, 0, 0, 0, 0, NULL, NULL, NULL, NULL),
(3918, 2408, 102, 0, 0, 0, 0, 0, '408', NULL, NULL, NULL),
(3919, 2407, 102, 0, 0, 0, 0, 0, '103', NULL, NULL, NULL),
(3920, 1043, 102, 0, 0, 0, 0, 0, NULL, NULL, NULL, NULL),
(3921, 1160, 102, 0, 0, 0, 0, 0, NULL, NULL, NULL, NULL),
(3922, 1156, 102, 0, 0, 0, 0, 0, 'FALSE', NULL, NULL, NULL),
(3923, 1156, 102, 0, 0, 0, 0, 0, 'FALSE', NULL, NULL, NULL),
(3924, 1158, 102, 0, 0, 0, 0, 0, 'FALSE', NULL, NULL, NULL),
(3925, 1157, 102, 0, 0, 0, 0, 0, 'FALSE', NULL, NULL, NULL),
(3926, 1155, 102, 0, 0, 0, 0, 0, 'FALSE', NULL, NULL, NULL),
(3927, 2360, 102, 0, 0, 0, 0, 0, '20', NULL, NULL, NULL),
(3928, 1117, 102, 0, 0, 0, 0, 0, NULL, NULL, NULL, NULL),
(3929, 1041, 102, 0, 0, 0, 0, 0, 'FALSE', NULL, NULL, NULL),
(3930, 1036, 102, 0, 0, 0, 0, 0, NULL, NULL, NULL, NULL),
(3931, 1036, 102, 0, 0, 0, 0, 0, NULL, NULL, NULL, NULL),
(3932, 1038, 102, 0, 0, 0, 0, 0, NULL, NULL, NULL, NULL),
(3933, 1039, 102, 0, 0, 0, 0, 0, NULL, NULL, NULL, NULL),
(3934, 1039, 102, 0, 0, 0, 0, 0, NULL, NULL, NULL, NULL),
(3935, 2409, 102, 0, 0, 0, 0, 0, '3', NULL, NULL, NULL),
(3936, 2409, 102, 0, 0, 0, 0, 0, '3', NULL, NULL, NULL),
(3937, 2409, 102, 0, 0, 0, 0, 0, '3', NULL, NULL, NULL),
(3938, 1160, 103, 2877, 7, 7, 0, 0, NULL, 0, NULL, NULL),
(3939, 1158, 103, 2877, 7, 5, 0, 0, 'ON', 0, NULL, NULL),
(3940, 1161, 103, 2877, 9, 5, 0, 0, 'ON', 0, NULL, NULL),
(3941, 1162, 103, 2877, 5, 5, 0, 0, 'ON', 0, NULL, NULL),
(3942, 1157, 103, 2877, 5, 10, 0, 0, 'FALSE', 0, NULL, NULL),
(3943, 1156, 103, 2877, 10, 9, 0, 0, 'ON', 0, NULL, NULL),
(3944, 2409, 103, 0, 0, 0, 0, 0, '3', 0, NULL, NULL),
(3945, 2409, 103, 2877, 0, 0, 0, 0, '24', 0, 'frontwall -1.9375,-6.9444,1938', NULL),
(3946, 2409, 103, 2877, 0, 0, 0, 0, '24', 0, 'leftwall 0.1563,-5.6111,156', NULL),
(3947, 2409, 103, 2877, 0, 0, 0, 0, '19', 0, 'frontwall -5.9375,-13.7222,5938', NULL),
(3948, 2409, 103, 2877, 0, 0, 0, 0, '13', 0, 'leftwall 2.6875,-4.6111,13001', NULL),
(3949, 1159, 103, 2877, 10, 8, 0, 0, NULL, 0, NULL, NULL),
(3950, 1157, 103, 2877, 5, 8, 0, 0, 'FALSE', 0, NULL, NULL),
(3951, 1178, 103, 2877, 5, 9, 0, 0, 'FALSE', 0, NULL, NULL),
(3954, 1179, 104, 2879, 10, 11, 0, 2, 'FALSE', 3955, NULL, NULL),
(3955, 1179, 104, 2879, 11, 1, 0, 4, 'FALSE', 0, NULL, NULL),
(3956, 1181, 104, 2879, 8, 9, 0, 4, 'FALSE', 3957, NULL, NULL),
(3957, 1181, 104, 2879, 4, 1, 0, 0, 'FALSE', 0, NULL, NULL),
(3958, 1180, 104, 2878, 4, 12, 11, 2, 'FALSE', 3959, NULL, NULL),
(3959, 1180, 104, 2878, 3, 5, 0, 2, 'FALSE', 3958, NULL, NULL),
(3960, 1011, 104, 2879, 11, 6, 2, 2, NULL, 0, NULL, NULL),
(3961, 1011, 104, 2879, 11, 6, 3, 0, NULL, 0, NULL, NULL),
(3962, 2409, 104, 2878, 0, 0, 0, 0, '10', 0, 'leftwall 4.9063,-3.3333,4906', NULL),
(3963, 1155, 104, 2878, 9, 1, 0, 2, 'ON', 0, NULL, NULL),
(3973, 1075, 59, 2873, 6, 3, 2, 0, NULL, 0, NULL, NULL),
(3971, 1039, 104, 2878, 11, 3, 0, 0, NULL, 0, NULL, NULL),
(3964, 1075, 104, 2879, 8, 5, 4, 0, NULL, 0, NULL, NULL),
(3965, 1075, 104, 2879, 4, 5, 0, 0, NULL, 0, NULL, NULL),
(3966, 1075, 104, 2879, 5, 5, 1, 0, NULL, 0, NULL, NULL),
(3967, 1075, 104, 2878, 4, 5, 0, 0, NULL, 0, NULL, NULL),
(3968, 1075, 104, 2878, 5, 12, 10, 0, NULL, 0, NULL, NULL),
(3969, 1075, 104, 2879, 6, 5, 2, 0, NULL, 0, NULL, NULL),
(3970, 1075, 104, 2879, 7, 5, 3, 0, NULL, 0, NULL, NULL),
(4008, 1075, 104, 2879, 11, 5, 7, 0, NULL, 0, NULL, NULL),
(3974, 1075, 59, 2873, 6, 3, 2, 0, NULL, 0, NULL, NULL),
(3975, 1075, 59, 2873, 7, 3, 2, 0, NULL, 0, NULL, NULL),
(3976, 1075, 59, 2873, 8, 3, 2, 0, NULL, 0, NULL, NULL),
(3977, 1075, 59, 2873, 9, 3, 2, 0, NULL, 0, NULL, NULL),
(3978, 1075, 59, 2873, 5, 3, 2, 0, NULL, 0, NULL, NULL),
(3979, 1075, 59, 2873, 6, 2, 2, 0, NULL, 0, NULL, NULL),
(3980, 1075, 59, 2873, 10, 3, 2, 0, NULL, 0, NULL, NULL),
(3981, 1075, 59, 2873, 11, 3, 2, 0, NULL, 0, NULL, NULL),
(3982, 1075, 59, 2873, 4, 2, 2, 0, NULL, 0, NULL, NULL),
(3983, 1075, 59, 2873, 4, 3, 2, 0, NULL, 0, NULL, NULL),
(3984, 1075, 59, 2873, 5, 2, 2, 0, NULL, 0, NULL, NULL),
(3985, 1075, 59, 2873, 7, 2, 2, 0, NULL, 0, NULL, NULL),
(3986, 1075, 59, 2873, 5, 1, 2, 0, NULL, 0, NULL, NULL),
(3987, 1075, 59, 2873, 9, 2, 2, 0, NULL, 0, NULL, NULL),
(3988, 1075, 59, 2873, 11, 1, 2, 0, NULL, 0, NULL, NULL),
(3989, 1075, 59, 2873, 8, 2, 2, 0, NULL, 0, NULL, NULL),
(3990, 1075, 59, 2873, 6, 1, 2, 0, NULL, 0, NULL, NULL),
(3991, 1075, 59, 2873, 10, 2, 2, 0, NULL, 0, NULL, NULL),
(3992, 1075, 59, 2873, 11, 2, 2, 0, NULL, 0, NULL, NULL),
(3993, 1075, 59, 2873, 10, 1, 2, 0, NULL, 0, NULL, NULL),
(3994, 1075, 59, 2873, 9, 1, 2, 0, NULL, 0, NULL, NULL),
(3995, 1075, 59, 2873, 8, 1, 2, 0, NULL, 0, NULL, NULL),
(3996, 1075, 59, 2873, 7, 1, 2, 0, NULL, 0, NULL, NULL),
(4007, 1011, 59, 2875, 6, 2, 0, 0, NULL, 0, NULL, NULL),
(3998, 1179, 59, 2869, 9, 2, 0, 4, 'FALSE', 3999, NULL, NULL),
(3999, 1179, 59, 2875, 1, 5, 5, 2, 'FALSE', 3998, NULL, NULL),
(4019, 2360, 104, 2879, 0, 0, 0, 0, 'FFFF31 ', 0, 'leftwall 1.2188,-2.6111,10001', NULL),
(4001, 1114, 59, 2873, 9, 5, 0, 4, NULL, 0, NULL, NULL),
(4017, 2360, 104, 2879, 0, 0, 0, 0, '9CCEFF Helllo\r', 0, 'leftwall 7.5000,-1.7222,7469', NULL),
(4004, 1113, 59, 2875, 1, 8, 0, 2, NULL, 0, NULL, NULL),
(4005, 1114, 59, 2873, 9, 5, 2, 4, NULL, 0, NULL, NULL),
(4006, 1113, 59, 2875, 2, 7, 0, 0, NULL, 0, NULL, NULL),
(4009, 1075, 104, 2879, 10, 5, 6, 0, NULL, 0, NULL, NULL),
(4216, 1075, 55, 2802, 6, 5, 0, 0, NULL, 0, NULL, NULL),
(4011, 1075, 104, 2879, 9, 5, 5, 0, NULL, 0, NULL, NULL),
(4012, 1075, 104, 0, 0, 0, 0, 0, NULL, NULL, NULL, NULL),
(4013, 1075, 104, 0, 0, 0, 0, 0, NULL, 0, NULL, NULL),
(4014, 1075, 59, 2873, 10, 4, 1, 0, NULL, 0, NULL, NULL),
(4015, 1075, 59, 2873, 11, 4, 1, 0, NULL, 0, NULL, NULL),
(4018, 2360, 104, 2879, 0, 0, 0, 0, 'FFFF31 huhu', 0, 'leftwall 5.6563,-2.7778,5656', NULL),
(4021, 2360, 104, 2879, 0, 0, 0, 0, 'FFFF31 ', 0, 'leftwall 1.2188,-2.0000,10001', NULL),
(4020, 2360, 104, 2879, 0, 0, 0, 0, 'FFFF31 ', 0, 'leftwall 1.2188,-3.2778,10001', NULL),
(4022, 2360, 104, 2879, 0, 0, 0, 0, 'FFFF31 ', 0, 'leftwall 0.8438,-1.8333,10001', NULL),
(4023, 2360, 104, 2879, 0, 0, 0, 0, 'FFFF31 ', 0, 'leftwall 0.4688,-1.8333,10001', NULL),
(4024, 1075, 59, 2873, 4, 1, 2, 0, NULL, 0, NULL, NULL),
(4025, 2360, 104, 2879, 0, 0, 0, 0, 'FFFF31 ', 0, 'leftwall 0.0313,-1.9444,10001', NULL),
(4026, 2360, 104, 2879, 0, 0, 0, 0, 'FFFF31 ', 0, 'leftwall 0.0313,-1.9444,10001', NULL),
(4027, 1155, 104, 2879, 6, 10, 0, 0, 'FALSE', 0, NULL, NULL),
(4032, 2360, 104, 2879, 0, 0, 0, 0, 'FFFF31 ', 0, 'leftwall -0.6875,-2.0000,688', NULL),
(4033, 2360, 104, 2879, 0, 0, 0, 0, 'FFFF31 ', 0, 'leftwall 3.1563,-2.3333,3156', NULL),
(4034, 2360, 104, 2879, 0, 0, 0, 0, 'FFFF31 ', 0, 'leftwall 2.0313,-3.5000,10001', NULL),
(4035, 2360, 104, 2879, 0, 0, 0, 0, 'FFFF31 ', 0, 'leftwall 2.9063,-4.4444,2906', NULL),
(4036, 2360, 104, 2879, 0, 0, 0, 0, 'FFFF31 ', 0, 'frontwall 2.1250,,', NULL),
(4037, 2360, 104, 2879, 0, 0, 0, 0, 'FFFF31 ', 0, 'frontwall 1.4688,,', NULL),
(4038, 2360, 104, 2879, 0, 0, 0, 0, 'FFFF31 ', 0, 'frontwall 1.8125,,', NULL),
(4039, 2360, 104, 2879, 0, 0, 0, 0, 'FFFF31 ', 0, 'leftwall -1.0313,-3.9444,1031', NULL),
(4040, 2360, 104, 2879, 0, 0, 0, 0, 'FFFF31 ', 0, 'leftwall -0.4375,-3.8889,438', NULL),
(4041, 2360, 104, 2879, 0, 0, 0, 0, 'FFFF31 ', 0, 'leftwall -0.5000,-3.2778,500', NULL),
(4045, 2601, 104, 2879, 11, 10, 0, 0, NULL, 0, NULL, NULL),
(4042, 2601, 104, 2879, 8, 13, 0, 0, NULL, 0, NULL, NULL),
(4043, 2601, 104, 2879, 9, 10, 0, 0, NULL, 0, NULL, NULL),
(4044, 2601, 104, 2879, 5, 12, 0, 0, NULL, 0, NULL, NULL),
(4046, 2601, 104, 2879, 10, 12, 0, 0, NULL, 0, NULL, NULL),
(4047, 2601, 104, 2879, 8, 7, 0, 0, NULL, 0, NULL, NULL),
(4049, 2601, 104, 2879, 11, 7, 0, 6, NULL, 0, NULL, NULL),
(4051, 1017, 59, 2875, 8, 7, 0.2, 0, NULL, 0, NULL, NULL),
(4052, 1017, 59, 2875, 8, 7, 0.2, 0, NULL, 0, NULL, NULL),
(4053, 1105, 59, 2875, 6, 7, 4, 0, NULL, 0, NULL, NULL),
(4054, 2409, 59, 2875, 0, 0, 0, 0, '24', 0, 'frontwall 1.3125,-1.5556,1313', NULL),
(4055, 1114, 59, 2875, 6, 7, 0, 0, NULL, 0, NULL, NULL),
(4056, 1114, 59, 2875, 6, 10, 0, 0, NULL, 0, NULL, NULL),
(4057, 1114, 59, 2875, 6, 6, 0, 6, NULL, 0, NULL, NULL),
(4058, 1187, 104, 2879, 4, 9, 0, 0, 'ON', 0, NULL, NULL),
(4059, 1187, 104, 2879, 4, 12, 0, 0, 'ON', 0, NULL, NULL),
(4060, 1114, 59, 2875, 1, 10, 0, 4, NULL, 0, NULL, NULL),
(4061, 1110, 59, 2875, 2, 8, 0, 0, 'FALSE', 0, NULL, NULL),
(4062, 1114, 59, 2875, 1, 7, 0, 2, NULL, 0, NULL, NULL),
(4063, 1187, 104, 2879, 4, 7, 0, 0, 'ON', 0, NULL, NULL),
(4064, 1113, 59, 2875, 2, 10, 0, 0, NULL, 0, NULL, NULL),
(4065, 1113, 59, 2875, 4, 6, 0, 0, NULL, 0, NULL, NULL),
(4066, 1113, 59, 2875, 4, 10, 0, 0, NULL, 0, NULL, NULL),
(4067, 1113, 59, 2875, 4, 7, 0, 0, NULL, 0, NULL, NULL),
(4068, 1147, 59, 2875, 2, 9, 0, 0, NULL, 0, NULL, NULL),
(4069, 1142, 59, 2875, 8, 8, 0, 0, NULL, 0, NULL, NULL),
(4070, 1106, 59, 2875, 3, 10, 2, 0, NULL, 0, NULL, NULL),
(4071, 1105, 59, 2875, 1, 6, 8, 0, NULL, 0, NULL, NULL),
(4072, 1112, 59, 2875, 11, 9, 2.2, 0, 'FALSE', 0, NULL, NULL),
(4073, 1001, 59, 2875, 4, 7, 2, 4, NULL, 0, NULL, NULL),
(4074, 1001, 59, 2875, 2, 7, 2, 4, NULL, 0, NULL, NULL),
(4075, 1001, 59, 2875, 3, 7, 2, 4, NULL, 0, NULL, NULL),
(4076, 1001, 59, 2875, 10, 8, 0, 4, NULL, 0, NULL, NULL),
(4077, 1075, 59, 2875, 3, 5, 4, 0, NULL, 0, NULL, NULL),
(4078, 1075, 59, 2875, 5, 5, 2, 0, NULL, 0, NULL, NULL),
(4079, 1075, 59, 2875, 4, 5, 3, 0, NULL, 0, NULL, NULL),
(4080, 1075, 59, 2875, 6, 5, 1, 0, NULL, 0, NULL, NULL),
(4081, 1075, 59, 2875, 2, 5, 5, 0, NULL, 0, NULL, NULL),
(4098, 2360, 82, 0, 0, 0, 0, 0, '20', NULL, NULL, NULL),
(4087, 1113, 59, 2875, 2, 6, 2, 0, NULL, 0, NULL, NULL),
(4082, 1075, 59, 2875, 7, 5, 0, 0, NULL, 0, NULL, NULL),
(4083, 1075, 59, 2875, 3, 8, 0, 0, NULL, 0, NULL, NULL),
(4084, 1075, 59, 2875, 4, 8, 0, 0, NULL, 0, NULL, NULL),
(4085, 1075, 59, 2875, 7, 6, 0, 0, NULL, 0, NULL, NULL),
(4086, 1113, 59, 2875, 2, 6, 0, 0, NULL, 0, NULL, NULL),
(4088, 1114, 59, 2875, 1, 6, 0, 4, NULL, 0, NULL, NULL),
(4089, 1114, 59, 2875, 1, 6, 2, 4, NULL, 0, NULL, NULL),
(4090, 1114, 59, 2875, 11, 10, 0.2, 4, NULL, 0, NULL, NULL),
(4091, 1114, 59, 2875, 6, 9, 0, 6, NULL, 0, NULL, NULL),
(4092, 1113, 59, 2875, 1, 6, 4, 0, NULL, 0, NULL, NULL),
(4093, 1113, 59, 2875, 6, 1, 0, 0, NULL, 0, NULL, NULL),
(4094, 1113, 59, 2875, 4, 6, 2, 0, NULL, 0, NULL, NULL),
(4095, 1114, 59, 2875, 3, 6, 4, 0, NULL, 0, NULL, NULL),
(4096, 1114, 59, 2875, 1, 6, 6, 0, NULL, 0, NULL, NULL),
(4097, 1114, 59, 2875, 6, 6, 2, 6, NULL, 0, NULL, NULL),
(4099, 1181, 70, 2821, 4, 7, 0, 0, 'FALSE', 4100, NULL, NULL),
(4100, 1181, 70, 2821, 5, 13, 0, 4, 'FALSE', 4099, NULL, NULL),
(4101, 2360, 70, 2821, 0, 0, 0, 0, 'FFFF31 My BOT is Josh\r\rHe can drop stuff and do tons of things\r\rI have 940 Credits im rich\r', 0, 'leftwall -0.3750,-2.2222,375', NULL),
(4102, 1011, 70, 2821, 4, 2, 0, 0, NULL, 0, NULL, NULL),
(4103, 1011, 70, 2821, 9, 11, 1, 2, NULL, 0, NULL, NULL),
(4104, 1113, 70, 2821, 4, 4, 0, 0, NULL, 0, NULL, NULL),
(4105, 1113, 70, 2821, 7, 1, 0, 0, NULL, 0, NULL, NULL),
(4106, 1126, 70, 2821, 10, 1, 2, 4, 'ON', 0, NULL, NULL),
(4107, 1126, 70, 2821, 8, 1, 2, 0, 'ON', 0, NULL, NULL),
(4108, 1126, 70, 2821, 4, 2, 1, 0, 'ON', 0, NULL, NULL),
(4109, 1126, 70, 2821, 7, 1, 2, 0, 'FALSE', 0, NULL, NULL),
(4110, 1126, 70, 2821, 11, 1, 2, 4, 'ON', 0, NULL, NULL),
(4113, 1075, 70, 2821, 4, 5, 0, 0, NULL, 0, NULL, NULL),
(4114, 1075, 70, 2821, 6, 5, 2, 0, NULL, 0, NULL, NULL),
(4115, 1075, 70, 2821, 7, 5, 3, 0, NULL, 0, NULL, NULL),
(4116, 1075, 70, 2821, 9, 5, 5, 0, NULL, 0, NULL, NULL),
(4117, 1075, 70, 2821, 5, 5, 1, 0, NULL, 0, NULL, NULL),
(4118, 1011, 70, 2821, 9, 11, 4, 0, NULL, 0, NULL, NULL),
(4119, 1011, 70, 2821, 9, 11, 0, 0, NULL, 0, NULL, NULL),
(4120, 1011, 70, 2821, 9, 11, 2, 0, NULL, 0, NULL, NULL),
(4121, 1011, 70, 2821, 9, 9, 0, 0, NULL, 0, NULL, NULL),
(4122, 2407, 70, 0, 0, 0, 0, 0, '501', NULL, NULL, NULL),
(4123, 1126, 70, 0, 0, 0, 0, 0, 'FALSE', NULL, NULL, NULL),
(4124, 1155, 70, 0, 0, 0, 0, 0, 'FALSE', NULL, NULL, NULL),
(4125, 2601, 70, 0, 0, 0, 0, 0, NULL, NULL, NULL, NULL),
(4126, 2603, 70, 0, 0, 0, 0, 0, NULL, NULL, NULL, NULL),
(4127, 2604, 70, 0, 0, 0, 0, 0, NULL, NULL, NULL, NULL),
(4128, 1011, 70, 2821, 9, 11, 3, 0, NULL, 0, NULL, NULL),
(4129, 1075, 70, 2821, 9, 6, 6, 0, NULL, 0, NULL, NULL),
(4130, 1075, 70, 2821, 9, 7, 6, 0, NULL, 0, NULL, NULL),
(4131, 1075, 70, 2821, 9, 9, 6, 0, NULL, 0, NULL, NULL),
(4132, 1075, 70, 2821, 9, 8, 6, 0, NULL, 0, NULL, NULL),
(4133, 1075, 70, 2821, 10, 10, 5, 0, NULL, 0, NULL, NULL),
(4134, 1075, 70, 2821, 9, 11, 5, 0, NULL, 0, NULL, NULL),
(4135, 1075, 70, 0, 0, 0, 0, 0, NULL, NULL, NULL, NULL),
(4136, 1159, 104, 2878, 8, 10, 0, 0, NULL, 0, NULL, NULL),
(4137, 1157, 104, 2878, 8, 11, 0, 2, 'FALSE', 0, NULL, NULL),
(4138, 1158, 104, 2878, 8, 13, 0, 2, 'ON', 0, NULL, NULL),
(4139, 1160, 104, 2878, 8, 10, 0, 0, NULL, 0, NULL, NULL),
(4140, 1156, 104, 2878, 11, 12, 0, 0, 'FALSE', 0, NULL, NULL),
(4141, 1043, 104, 2878, 9, 5, 0, 0, NULL, 0, NULL, NULL),
(4142, 2544, 4, 0, 0, 0, 0, 0, NULL, NULL, NULL, NULL),
(4143, 2544, 108, 0, 0, 0, 0, 0, NULL, NULL, NULL, NULL),
(4144, 1034, 108, 0, 0, 0, 0, 0, NULL, NULL, NULL, NULL),
(4145, 1112, 108, 0, 0, 0, 0, 0, 'FALSE', NULL, NULL, NULL),
(4146, 1155, 108, 0, 0, 0, 0, 0, 'FALSE', NULL, NULL, NULL),
(4147, 1127, 108, 0, 0, 0, 0, 0, 'FALSE', NULL, NULL, NULL),
(4148, 1126, 108, 0, 0, 0, 0, 0, 'FALSE', NULL, NULL, NULL),
(4149, 1105, 108, 0, 0, 0, 0, 0, NULL, NULL, NULL, NULL),
(4150, 1106, 108, 0, 0, 0, 0, 0, NULL, NULL, NULL, NULL),
(4151, 1179, 89, 2857, 3, 5, 0, 0, 'FALSE', 4152, NULL, NULL),
(4152, 1179, 89, 2884, 4, 7, 0, 0, 'FALSE', 0, NULL, NULL),
(4153, 1180, 5, 2866, 4, 2, 0, 0, 'FALSE', 4154, NULL, NULL),
(4154, 1180, 5, 2866, 5, 5, 0, 2, 'FALSE', 4153, NULL, NULL),
(4155, 1037, 5, 2866, 9, 8, 0, 0, NULL, 0, NULL, NULL),
(4156, 1105, 5, 2866, 10, 8, 2, 0, NULL, 0, NULL, NULL),
(4157, 1075, 13, 0, 0, 0, 0, 0, NULL, NULL, NULL, NULL),
(4163, 1003, 113, 2880, 4, 1, 0, 4, NULL, 0, NULL, NULL),
(4164, 1007, 113, 2880, 6, 3, 0.1, 0, NULL, 0, NULL, NULL),
(4165, 1155, 114, 2881, 4, 8, 0, 0, 'ON', 0, NULL, NULL),
(4166, 1012, 113, 2880, 5, 4, 0.1, 2, NULL, 0, NULL, NULL),
(4167, 1012, 113, 2880, 7, 2, 0.1, 4, NULL, 0, NULL, NULL),
(4168, 2409, 114, 2881, 0, 0, 0, 0, '23', 0, 'frontwall -10.9375,-16.8333,10938', NULL),
(4169, 2408, 1, 0, 0, 0, 0, 0, '215', NULL, NULL, NULL),
(4170, 2407, 1, 0, 0, 0, 0, 0, '605', NULL, NULL, NULL),
(4171, 1178, 114, 2881, 4, 7, 0, 2, 'FALSE', 0, NULL, NULL),
(4172, 2409, 113, 2880, 0, 0, 0, 0, '2', 0, 'leftwall -1.7500,-4.2222,1750', NULL),
(4173, 1013, 113, 2880, 9, 1, 0, 4, NULL, 0, NULL, NULL),
(4174, 1021, 113, 2880, 11, 2, 0, 6, NULL, 0, NULL, NULL),
(4175, 1026, 114, 2881, 11, 1, 0, 0, NULL, 0, NULL, NULL),
(4176, 1026, 114, 2881, 10, 1, 0, 0, NULL, 0, NULL, NULL),
(4184, 2549, 114, 2881, 9, 10, 0, 0, NULL, 0, NULL, NULL),
(4178, 1045, 114, 2881, 5, 4, 0, 0, NULL, 0, NULL, NULL),
(4180, 2549, 114, 0, 0, 0, 0, 0, NULL, NULL, NULL, NULL),
(4181, 2549, 114, 2881, 10, 7, 0, 4, NULL, 0, NULL, NULL),
(4182, 2549, 114, 2881, 10, 10, 0, 0, NULL, 0, NULL, NULL),
(4183, 2549, 114, 2881, 9, 7, 0, 4, NULL, 0, NULL, NULL),
(4185, 1007, 114, 0, 0, 0, 0, 0, NULL, NULL, NULL, NULL),
(4186, 1103, 113, 2880, 5, 2, 0.1, 0, NULL, 0, NULL, NULL),
(4187, 1112, 114, 2881, 9, 8, 2, 2, 'FALSE', 0, NULL, NULL),
(4188, 1037, 114, 2881, 9, 8, 0, 0, NULL, 0, NULL, NULL),
(4189, 1040, 114, 2881, 4, 1, 0, 0, 'ON', 0, NULL, NULL),
(4190, 2409, 114, 2881, 0, 0, 0, 0, '15', 0, 'leftwall -0.8125,-3.8889,813', NULL),
(4191, 2409, 114, 2881, 0, 0, 0, 0, '14', 0, 'leftwall -2.4063,-3.9444,2406', NULL),
(4192, 2409, 114, 2881, 0, 0, 0, 0, '24', 0, 'leftwall 7.8438,-4.2222,7844', NULL),
(4193, 1012, 113, 2880, 7, 5, 0.1, 0, NULL, 0, NULL, NULL),
(4195, 1106, 113, 2880, 9, 2, 0, 0, NULL, 0, NULL, NULL),
(4197, 1147, 113, 2880, 11, 1, 0, 0, NULL, 0, NULL, NULL),
(4198, 1044, 20, 2764, 4, 12, 0, 2, NULL, 0, NULL, NULL),
(4201, 2409, 116, 0, 0, 0, 0, 0, '10', NULL, NULL, NULL),
(4202, 1145, 116, 0, 0, 0, 0, 0, NULL, NULL, NULL, NULL),
(4205, 1158, 89, 2884, 7, 10, 0, 0, 'ON', 0, NULL, NULL),
(4206, 1156, 89, 2884, 10, 9, 0, 0, 'FALSE', 0, NULL, NULL),
(4207, 1164, 89, 2884, 6, 6, 0, 0, NULL, 0, NULL, NULL),
(4208, 1164, 89, 2884, 6, 6, 0, 0, NULL, 0, NULL, NULL),
(4209, 1189, 5, 2783, 6, 6, 2, 0, NULL, 0, NULL, NULL),
(4210, 1190, 5, 2783, 8, 7, 2, 0, NULL, 0, NULL, NULL),
(4211, 1157, 89, 2884, 5, 8, 0, 2, 'FALSE', 0, NULL, NULL),
(4212, 2409, 13, 0, 0, 0, 0, 0, '17', NULL, NULL, NULL),
(4213, 1194, 15, 0, 0, 0, 0, 0, 'FALSE', NULL, NULL, NULL),
(4214, 1142, 55, 2810, 11, 4, 0, 0, NULL, 0, NULL, NULL),
(4215, 1075, 55, 2802, 7, 6, 0, 0, NULL, 0, NULL, NULL),
(4217, 1075, 55, 2802, 7, 9, 0, 0, NULL, 0, NULL, NULL),
(4218, 1075, 55, 2802, 7, 8, 0, 0, NULL, 0, NULL, NULL),
(4219, 1075, 55, 2802, 9, 2, 0, 0, NULL, 0, NULL, NULL),
(4220, 1075, 55, 2802, 7, 7, 0, 0, NULL, 0, NULL, NULL),
(4221, 1075, 55, 2802, 8, 6, 0, 0, NULL, 0, NULL, NULL),
(4222, 1075, 55, 2802, 7, 5, 0, 0, NULL, 0, NULL, NULL),
(4223, 1075, 55, 2802, 5, 2, 0, 0, NULL, 0, NULL, NULL),
(4224, 1075, 55, 2802, 5, 5, 0, 0, NULL, 0, NULL, NULL),
(4225, 1075, 55, 2802, 5, 4, 0, 0, NULL, 0, NULL, NULL),
(4226, 1075, 55, 2802, 7, 2, 0, 0, NULL, 0, NULL, NULL),
(4229, 1075, 55, 2802, 8, 2, 0, 0, NULL, 0, NULL, NULL),
(4230, 1075, 55, 2802, 6, 2, 0, 0, NULL, 0, NULL, NULL),
(4231, 1075, 55, 2802, 7, 3, 0, 0, NULL, 0, NULL, NULL),
(4232, 1075, 55, 2802, 10, 3, 0, 0, NULL, 0, NULL, NULL),
(4233, 1075, 55, 2802, 10, 2, 0, 0, NULL, 0, NULL, NULL),
(4234, 1075, 55, 2802, 10, 5, 0, 0, NULL, 0, NULL, NULL),
(4235, 1075, 55, 2802, 10, 4, 0, 0, NULL, 0, NULL, NULL),
(4236, 1075, 55, 2802, 8, 5, 0, 0, NULL, 0, NULL, NULL),
(4237, 1075, 55, 2802, 9, 5, 0, 0, NULL, 0, NULL, NULL),
(4238, 1075, 55, 2802, 8, 8, 0, 0, NULL, 0, NULL, NULL),
(4239, 1075, 55, 2802, 8, 7, 0, 0, NULL, 0, NULL, NULL),
(4240, 1075, 55, 2802, 9, 3, 0, 0, NULL, 0, NULL, NULL),
(4241, 1075, 55, 2802, 9, 4, 0, 0, NULL, 0, NULL, NULL),
(4242, 1075, 55, 2802, 8, 3, 0, 0, NULL, 0, NULL, NULL),
(4243, 1075, 55, 2802, 6, 3, 0, 0, NULL, 0, NULL, NULL),
(4244, 1075, 55, 2802, 6, 4, 0, 0, NULL, 0, NULL, NULL),
(4245, 1142, 59, 2875, 5, 1, 2, 0, NULL, 0, NULL, NULL),
(4246, 1145, 59, 2869, 6, 6, 0, 0, NULL, 0, NULL, NULL),
(4247, 1114, 59, 2875, 5, 1, 0, 2, NULL, 0, NULL, NULL),
(4248, 1180, 114, 0, 0, 0, 0, 0, 'FALSE', 4249, NULL, NULL),
(4249, 1180, 114, 2881, 3, 5, 0, 0, 'FALSE', 0, NULL, NULL),
(4250, 1113, 59, 2875, 10, 1, 0, 0, NULL, 0, NULL, NULL),
(4251, 1002, 59, 2875, 6, 1, 2, 0, NULL, 0, NULL, NULL),
(4252, 1002, 59, 2875, 10, 1, 2, 0, NULL, 0, NULL, NULL),
(4253, 1002, 59, 2875, 8, 1, 2, 0, NULL, 0, NULL, NULL),
(4254, 1114, 59, 2875, 5, 9, 0, 2, NULL, 0, NULL, NULL),
(4255, 1105, 59, 2875, 6, 10, 2, 0, NULL, 0, NULL, NULL),
(4256, 1127, 59, 2875, 9, 4, 0, 0, '2', 0, NULL, NULL),
(4257, 1149, 59, 2875, 7, 2, 0, 2, NULL, 0, NULL, NULL),
(4258, 1149, 59, 2875, 9, 2, 0, 0, NULL, 0, NULL, NULL),
(4261, 1106, 59, 2875, 3, 6, 6, 0, NULL, 0, NULL, NULL),
(4262, 1106, 59, 2875, 8, 4, 2.2, 0, NULL, 0, NULL, NULL),
(4263, 1112, 59, 2875, 5, 10, 2, 0, 'FALSE', 0, NULL, NULL),
(4264, 1112, 59, 0, 0, 0, 0, 0, 'FALSE', NULL, NULL, NULL),
(4265, 1038, 24, 0, 0, 0, 0, 0, NULL, NULL, NULL, NULL),
(4266, 1126, 59, 2875, 5, 7, 4, 4, 'FALSE', 0, NULL, NULL),
(4267, 1039, 24, 2777, 7, 0, 0, 0, NULL, 0, NULL, NULL),
(4268, 1155, 24, 2777, 5, 0, 0, 0, 'FALSE', 0, NULL, NULL),
(4269, 1594, 59, 0, 0, 0, 0, 0, NULL, NULL, NULL, NULL),
(4270, 1594, 59, 2875, 11, 4, 0, 6, NULL, 0, NULL, NULL),
(4271, 1594, 59, 2875, 9, 2, 0, 4, NULL, 0, NULL, NULL),
(4272, 1594, 59, 0, 0, 0, 0, 0, NULL, NULL, NULL, NULL),
(4273, 1594, 59, 2875, 3, 9, 0, 0, NULL, 0, NULL, NULL),
(4274, 1594, 59, 2875, 7, 2, 0, 4, NULL, 0, NULL, NULL),
(4275, 1194, 24, 2776, 1, 7, 0, 0, 'FALSE', 0, NULL, NULL),
(4276, 1142, 59, 2875, 5, 4, 2.2, 0, NULL, 0, NULL, NULL),
(4277, 1142, 59, 2875, 11, 6, 0, 0, NULL, 0, NULL, NULL),
(4278, 1147, 59, 2875, 1, 7, 2, 0, NULL, 0, NULL, NULL),
(4279, 1147, 59, 2875, 11, 2, 0, 0, NULL, 0, NULL, NULL),
(4280, 1075, 59, 2875, 8, 9, 0, 0, NULL, 0, NULL, NULL),
(4281, 1075, 59, 2875, 6, 8, 0, 0, NULL, 0, NULL, NULL),
(4282, 1075, 59, 2875, 7, 8, 0, 0, NULL, 0, NULL, NULL),
(4283, 1075, 59, 2875, 5, 8, 0, 0, NULL, 0, NULL, NULL),
(4284, 1075, 59, 2875, 7, 9, 0, 0, NULL, 0, NULL, NULL),
(4285, 1075, 59, 2875, 7, 7, 0, 0, NULL, 0, NULL, NULL),
(4286, 1075, 59, 2875, 10, 9, 0, 0, NULL, 0, NULL, NULL),
(4287, 1075, 59, 2875, 9, 9, 0, 0, NULL, 0, NULL, NULL),
(4288, 1179, 59, 2869, 7, 2, 0, 4, 'FALSE', 4289, NULL, NULL),
(4289, 1179, 59, 0, 0, 0, 0, 0, 'FALSE', NULL, NULL, NULL),
(4290, 1113, 129, 0, 0, 0, 0, 0, NULL, 0, NULL, NULL),
(4291, 1113, 129, 0, 0, 0, 0, 0, NULL, 0, NULL, NULL),
(4292, 1011, 129, 0, 0, 0, 0, 0, NULL, NULL, NULL, NULL),
(4293, 1011, 129, 0, 0, 0, 0, 0, NULL, NULL, NULL, NULL),
(4294, 1073, 129, 0, 0, 0, 0, 0, NULL, 0, NULL, NULL),
(4300, 2360, 129, 0, 0, 0, 0, 0, '19', 0, NULL, NULL),
(4299, 1014, 129, 0, 0, 0, 0, 0, NULL, 0, NULL, NULL),
(4296, 1179, 129, 0, 0, 0, 0, 0, 'FALSE', 4295, NULL, NULL),
(4298, 1032, 129, 0, 0, 0, 0, 0, NULL, 0, NULL, NULL),
(4297, 1156, 129, 2886, 5, 8, 0, 4, 'OFF', 0, NULL, NULL),
(4301, 2360, 129, 2886, 0, 0, 0, 0, 'FFFF31 \r', 0, 'leftwall 0.2500,-4.9444,250', NULL),
(4305, 2409, 24, 2776, 0, 0, 0, 0, '9', 0, 'leftwall -3.0625,-5.2778,3063', NULL),
(4306, 2409, 24, 2776, 0, 0, 0, 0, '23', 0, 'leftwall 5.5625,1.8333,7001', NULL),
(4307, 2409, 24, 2776, 0, 0, 0, 0, '11', 0, 'leftwall 7.7813,2.5556,7781', NULL),
(4308, 2409, 24, 2776, 0, 0, 0, 0, '4', 0, 'frontwall 1.1875,-2.0556,1188', NULL),
(4309, 1155, 24, 2776, 1, 8, 0, 0, 'ON', 0, NULL, NULL),
(4310, 1175, 24, 2776, 3, 9, 0, 6, NULL, 0, NULL, NULL),
(4311, 2410, 24, 0, 0, 0, 0, 0, NULL, NULL, NULL, NULL),
(4312, 1014, 24, 2776, 5, 2, 0, 2, NULL, 0, NULL, NULL),
(4313, 1014, 24, 2776, 2, 5, 0, 4, NULL, 0, NULL, NULL),
(4314, 1106, 24, 2776, 7, 9, 0, 0, NULL, 0, NULL, NULL),
(4315, 1112, 24, 2776, 9, 7, 0, 0, 'FALSE', 0, NULL, NULL),
(4316, 1038, 24, 2776, 8, 4, 0, 0, NULL, 0, NULL, NULL),
(4317, 1039, 24, 2776, 9, 4, 0, 0, NULL, 0, NULL, NULL),
(4318, 1039, 24, 2776, 7, 4, 0, 0, NULL, 0, NULL, NULL),
(4319, 1039, 24, 2776, 8, 5, 0, 0, NULL, 0, NULL, NULL),
(4320, 1039, 24, 2776, 8, 3, 0, 0, NULL, 0, NULL, NULL),
(4321, 1105, 24, 2776, 8, 4, 2, 0, NULL, 0, NULL, NULL),
(4322, 1147, 24, 2776, 11, 10, 0, 0, NULL, 0, NULL, NULL),
(4323, 1142, 24, 0, 0, 0, 0, 0, NULL, NULL, NULL, NULL),
(4324, 1001, 24, 2776, 11, 1, 0, 4, NULL, 0, NULL, NULL),
(4325, 1178, 24, 2776, 4, 5, 0, 4, 'FALSE', 0, NULL, NULL),
(4326, 1172, 24, 0, 0, 0, 0, 0, 'FALSE', NULL, NULL, NULL),
(4327, 2360, 64, 2858, 0, 0, 0, 0, 'FFFF31 IC Information:\r\r\rThe layout of the bar In Character is exactly the same as it is represented with the furniture in the room. You can feel free to use NPCs here, but ensure that they are mostly Sabbat vampires because this bar isn''t well known to other mortals and the like.\r', 0, 'leftwall 2.7500,0.3333,9001', NULL),
(4329, 1106, 64, 2858, 2, 8, 2, 0, NULL, 0, NULL, NULL),
(4330, 1112, 64, 2858, 8, 6, 2, 2, '2', 0, NULL, NULL),
(4331, 2360, 64, 0, 0, 0, 0, 0, '19', 0, NULL, NULL),
(4332, 2360, 64, 2858, 0, 0, 0, 0, 'FFFF31 IC Information:\r\rWhile the bar is set up as an ordinary - albeit not particularly well furnished - bar, there are more ''varied'' options for the Sabbat vampires who frequent it on offer. The barrel beside the bar contains wine bottles filled with blood, amongst other ordinary drinks.\r', 0, 'leftwall 2.4063,0.3889,9001', NULL),
(4335, 1179, 55, 2888, 0, 5, 0, 0, 'FALSE', 4336, NULL, NULL),
(4336, 1179, 55, 2889, 6, 6, 0, 0, 'FALSE', 0, NULL, NULL),
(4337, 1179, 55, 2888, 5, 1, 0, 0, 'FALSE', 4338, NULL, NULL),
(4338, 1179, 55, 2889, 4, 7, 0, 0, 'FALSE', 0, NULL, NULL),
(4339, 1179, 55, 2889, 8, 4, 0, 0, 'FALSE', 4340, NULL, NULL),
(4340, 1179, 55, 2889, 6, 4, 0, 0, 'FALSE', 0, NULL, NULL);

-- --------------------------------------------------------

--
-- Table structure for table `items_definitions`
--

CREATE TABLE IF NOT EXISTS `items_definitions` (
  `id` int(10) NOT NULL AUTO_INCREMENT,
  `sprite` varchar(100) COLLATE latin1_general_ci NOT NULL,
  `color` varchar(100) CHARACTER SET latin1 NOT NULL,
  `length` tinyint(2) NOT NULL,
  `width` tinyint(2) NOT NULL,
  `height` float NOT NULL,
  `dataclass` varchar(50) CHARACTER SET latin1 NOT NULL,
  `behaviour` varchar(25) CHARACTER SET latin1 NOT NULL,
  `name` varchar(100) COLLATE latin1_general_ci NOT NULL DEFAULT 'Unknown name',
  `description` varchar(150) COLLATE latin1_general_ci NOT NULL DEFAULT 'Unknown description',
  PRIMARY KEY (`id`),
  UNIQUE KEY `uni` (`sprite`)
) ENGINE=MyISAM  DEFAULT CHARSET=latin1 COLLATE=latin1_general_ci AUTO_INCREMENT=2622 ;

--
-- Dumping data for table `items_definitions`
--

INSERT INTO `items_definitions` (`id`, `sprite`, `color`, `length`, `width`, `height`, `dataclass`, `behaviour`, `name`, `description`) VALUES
(5, 'left_wallmask_1', '', 0, 0, 0, 'NULL', 'PF', 'Unknown name', 'Unknown description'),
(1, 'left_wallpart_0', '', 0, 0, 0, 'NULL', 'PF', 'Unknown name', 'Unknown description'),
(2, 'left_wallmask_0', '', 0, 0, 0, 'NULL', 'PF', 'Unknown name', 'Unknown description'),
(3, 'right_wallpart_0', '', 0, 0, 0, 'NULL', 'PF', 'Unknown name', 'Unknown description'),
(4, 'left_wallpart_1', '', 0, 0, 0, 'NULL', 'PF', 'Unknown name', 'Unknown description'),
(8, 'right_wallpart_1', '', 0, 0, 0, 'NULL', 'PF', 'Unknown name', 'Unknown description'),
(9, 'left_wallend_0', '', 0, 0, 0, 'NULL', 'PF', 'Unknown name', 'Unknown description'),
(10, 'right_wallend_0', '', 0, 0, 0, 'NULL', 'PF', 'Unknown name', 'Unknown description'),
(11, 'left_wallpart2_0', '', 0, 0, 0, 'NULL', 'PF', 'Unknown name', 'Unknown description'),
(12, 'right_wallpart2_0', '', 0, 0, 0, 'NULL', 'PF', 'Unknown name', 'Unknown description'),
(13, 'left_wallpart2_1', '', 0, 0, 0, 'NULL', 'PF', 'Unknown name', 'Unknown description'),
(14, 'right_wallpart2_1', '', 0, 0, 0, 'NULL', 'PF', 'Unknown name', 'Unknown description'),
(15, 'left_wallend2_0', '', 0, 0, 0, 'NULL', 'PF', 'Unknown name', 'Unknown description'),
(16, 'right_wallend2_0', '', 0, 0, 0, 'NULL', 'PF', 'Unknown name', 'Unknown description'),
(17, 'right_stairs1_0', '', 0, 0, 0, 'NULL', 'PF', 'Unknown name', 'Unknown description'),
(18, 'right_stairs1_1', '', 0, 0, 0, 'NULL', 'PF', 'Unknown name', 'Unknown description'),
(19, 'right_stairs2_0', '', 0, 0, 0, 'NULL', 'PF', 'Unknown name', 'Unknown description'),
(20, 'right_stairs2_1', '', 0, 0, 0, 'NULL', 'PF', 'Unknown name', 'Unknown description'),
(21, 'left_stairs1_0', '', 0, 0, 0, 'NULL', 'PF', 'Unknown name', 'Unknown description'),
(22, 'left_stairs1_1', '', 0, 0, 0, 'NULL', 'PF', 'Unknown name', 'Unknown description'),
(23, 'left_stairs2_0', '', 0, 0, 0, 'NULL', 'PF', 'Unknown name', 'Unknown description'),
(24, 'left_stairs2_1', '', 0, 0, 0, 'NULL', 'PF', 'Unknown name', 'Unknown description'),
(1001, 'shelves_norja', '0,0,0', 1, 1, 2, 'NULL', 'SF', 'Bookcase', 'For nic naks and art deco books'),
(1002, 'shelves_polyfon', '0,0,0', 2, 1, 1, 'NULL', 'SF', 'Bookcase', 'For the arty pad'),
(1003, 'shelves_silo', '0,0,0', 2, 1, 0, 'NULL', 'SF', 'Bookcase', 'For nic naks and art deco books'),
(1005, 'chair_polyfon', '0,0,0', 1, 1, 1, 'NULL', 'SFC', 'Dining Chair', 'Metallic seating experience'),
(1011, 'stand_polyfon_z', '0,0,0', 1, 1, 1, 'NULL', 'SFH', 'Shelf', 'Tidy up'),
(1012, 'chair_silo', '*ffffff,*ffffff,*ABD0D2,*ABD0D2', 1, 1, 1, 'NULL', 'SFC', 'Dining Chair', 'Keep it simple'),
(1013, 'sofa_silo', '*ffffff,*ffffff,*ffffff,*ffffff,*ABD0D2,*ABD0D2,*ABD0D2,*ABD0D2', 2, 1, 1, 'NULL', 'SFC', 'Two-Seater Sofa', 'Cushioned, understated comfort'),
(1014, 'couch_norja', '0,0,0', 2, 1, 1, 'NULL', 'SFC', 'Bench', 'Two can perch comfortably'),
(1017, 'doormat_love', '0,0,0', 1, 1, 0, 'NULL', 'SFHK', 'Doormat', 'Welcome Habbos in style'),
(1018, 'doormat_plain', '0,0,0', 1, 1, 0, 'NULL', 'SFHK', 'Doormat', 'Available in a variety of colours'),
(1025, 'bed_polyfon', '0,0,0', 2, 3, 1.5, 'NULL', 'SFB', 'Double Bed', 'Give yourself space to stretch out'),
(1026, 'bed_polyfon_one', '0,0,0', 1, 3, 1.5, 'NULL', 'SFB', 'Single Bed', 'Cot of the artistic'),
(1029, 'bed_silo_one', '0,0,0', 1, 3, 1.5, 'NULL', 'SFB', 'Single Bed', 'Plain and simple'),
(1030, 'bed_silo_two', '0,0,0', 2, 3, 1.5, 'NULL', 'SFB', 'Double Bed', 'Plain and simple x2'),
(1032, 'bed_armas_two', '0,0,0', 2, 3, 1.5, 'NULL', 'SFB', 'Double Bed', 'King-sized pine comfort'),
(1033, 'bed_budget_one', '*FFFFFF,*FFFFFF,*FFFFFF,*ABD0D2,*ABD0D2,*ABD0D2', 1, 3, 1.5, 'NULL', 'SFB', 'bed_budget_one', 'aquamarine'),
(1034, 'bed_budget', '*FFFFFF,*FFFFFF,*FFFFFF,*ABD0D2,*ABD0D2,*ABD0D2', 2, 3, 1.5, 'NULL', 'SFB', 'Pura Bed', 'Comfortable, affordable!'),
(1035, 'shelves_armas', '0,0,0', 2, 1, 2, 'NULL', 'SF', 'Bookcase', 'For all those fire-side stories'),
(1036, 'bench_armas', '0,0,0', 2, 1, 1, 'NULL', 'SFC', 'Bench', 'To complete the dining set'),
(1040, 'fireplace_armas', '0,0,0', 2, 1, 2, 'FIREON', 'SF', 'Fireplace', 'Authentic, real flame fire'),
(1041, 'lamp_armas', '0,0,0', 1, 1, 2, 'SWITCHON', 'SF', 'Table Lamp', 'Ambient lighting is essential'),
(1042, 'bed_armas_one', '0,0,0', 1, 3, 1.5, 'NULL', 'SFB', 'Single Bed', 'Rustic charm for one'),
(1044, 'carpet_armas', '0,0,0', 2, 4, 0, 'NULL', 'SFKH', 'Hand-Woven Rug', 'Adds instant warmth'),
(1045, 'carpet_polar', '*ffffff,*ffffff,*ffffff', 2, 3, 0, 'NULL', 'SFKH', 'Faux-Fur Bear Rug', 'For cuddling up on'),
(1046, 'fireplace_polyfon', '0,0,0', 2, 1, 2, 'FIREON', 'SF', 'Fireplace', 'Comfort in stainless steel'),
(2590, 'table_plasto_4leg*3', '*ffffff,*ffee00', 2, 2, 2, 'NULL', 'SFH', 'Round Dining Table', 'Hip plastic furniture'),
(2583, 'table_plasto_bigsquare*5', '*ffffff,*54ca00', 2, 2, 2, 'NULL', 'SFH', 'Square Dining Table', 'Hip plastic furniture'),
(2576, 'table_plasto_bigsquare*15', '*ffffff,*FF97BA', 2, 2, 2, 'NULL', 'SFH', 'Occasional Table', 'Hip plastic furniture'),
(2577, 'table_plasto_bigsquare*14', '*ffffff,*CC3399', 2, 2, 2, 'NULL', 'SFH', 'Occasional Table', 'Hip plastic furniture'),
(1053, 'doormat_plain*1', '*ff1f08', 1, 1, 0, 'NULL', 'SFHK', 'Doormat', 'Available in a variety of colours'),
(2594, 'table_plasto_4leg*2', '*ffffff,*99DCCC', 2, 2, 2, 'NULL', 'SFH', 'Occasional Table', 'Hip plastic furniture'),
(2587, 'table_plasto_bigsquare*4', '*ffffff,*ccddff', 2, 2, 2, 'NULL', 'SFH', 'Square Dining Table', 'Hip plastic furniture'),
(2581, 'table_plasto_bigsquare', '0,0,0', 2, 2, 2, 'NULL', 'SFH', 'Square Dining Table', 'Hip plastic furniture'),
(2565, 'table_plasto_round*14', '*ffffff,*CC3399', 2, 2, 2, 'NULL', 'SFH', 'Occasional Table', 'Hip plastic furniture'),
(2566, 'table_plasto_round*7', '*ffffff,*ff6d00', 2, 2, 2, 'NULL', 'SFH', 'Round Dining Table', 'Hip plastic furniture'),
(1238, 'bardeskcorner_polyfon*13', '*ffffff,*ffffff,*ffffff', 1, 1, 2, 'NULL', 'SFH', 'Corner Cabinet-Desk', 'Tuck it away'),
(2586, 'table_plasto_bigsquare*6', '*ffffff,*3444ff', 2, 2, 2, 'NULL', 'SFH', 'Square Dining Table', 'Hip plastic furniture'),
(2580, 'table_plasto_bigsquare*2', '*ffffff,*99DCCC', 2, 2, 2, 'NULL', 'SFH', 'Square Dining Table', 'Hip plastic furniture'),
(2564, 'table_plasto_round*15', '*ffffff,*FF97BA', 2, 2, 2, 'NULL', 'SFH', 'Occasional Table', 'Hip plastic furniture'),
(1623, 'bardeskcorner_polyfon*2', '*ffffff,*525252', 1, 1, 2, 'NULL', 'SFH', 'Black Mode Bardesk Corner', 'Black Mode Bardesk Corner'),
(2593, 'table_plasto_4leg*5', '*ffffff,*54ca00', 2, 2, 2, 'NULL', 'SFH', 'Occasional Table', 'Hip plastic furniture'),
(2585, 'table_plasto_bigsquare*3', '*ffffff,*ffee00', 2, 2, 2, 'NULL', 'SFH', 'Square Dining Table', 'Hip plastic furniture'),
(2579, 'table_plasto_bigsquare*1', '*ffffff,*ff1f08', 2, 2, 2, 'NULL', 'SFH', 'Square Dining Table', 'Hip plastic furniture'),
(2562, 'table_plasto_square*5', '*ffffff,*54ca00', 1, 1, 2, 'NULL', 'SFH', 'Square Dining Table', 'Hip plastic furniture'),
(2563, 'table_plasto_square*8', '*ffffff,*c38d1a', 1, 1, 2, 'NULL', 'SFH', 'Square Dining Table', 'Hip plastic furniture'),
(1624, 'bardeskcorner_polyfon*3', '*ffffff,*ffffff', 1, 1, 2, 'NULL', 'SFH', 'White Corner Desk', 'Tuck it away'),
(1075, 'doormat_plain*6', '*777777', 1, 1, 0, 'NULL', 'SFHK', 'Doormat', 'Available in a variety of colours'),
(1625, 'bardeskcorner_polyfon*4', '*ffffff,*F7EBBC', 1, 1, 2, 'NULL', 'SFH', 'Beige Mode Bardesk Corner', 'Beige Mode Bardesk Corner'),
(2592, 'table_plasto_4leg', '0,0,0', 2, 2, 2, 'NULL', 'SFH', 'Occasional Table', 'Hip plastic furniture'),
(2584, 'table_plasto_bigsquare*9', '*ffffff,*533e10', 2, 2, 2, 'NULL', 'SFH', 'Square Dining Table', 'Hip plastic furniture'),
(2558, 'table_plasto_square*4', '*ffffff,*ccddff', 1, 1, 2, 'NULL', 'SFH', 'Square Dining Table', 'Hip plastic furniture'),
(2559, 'table_plasto_square*6', '*ffffff,*3444ff', 1, 1, 2, 'NULL', 'SFH', 'Square Dining Table', 'Hip plastic furniture'),
(2560, 'table_plasto_square*3', '*ffffff,*ffee00', 1, 1, 2, 'NULL', 'SFH', 'Square Dining Table', 'Hip plastic furniture'),
(2561, 'table_plasto_square*9', '*ffffff,*533e10', 1, 1, 2, 'NULL', 'SFH', 'Square Dining Table', 'Hip plastic furniture'),
(2553, 'table_plasto_square*14', '*ffffff,*CC3399', 1, 1, 2, 'NULL', 'SFH', 'Occasional Table', 'Hip plastic furniture'),
(2554, 'table_plasto_square*1', '*ffffff,*ff1f08', 1, 1, 2, 'NULL', 'SFH', 'Occasional Table', 'Hip plastic furniture'),
(2555, 'table_plasto_square*7', '*ffffff,*ff6d00', 1, 1, 2, 'NULL', 'SFH', 'Square Dining Table', 'Hip plastic furniture'),
(2556, 'table_plasto_square', '0,0,0', 1, 1, 2, 'NULL', 'SFH', 'Occasional Table', 'Hip plastic furniture'),
(2557, 'table_plasto_square*2', '*ffffff,*99DCCC', 1, 1, 2, 'NULL', 'SFH', 'Round Dining Table', 'Hip plastic furniture'),
(2549, 'chair_plasto*6', '*ffffff,*3444ff,*ffffff,*3444ff', 1, 1, 1, 'NULL', 'SFC', 'Chair', 'Hip plastic furniture'),
(2550, 'chair_plasto*3', '*ffffff,*ffee00,*ffffff,*ffee00', 1, 1, 1, 'NULL', 'SFC', 'Chair', 'Hip plastic furniture'),
(2551, 'chair_plasto*2', '*ffffff,*99DCCC,*ffffff,*99DCCC', 1, 1, 1, 'NULL', 'SFC', 'Chair', 'Hip plastic furniture'),
(2552, 'table_plasto_square*15', '*ffffff,*FF97BA', 1, 1, 2, 'NULL', 'SFH', 'Occasional Table', 'Hip plastic furniture'),
(2544, 'chair_plasto', '0,0,0', 1, 1, 1, 'NULL', 'SFC', 'Chair', 'Hip plastic furniture'),
(2545, 'chair_plasto*8', '*ffffff,*c38d1a,*ffffff,*c38d1a', 1, 1, 1, 'NULL', 'SFC', 'Chair', 'Hip plastic furniture'),
(2546, 'chair_plasto*7', '*ffffff,*ff6d00,*ffffff,*ff6d00', 1, 1, 1, 'NULL', 'SFC', 'Chair', 'Hip plastic furniture'),
(2547, 'chair_plasto*1', '*ffffff,*ff1f08,*ffffff,*ff1f08', 1, 1, 1, 'NULL', 'SFC', 'Chair', 'Hip plastic furniture'),
(2548, 'chair_plasto*4', '*ffffff,*ccddff,*ffffff,*ccddff', 1, 1, 1, 'NULL', 'SFC', 'Chair', 'Hip plastic furniture'),
(2541, 'chair_plasto*16', '*ffffff,*CC3399,*ffffff,*CC3399', 1, 1, 1, 'NULL', 'SFC', 'Chair', 'Hip plastic furniture'),
(2542, 'chair_plasto*15', '*ffffff,*281107,*ffffff,*281107', 1, 1, 1, 'NULL', 'SFC', 'Chair', 'Hip plastic furniture'),
(2543, 'chair_plasto*5', '*ffffff,*54ca00,*ffffff,*54ca00', 1, 1, 1, 'NULL', 'SFC', 'Chair', 'Hip plastic furniture'),
(1105, 'pizza', '0,0,0', 1, 1, 0.2, 'NULL', 'SFH', 'Pizza Box', 'You dirty Habbo'),
(1106, 'drinks', '0,0,0', 1, 1, 0.2, 'NULL', 'SF', 'Empty Cans', 'Are you a slob too?'),
(2602, 'chair_plasty*2', '*ffffff,*ff9900,*ffffff,*ff9900', 1, 1, 1, 'NULL', 'SFC', 'Plastic Pod Chair', 'Hip plastic furniture'),
(2601, 'chair_plasty*1', '*ffffff,*8EB5D1,*ffffff,*8EB5D1', 1, 1, 1, 'NULL', 'SFC', 'Plastic Pod Chair', 'Hip plastic furniture'),
(1111, 'plant_cruddy', '0,0,0', 1, 1, 1, 'NULL', 'SF', 'Aloe Vera', 'Goodbye Bert...'),
(1112, 'bottle', '0,0,0', 1, 1, 0.1, 'DIR', 'SFTL', 'Empty Spinning Bottle', 'For interesting games!'),
(1113, 'bardesk_polyfon', '0,0,0', 2, 1, 2, 'NULL', 'SFH', 'Bar-desk', 'Perfect for work or play'),
(1114, 'bardeskcorner_polyfon', '0,0,0', 1, 1, 2, 'NULL', 'SFH', 'Corner Cabinet-Desk', 'Tuck it away'),
(1116, 'bar_armas', '0,0,0', 1, 1, 1, 'DOOROPEN', 'SFT', 'Barrel Minibar', 'It''s a barrel of herpes and a great talking point'),
(1119, 'carpet_soft', '0,0,0', 2, 4, 0, 'NULL', 'SFKH', 'Soft Wool Rug', 'Soft Wool Rug'),
(1127, 'wood_tv', '0,0,0', 1, 2, 2, 'FIREON', 'SF', 'Large TV', 'HNN weatherman Kiazie'),
(1128, 'carpet_polar*1', '*ffbbcf,*ffbbcf,*ffddef', 2, 3, 0, 'NULL', 'SFKH', 'Pink Faux-Fur Bear Rug', 'Cute'),
(2600, 'chair_plasty', '0,0,0', 1, 1, 1, 'NULL', 'SFC', 'Plastic Pod Chair', 'Hip plastic furniture'),
(1130, 'carpet_polar*2', '*ccddff,*ccddff,*ffffff', 2, 3, 0, 'NULL', 'SFKH', 'Blue Bear Rug', 'Snuggle up on a Funky bear rug...'),
(1131, 'carpet_polar*3', '*ffee99,*ffee99,*ffffff', 2, 3, 0, 'NULL', 'SFKH', 'Yellow Bear Rug', 'Snuggle up on a Funky bear rug...'),
(1132, 'carpet_polar*4', '*ddffaa,*ddffaa,*ffffff', 2, 3, 0, 'NULL', 'SFKH', 'Green Bear Rug', 'Snuggle up on a Funky bear rug...'),
(2599, 'table_plasto_4leg*16', '*ffffff,*CC3399', 2, 2, 2, 'NULL', 'SFH', 'Occasional Table', 'Hip plastic furniture'),
(1137, 'bed_polyfon_girl_one', '0,0,0', 1, 3, 1.5, 'NULL', 'SFB', 'Single Bed', 'Snuggle down in princess pink'),
(1138, 'bed_polyfon_girl', '0,0,0', 2, 3, 1.5, 'NULL', 'SFB', 'Double Bed', 'Snuggle down in princess pink'),
(1139, 'sofa_polyfon_girl', '0,0,0', 2, 1, 1, 'NULL', 'SFC', 'Two-seater Sofa', 'Romantic pink for two'),
(1142, 'plant_pineapple', '0,0,0', 1, 1, 1, 'NULL', 'SF', 'Pineapple Plant', 'Needs loving glances'),
(1143, 'plant_fruittree', '0,0,0', 1, 1, 1, 'NULL', 'SF', 'Fruit Tree', 'Great yield and sweet fruit'),
(1144, 'plant_small_cactus', '0,0,0', 1, 1, 1, 'NULL', 'SF', 'Small Cactus', 'Even less watering than the real world'),
(1145, 'plant_bonsai', '0,0,0', 1, 1, 1, 'NULL', 'SF', 'Bonsai Tree', 'You can be sure it lives'),
(1146, 'plant_big_cactus', '0,0,0', 1, 1, 1, 'NULL', 'SF', 'Mature Cactus', 'Habbo Dreams monster in hiding!  Shhhh'),
(1147, 'plant_yukka', '0,0,0', 1, 1, 1, 'NULL', 'SF', 'Yukka Plant', 'Easy to care for'),
(1153, 'plant_sunflower', '0,0,0', 1, 1, 1, 'NULL', 'SF', 'Cut Sunflower', 'For happy Habbos'),
(1154, 'plant_rose', '0,0,0', 1, 1, 1, 'NULL', 'SF', 'Cut Roses', 'Sleek and chic'),
(1155, 'tv_luxus', '0,0,0', 1, 3, 1, 'FIREON', 'SF', 'Digital TV', 'Bang up to date'),
(1156, 'bath', '0,0,0', 1, 2, 1, 'SWITCHON', 'SFC', 'Bubble Bath', 'The ultimate in pampering'),
(1157, 'sink', '0,0,0', 1, 1, 1, 'DOOROPEN', 'SFT', 'Sink', 'Hot and cold thrown in for no charge'),
(1158, 'toilet', '0,0,0', 1, 1, 1.1, 'SWITCHON', 'SFC', 'Loo Seat', 'Loo Seat'),
(1160, 'tile', '0,0,0', 4, 4, 0, 'NULL', 'SFKH', 'Floor Tiles', 'In a choice of colours'),
(1161, 'toilet_red', '0,0,0', 1, 1, 1.1, 'SWITCHON', 'SFC', 'Loo Seat', 'Loo Seat'),
(1162, 'toilet_yell', '0,0,0', 1, 1, 1.1, 'SWITCHON', 'SFC', 'Loo Seat', 'Loo Seat'),
(1163, 'tile_red', '0,0,0', 4, 4, 0, 'NULL', 'SFKH', 'Floor Tiles', 'In a choice of colours'),
(1168, 'present_gen3', '0,0,0', 1, 1, 2, 'CUSTOM_VARIABLE', 'SFH', 'Gift', 'What''s inside?'),
(1169, 'present_gen4', '0,0,0', 1, 1, 2, 'CUSTOM_VARIABLE', 'SFH', 'Gift', 'What''s inside?'),
(1170, 'present_gen5', '0,0,0', 1, 1, 2, 'CUSTOM_VARIABLE', 'SFH', 'Gift', 'What''s inside?'),
(1171, 'present_gen6', '0,0,0', 1, 1, 2, 'CUSTOM_VARIABLE', 'SFH', 'Gift', 'What''s inside?'),
(1173, 'shelves_basic', '0,0,0', 2, 1, 4.8, 'NULL', 'SFH', 'Pura Shelves', 'Pura series 404 shelves'),
(1175, 'soft_sofa_norja', '0,0,0', 2, 1, 1, 'NULL', 'SFC', 'Iced Sofa', 'A soft iced sofa'),
(1176, 'lamp_basic', '0,0,0', 1, 1, 2, 'SWITCHON', 'SF', 'Pura Lamp', 'Switch on the atmosphere with this sophisticated light'),
(1177, 'lamp2_armas', '0,0,0', 1, 1, 2, 'SWITCHON', 'SF', 'Lodge Candle', 'Wax lyrical with some old-world charm'),
(1178, 'fridge', '0,0,0', 1, 1, 5, 'DOOROPEN', 'SFTH', 'Pura Refridgerator', 'Keep cool with a chilled snack or drink'),
(1179, 'door', '0,0,0', 1, 1, 2, 'DOOROPEN', 'SFX', 'Telephone Box', 'Dr Who?'),
(1182, 'pumpkin', '0,0,0', 1, 1, 2, 'SWITCHON', 'SFH', 'Pumpkin Lamp', 'Cast a spooky glow'),
(1183, 'skullcandle', '0,0,0', 1, 1, 1, 'SWITCHON', 'SF', 'Skull Candle Holder', 'Alas poor Yorrick...'),
(1184, 'deadduck', '0,0,0', 1, 1, 0, 'NULL', 'SF', 'Dead Duck', 'Blood, but no guts'),
(1187, 'menorah', '0,0,0', 1, 1, 1, 'FIREON', 'SF', 'Menorah', 'Light up your room'),
(1188, 'pudding', '0,0,0', 1, 1, 1, 'NULL', 'SF', 'Christmas Pudding', 'Will you get the lucky sixpence?'),
(1189, 'ham', '0,0,0', 1, 1, 0.1, 'NULL', 'SF', 'Joint of Ham', 'Tuck in'),
(1190, 'turkey', '0,0,0', 1, 1, 1, 'NULL', 'SF', 'Roast Turkey', 'Where''s the cranberry sauce?'),
(1192, 'house', '0,0,0', 1, 1, 1, 'NULL', 'SF', 'Gingerbread House', 'Good enough to eat'),
(1193, 'triplecandle', '0,0,0', 1, 1, 0.5, 'SWITCHON', 'SF', 'Electric Candles', 'No need to worry about wax drips'),
(1194, 'tree3', '0,0,0', 1, 1, 2, 'SWITCHON', 'SF', 'Christmas Tree 1', 'Any presents under it yet?'),
(1195, 'tree4', '0,0,0', 1, 1, 2, 'SWITCHON', 'SF', 'Christmas Tree 2', 'Any presents under it yet?'),
(1196, 'tree5', '0,0,0', 1, 1, 2, 'SWITCHON', 'SF', 'Christmas Tree 3', 'Any presents under it yet?'),
(1197, 'ham2', '0,0,0', 1, 1, 0.1, 'NULL', 'SF', 'Eaten Ham', 'Looks like you''re too late!'),
(1198, 'wcandleset', '0,0,0', 1, 1, 0.2, 'SWITCHON', 'SF', 'White Candle Plate', 'Simple but stylish'),
(1199, 'rcandleset', '0,0,0', 1, 1, 0.2, 'SWITCHON', 'SF', 'Red Candle Plate', 'Simple but stylish'),
(1200, 'statue', '0,0,0', 1, 1, 1, 'NULL', 'SF', 'Cupid Statue', 'Watch out for those arrows!'),
(1201, 'heart', '0,0,0', 2, 1, 1, 'NULL', 'SF', 'Giant Heart', 'Full of love'),
(1203, 'heartsofa', '0,0,0', 2, 1, 1, 'NULL', 'SFC', 'Heart Sofa', 'Perfect for snuggling up on'),
(1204, 'throne', '0,0,0', 1, 1, 1, 'NULL', 'SFC', 'Throne', 'Important Habbos only'),
(1206, 'giftflowers', '0,0,0', 1, 1, 1, 'NULL', 'SF', 'Vase of Flowers', 'Guaranteed to stay fresh'),
(1207, 'habbocake', '0,0,0', 1, 1, 2, 'SWITCHON', 'SF', 'Cake', 'Save me a slice!'),
(1210, 'bunny', '0,0,0', 1, 1, 1, 'NULL', 'SF', 'Squidgy Bunny', 'Yours to cuddle up to'),
(1212, 'birdie', '0,0,0', 1, 1, 1, 'SWITCHON', 'SF', 'Pop-up Egg', 'Cheep (!) and cheerful'),
(1213, 'edice', '0,0,0', 1, 1, 1, 'VALUE', 'SFTL', 'Holo-dice', 'What''s your lucky number?'),
(1214, 'club_sofa', '0,0,0', 2, 1, 1, 'NULL', 'SFC', 'Club sofa', 'Club sofa'),
(1215, 'prize1', '0,0,0', 1, 1, 0.5, 'NULL', 'SF', 'Gold Trophy', 'Gorgeously glittery'),
(1216, 'prize2', '0,0,0', 1, 1, 0.5, 'NULL', 'SF', 'Silver Trophy', 'Nice and shiny'),
(1217, 'prize3', '0,0,0', 1, 1, 0.5, 'NULL', 'SF', 'Bronze Trophy', 'A weighty award'),
(1218, 'divider_poly3', '0,0,0', 1, 1, 1, 'STATUS', 'SFGDQ', 'Hatch (Lockable)', 'All bars should have one'),
(1219, 'divider_arm1', '0,0,0', 1, 1, 2.6, 'NULL', 'SFH', 'Corner plinth', 'Good solid wood'),
(1220, 'divider_arm2', '0,0,0', 2, 1, 2.6, 'NULL', 'SFH', 'Room divider', 'I wooden go there'),
(1221, 'divider_arm3', '0,0,0', 1, 1, 1, 'STATUS', 'SFGDQ', 'Gate (lockable)', 'Knock, knock...'),
(1222, 'divider_nor1', '0,0,0', 1, 1, 1, 'NULL', 'SF', 'Ice Corner', 'Looks squishy, but isn''t'),
(1223, 'divider_silo1', '*ffffff,*ABD0D2', 1, 1, 2, 'NULL', 'SFH', 'Corner Shelf', 'Neat and natty'),
(1224, 'divider_nor2', '0,0,0', 2, 1, 1, 'NULL', 'SF', 'Ice Bar-Desk', 'Strong, yet soft looking'),
(1226, 'divider_nor3', '0,0,0', 1, 1, 1, 'STATUS', 'SFGDQ', 'Door (Lockable)', 'Do go through...'),
(1227, 'divider_silo3', '*ffffff,*ffffff,*ffffff,*ABD0D2', 1, 1, 1, 'STATUS', 'SFGDQ', 'Gate (lockable)', 'Form following function'),
(1228, 'typingmachine', '0,0,0', 1, 1, 0.3, 'NULL', 'SF', 'Typewriter', 'Write that bestseller'),
(1229, 'spyro', '0,0,0', 1, 1, 1, 'NULL', 'SF', 'Dragon Egg', 'The stuff of legend'),
(1233, 'hyacinth1', '0,0,0', 1, 1, 1, 'NULL', 'SF', 'Pink Hyacinth', 'Beautiful bulb'),
(1234, 'hyacinth2', '0,0,0', 1, 1, 1, 'NULL', 'SF', 'Blue Hyacinth', 'Beautiful bulb'),
(2608, 'chair_plasty*8', '*ffffff,*c38d1a,*ffffff,*c38d1a', 1, 1, 1, 'NULL', 'SFC', 'Plastic Pod Chair', 'Hip plastic furniture'),
(2607, 'chair_plasty*7', '*ffffff,*99DCCc,*ffffff,*99DCCc', 1, 1, 1, 'NULL', 'SFC', 'Plastic Pod Chair', 'Hip plastic furniture'),
(2604, 'chair_plasty*4', '*ffffff,*3BA300,*ffffff,*3BA300', 1, 1, 1, 'NULL', 'SFC', 'Plastic Pod Chair', 'Hip plastic furniture'),
(2596, 'table_plasto_4leg*7', '*ffffff,*ff6d00', 2, 2, 2, 'NULL', 'SFH', 'Occasional table', 'Hip plastic furniture'),
(1243, 'mocchamaster', '0,0,0', 1, 1, 0, 'SWITCHON', 'SFT', 'Mochamaster', 'Wake up and smell it!'),
(1244, 'carpet_legocourt', '0,0,0', 3, 3, 0, 'NULL', 'SFKH', 'Basketball Court', 'Line up your slam dunk'),
(1245, 'bench_lego', '0,0,0', 4, 1, 1, 'NULL', 'SFC', 'Team Bench', 'For your reserve players'),
(1246, 'legotrophy', '0,0,0', 1, 1, 1, 'SWITCHON', 'SF', 'Basketball Trophy', 'For the winning team'),
(1247, 'valentinescreen', '0,0,0', 2, 1, 1, 'NULL', 'SF', 'Holiday Romance', 'Peep through and smile!'),
(1248, 'edicehc', '0,0,0', 1, 1, 1, 'VALUE', 'SFTL', 'Dicemaster', 'Click and roll!'),
(1249, 'rare_daffodil_rug', '0,0,0', 2, 2, 0, 'NULL', 'SFKH', 'Petal Patch', 'A little bit of outdoors indoors..'),
(1250, 'rare_beehive_bulb', '*ffffff,*ffffff,*ffffff,*ffffff,*55c4de,*ffffff', 1, 1, 2, 'SWITCHON', 'SFH', 'Blue Amber Lamp', 'A honey-hued glow'),
(1251, 'hcsohva', '0,0,0', 2, 1, 1, 'NULL', 'SFC', 'Throne Sofa', 'For royal bottoms...'),
(1252, 'hcamme', '0,0,0', 1, 2, 0.9, 'SWITCHON', 'SFC', 'Tubmaster', 'Time for a soak'),
(1253, 'rare_elephant_statue', '*ffffff,*ffcf1c', 1, 1, 2, 'NULL', 'SFH', 'Golden Elephant', 'Say hello to Nelly'),
(1254, 'rare_fountain', '*ffffff,*ffffff,*ff6666', 1, 1, 2, 'FIREON', 'SFH', 'Bird Bath (red)', 'For our feathered friends'),
(1255, 'rare_stand', '0,0,0', 1, 1, 1.9, 'NULL', 'SFC', 'Speaker''s Corner', 'Goebbels & Co.'),
(1257, 'rare_hammock', '0,0,0', 1, 3, 1.5, 'NULL', 'SFB', 'Hammock', 'Eco bed'),
(1258, 'rare_elephant_statue*1', '*ffffff,*bfbfbf', 1, 1, 2, 'NULL', 'SFH', 'Silver Elephant', 'Say hello to Nelly'),
(1259, 'rare_elephant_statue*2', '*ffffff,*d46b00', 1, 1, 2, 'NULL', 'SFH', 'Bronze Elephant', 'Say hello to Nelly'),
(1260, 'rare_fountain*1', '*ffffff,*ffffff,*ffffff', 1, 1, 2, 'FIREON', 'SFH', 'Bird Bath (grey)', 'For our feathered friends'),
(1261, 'rare_fountain*2', '*ffffff,*ffffff,*b8cf00', 1, 1, 2, 'FIREON', 'SFH', 'Bird Bath (green)', 'For our feathered friends'),
(1262, 'rare_fountain*3', '*ffffff,*ffffff,*59cccc', 1, 1, 2, 'FIREON', 'SFH', 'Bird Bath (blue)', 'For our feathered friends'),
(1263, 'rare_beehive_bulb*1', '*ffffff,*ffffff,*ffffff,*ffffff,*ff4c47,*ffffff', 1, 1, 2, 'SWITCHON', 'SFH', 'Red Amber Lamp', 'A honey-hued glow'),
(1264, 'rare_beehive_bulb*2', '*ffffff,*ffffff,*ffffff,*ffffff,*ffc307,*ffffff', 1, 1, 2, 'SWITCHON', 'SFH', 'Yellow Amber Lamp', 'A honey-hued glow'),
(1265, 'rare_xmas_screen', '0,0,0', 2, 1, 1, 'NULL', 'SF', 'Lappland Greetings', 'Ho Ho Ho!'),
(1266, 'rare_parasol*1', '*ffffff,*ffffff,*ffffff,*ffff11', 1, 1, 1, 'SWITCHON', 'SF', 'Yellow Parasol', 'Block those rays!'),
(1267, 'rare_parasol*2', '*ffffff,*ffffff,*ffffff,*ff8f61', 1, 1, 1, 'SWITCHON', 'SF', 'Orange Parasol', 'Block those rays!'),
(1268, 'rare_parasol*3', '*ffffff,*ffffff,*ffffff,*d47fff', 1, 1, 1, 'SWITCHON', 'SF', 'Violet Parasol', 'Block those rays!'),
(1269, 'tree1', '0,0,0', 1, 1, 2, 'SWITCHON', 'SF', 'Dead tree', 'Dead christmas tree'),
(1270, 'tree2', '0,0,0', 1, 1, 2, 'SWITCHON', 'SF', 'Old Christmas Tree', 'Old Christmas Tree'),
(1271, 'wcandle', '0,0,0', 1, 1, 0.3, 'SWITCHON', 'SF', 'White Candle', 'Xmas tea light'),
(1272, 'rcandle', '0,0,0', 1, 1, 0.3, 'SWITCHON', 'SF', 'Red Candle', 'Xmas tea light'),
(1274, 'house2', '0,0,0', 1, 1, 1, 'NULL', 'SF', 'Gingerbread House', 'Good enough to eat'),
(1276, 'md_sofa', '0,0,0', 2, 1, 1, 'NULL', 'SFC', 'MD Sofa', 'A decent recliner'),
(2597, 'table_plasto_4leg*10', '*ffffff,*ccddff', 2, 2, 2, 'NULL', 'SFH', 'Occasional Table', 'Hip plastic furniture'),
(2595, 'table_plasto_4leg*8', '*ffffff,*c38d1a', 2, 2, 2, 'NULL', 'SFH', 'Occasional Table', 'Hip plastic furniture'),
(2589, 'table_plasto_4leg*1', '*ffffff,*ff1f08', 2, 2, 2, 'NULL', 'SFH', 'Square Dining Table', 'Hip plastic furniture'),
(2588, 'table_plasto_4leg*6', '*ffffff,*3444ff', 2, 2, 2, 'NULL', 'SFH', 'Occasional table Table', 'Hip plastic furniture'),
(2582, 'table_plasto_bigsquare*8', '*ffffff,*c38d1a', 2, 2, 2, 'NULL', 'SFH', 'Square Dining Table', 'Hip plastic furniture'),
(2575, 'table_plasto_round*8', '*ffffff,*c38d1a', 2, 2, 2, 'NULL', 'SFH', 'Round Dining Table', 'Hip plastic furniture'),
(2567, 'table_plasto_round*1', '*ffffff,*ff1f08', 2, 2, 2, 'NULL', 'SFH', 'Round Dining Table', 'Hip plastic furniture'),
(2568, 'table_plasto_round*2', '*ffffff,*99DCCC', 2, 2, 2, 'NULL', 'SFH', 'Round Dining Table', 'Hip plastic furniture'),
(2569, 'table_plasto_round*4', '*ffffff,*ccddff', 2, 2, 2, 'NULL', 'SFH', 'Square Dining Table', 'Hip plastic furniture'),
(2570, 'table_plasto_round*6', '*ffffff,*3444ff', 2, 2, 2, 'NULL', 'SFH', 'Round Dining Table', 'Hip plastic furniture'),
(2571, 'table_plasto_round*3', '*ffffff,*ffee00', 2, 2, 2, 'NULL', 'SFH', 'Round Dining Table', 'Hip plastic furniture?'),
(2572, 'table_plasto_round*9', '*ffffff,*533e10', 2, 2, 2, 'NULL', 'SFH', 'Round Dining Table', 'Hip plastic furniture'),
(2573, 'table_plasto_round', '0,0,0', 2, 2, 2, 'NULL', 'SFH', 'Round Dining Table', 'Hip plastic furniture'),
(2574, 'table_plasto_round*5', '*ffffff,*54ca00', 2, 2, 2, 'NULL', 'SFH', 'Round Dining Table', 'Hip plastic furniture'),
(1294, 'hockey_score', '0,0,0', 1, 1, 2, 'SCORE', 'SFT', 'Scoreboard', '...for keeping your score'),
(1315, 'rare_parasol*0', '*ffffff,*ffffff,*ffffff,*9eff1c', 1, 1, 1, 'SWITCHON', 'SF', 'Green Parasol', 'Block those rays!'),
(1320, 'nest', '0,0,0', 1, 1, 0.1, 'NULL', 'SFK', 'Basket', 'Night, night'),
(1411, 'rare_dragonlamp*4', '*ffffff,*3e3d40,*3e3d40,0,0,0,0', 1, 1, 1, 'SWITCHON', 'SF', 'Serpent of Doom', 'Scary and scorching!'),
(1439, 'rare_fan*8', '*00E5E2,0,0,0', 1, 1, 1, 'SWITCHON', 'SF', 'Habbo Wind Turbine', 'Stylish, Eco-Energy!'),
(1451, 'ticket', '0,0,0', 1, 1, 0, 'NULL', 'SF', 'Small Ticket Bundle', 'A bundle of 5 gaming tickets'),
(1453, 'cn_lamp', '0,0,0', 1, 1, 1, 'SWITCHON', 'SF', 'Lantern', 'Light of the East'),
(1454, 'cn_sofa', '0,0,0', 3, 1, 1, 'NULL', 'SFC', 'Chinese Sofa', 'Seating,Oriental style!'),
(1455, 'sporttrack1*1', '*ffffff,*e4592d,*ffffff', 2, 2, 0, 'NULL', 'SFKH', 'Sport track straight', 'null'),
(1456, 'sporttrack1*3', '*ffffff,*5cb800,*ffffff', 2, 2, 0, 'NULL', 'SFKH', 'Sport track straight grass', 'null'),
(1457, 'sporttrack1*2', '*ffffff,*62818b,*ffffff', 2, 2, 0, 'NULL', 'SFKH', 'Sport track straight asphalt', 'null'),
(1458, 'sporttrack2*1', '*ffffff,*e4592d,*ffffff', 2, 2, 0, 'NULL', 'SFKH', 'Sport corner tartan', 'null'),
(1459, 'sporttrack2*2', '*ffffff,*62818b,*ffffff', 2, 2, 0, 'NULL', 'SFKH', 'Sport corner asphalt', 'null'),
(1460, 'sporttrack2*3', '*ffffff,*5cb800,*ffffff', 2, 2, 0, 'NULL', 'SFKH', 'Sport corner grass', 'null'),
(1461, 'sporttrack3*1', '*ffffff,*e4592d,*ffffff', 2, 2, 0, 'NULL', 'SFKH', 'Sport goal tartan', 'null'),
(1462, 'sporttrack3*2', '*ffffff,*62818b,*ffffff', 2, 2, 0, 'NULL', 'SFKH', 'Sport goal asphalt', 'null'),
(1463, 'sporttrack3*3', '*ffffff,*5cb800,*ffffff', 2, 2, 0, 'NULL', 'SFKH', 'Sport goal grass', 'null'),
(1464, 'footylamp', '0,0,0', 1, 1, 1, 'SWITCHON', 'SF', 'Football Lamp', 'Can you kick it?'),
(1483, 'table_norja_med*2', '*ffffff,*525252', 2, 2, 2, 'NULL', 'SFH', 'Large Coffee Table Black', 'For larger gatherings'),
(1484, 'table_norja_med*3', '*ffffff,*FFFFFF', 2, 2, 2, 'NULL', 'SFH', 'White Iced Table', 'For larger gatherings'),
(1485, 'table_norja_med*4', '*ffffff,*ABD0D2', 2, 2, 2, 'NULL', 'SFH', 'Urban Iced Coffee Table', 'For larger gatherings'),
(1486, 'table_norja_med*5', '*ffffff,*EE7EA4', 2, 2, 2, 'NULL', 'SFH', 'Large Coffee Table Pink', 'For larger gatherings'),
(1487, 'table_norja_med*6', '*ffffff,*5EAAF8', 2, 2, 2, 'NULL', 'SFH', 'Large Coffee Table Blue', 'For larger gatherings'),
(1488, 'table_norja_med*7', '*ffffff,*7CB135', 2, 2, 2, 'NULL', 'SFH', 'Rural Iced Coffee Table', 'For larger gatherings'),
(1489, 'table_norja_med*8', '*ffffff,*FFD837', 2, 2, 2, 'NULL', 'SFH', 'Large Coffee Table Yellow', 'For larger gatherings'),
(1490, 'table_norja_med*9', '*ffffff,*E14218', 2, 2, 2, 'NULL', 'SFH', 'Large Coffee Table Red', 'For larger gatherings'),
(1491, 'couch_norja*2', '*ffffff,*ffffff,*ffffff,*ffffff,*525252,*525252,*525252,*525252', 2, 1, 1, 'NULL', 'SFC', 'Black Bench', 'Two can perch comfortably'),
(1492, 'couch_norja*3', '*ffffff,*ffffff,*ffffff,*ffffff,*ffffff,*ffffff,*ffffff,*ffffff', 2, 1, 1, 'NULL', 'SFC', 'White Iced Bench', 'Two can perch comfortably'),
(1493, 'couch_norja*4', '*ffffff,*ffffff,*ffffff,*ffffff,*ABD0D2,*ABD0D2,*ABD0D2,*ABD0D2', 2, 1, 1, 'NULL', 'SFC', 'Urban Iced Bench', 'Two can perch comfortably'),
(1494, 'couch_norja*5', '*ffffff,*ffffff,*ffffff,*ffffff,*EE7EA4,*EE7EA4,*EE7EA4,*EE7EA4', 2, 1, 1, 'NULL', 'SFC', 'Pink Bench', 'Two can perch comfortably'),
(1495, 'couch_norja*6', '*ffffff,*ffffff,*ffffff,*ffffff,*5EAAF8,*5EAAF8,*5EAAF8,*5EAAF8', 2, 1, 1, 'NULL', 'SFC', 'Blue Bench', 'Two can perch comfortably'),
(1496, 'couch_norja*7', '*ffffff,*ffffff,*ffffff,*ffffff,*7CB135,*7CB135,*7CB135,*7CB135', 2, 1, 1, 'NULL', 'SFC', 'Rural Iced Bench', 'Two can perch comfortably'),
(1497, 'couch_norja*8', '*ffffff,*ffffff,*ffffff,*ffffff,*FFD837,*FFD837,*FFD837,*FFD837', 2, 1, 1, 'NULL', 'SFC', 'Yellow Bench', 'Two can perch comfortably'),
(1498, 'couch_norja*9', '*ffffff,*ffffff,*ffffff,*ffffff,*E14218,*E14218,*E14218,*E14218', 2, 1, 1, 'NULL', 'SFC', 'Red Bench', 'Two can perch comfortably'),
(1499, 'shelves_norja*2', '*ffffff,*525252', 1, 1, 2, 'NULL', 'SF', 'Black Bookcase', 'For nic naks and art deco books'),
(1500, 'shelves_norja*3', '*ffffff,*ffffff', 1, 1, 2, 'NULL', 'SF', 'White Iced Bookcase', 'For nic naks and art deco books'),
(1501, 'shelves_norja*4', '*ffffff,*ABD0D2', 1, 1, 2, 'NULL', 'SF', 'Urban Iced Bookcase', 'For nic naks and tech books'),
(1502, 'shelves_norja*5', '*ffffff,*EE7EA4', 1, 1, 2, 'NULL', 'SF', 'Pink Bookcase', 'For nic naks and art deco books'),
(1503, 'shelves_norja*6', '*ffffff,*5EAAF8', 1, 1, 2, 'NULL', 'SF', 'Blue Bookcase', 'For nic naks and art deco books'),
(1504, 'shelves_norja*7', '*ffffff,*7CB135', 1, 1, 2, 'NULL', 'SF', 'Rural Iced Bookcase', 'For nic naks and cookery books'),
(1505, 'shelves_norja*8', '*ffffff,*FFD837', 1, 1, 2, 'NULL', 'SF', 'Yellow Bookcase', 'For nic naks and art deco books'),
(1506, 'shelves_norja*9', '*ffffff,*E14218', 1, 1, 2, 'NULL', 'SF', 'Red Bookcase', 'For nic naks and art deco books'),
(1507, 'chair_norja*2', '*ffffff,*ffffff,*525252,*525252', 1, 1, 1, 'NULL', 'SFC', 'Black Chair', 'Sleek and chic for each cheek'),
(1508, 'chair_norja*3', '*ffffff,*ffffff,*ffffff,*ffffff', 1, 1, 1, 'NULL', 'SFC', 'White Iced Chair', 'Sleek and chic for each cheek'),
(1509, 'chair_norja*4', '*ffffff,*ffffff,*ABD0D2,*ABD0D2', 1, 1, 1, 'NULL', 'SFC', 'Urban Iced Chair', 'Sleek and chic for each cheek'),
(1510, 'chair_norja*5', '*ffffff,*ffffff,*EE7EA4,*EE7EA4', 1, 1, 1, 'NULL', 'SFC', 'Pink Chair', 'Sleek and chic for each cheek'),
(1511, 'chair_norja*6', '*ffffff,*ffffff,*5EAAF8,*5EAAF8', 1, 1, 1, 'NULL', 'SFC', 'Blue Chair', 'Sleek and chic for each cheek'),
(1512, 'chair_norja*7', '*ffffff,*ffffff,*7CB135,*7CB135', 1, 1, 1, 'NULL', 'SFC', 'Rural Chair', 'Sleek and chic for each cheek'),
(1513, 'chair_norja*8', '*ffffff,*ffffff,*FFD837,*FFD837', 1, 1, 1, 'NULL', 'SFC', 'Yellow Chair', 'Sleek and chic for each cheek'),
(1514, 'chair_norja*9', '*ffffff,*ffffff,*E14218,*E14218', 1, 1, 1, 'NULL', 'SFC', 'Red Chair', 'Sleek and chic for each cheek'),
(1515, 'divider_nor1*2', '*ffffff,*525252', 1, 1, 1, 'NULL', 'SF', 'Black Ice corner', 'Black Ice corner'),
(1516, 'divider_nor1*3', '*ffffff,*ffffff', 1, 1, 1, 'NULL', 'SF', 'White Iced Corner', 'Looks squishy, but isn''t!'),
(1517, 'divider_nor1*4', '*ffffff,*ABD0D2', 1, 1, 1, 'NULL', 'SF', 'Urban Iced Corner', 'The missing piece'),
(1518, 'divider_nor1*5', '*ffffff,*EE7EA4', 1, 1, 1, 'NULL', 'SF', 'Pink Ice corner', 'Pink Ice corner'),
(1519, 'divider_nor1*6', '*ffffff,*5EAAF8', 1, 1, 1, 'NULL', 'SF', 'Blue Ice corner', 'Blue Ice corner'),
(1520, 'divider_nor1*7', '*ffffff,*7CB135', 1, 1, 1, 'NULL', 'SF', 'Rural Iced Corner', 'The missing piece'),
(1521, 'divider_nor1*8', '*ffffff,*FFD837', 1, 1, 1, 'NULL', 'SF', 'Yellow Ice corner', 'Yellow Ice corner'),
(1522, 'divider_nor1*9', '*ffffff,*E14218', 1, 1, 1, 'NULL', 'SF', 'Red Ice corner', 'Red Ice corner'),
(1523, 'soft_sofa_norja*2', '*ffffff,*525252,*ffffff,*525252,*525252,*525252', 2, 1, 1, 'NULL', 'SFC', 'Black Iced Sofa', 'Black Iced Sofa'),
(1524, 'soft_sofa_norja*3', '*ffffff,*ffffff,*ffffff,*ffffff,*ffffff,*ffffff', 2, 1, 1, 'NULL', 'SFC', 'White Iced Sofa', 'Pristine white, keep it clean!'),
(1525, 'soft_sofa_norja*4', '*ffffff,*ABD0D2,*ffffff,*ABD0D2,*ABD0D2,*ABD0D2', 2, 1, 1, 'NULL', 'SFC', 'Urban Iced Sofa', 'Sit back and relax'),
(1526, 'soft_sofa_norja*5', '*ffffff,*EE7EA4,*ffffff,*EE7EA4,*EE7EA4,*EE7EA4', 2, 1, 1, 'NULL', 'SFC', 'Pink Iced Sofa', 'Pink Iced Sofa'),
(1527, 'soft_sofa_norja*6', '*ffffff,*5EAAF8,*ffffff,*5EAAF8,*5EAAF8,*5EAAF8', 2, 1, 1, 'NULL', 'SFC', 'Blue Iced Sofa', 'Blue Iced Sofa'),
(1528, 'soft_sofa_norja*7', '*ffffff,*7CB135,*ffffff,*7CB135,*7CB135,*7CB135', 2, 1, 1, 'NULL', 'SFC', 'Rural Iced Sofa', 'Sit back and relax'),
(1529, 'soft_sofa_norja*8', '*ffffff,*FFD837,*ffffff,*FFD837,*FFD837,*FFD837', 2, 1, 1, 'NULL', 'SFC', 'Yellow Iced Sofa', 'Yellow Iced Sofa'),
(1530, 'soft_sofa_norja*9', '*ffffff,*E14218,*ffffff,*E14218,*E14218,*E14218', 2, 1, 1, 'NULL', 'SFC', 'Red Iced Sofa', 'Red Iced Sofa'),
(1531, 'soft_sofachair_norja*2', '*ffffff,*525252,*525252', 1, 1, 1, 'NULL', 'SFC', 'Black Iced Sofachair', 'Black Iced Sofachair'),
(1532, 'soft_sofachair_norja*3', '*ffffff,*ffffff,*ffffff', 1, 1, 1, 'NULL', 'SFC', 'White Iced Sofachair', 'Soft Iced sofachair'),
(1533, 'soft_sofachair_norja*4', '*ffffff,*ABD0D2,*ABD0D2', 1, 1, 1, 'NULL', 'SFC', 'Urban Iced Sofachair', 'Sit back and relax'),
(1534, 'soft_sofachair_norja*5', '*ffffff,*EE7EA4,*EE7EA4', 1, 1, 1, 'NULL', 'SFC', 'Pink Iced Sofachair', 'Pink Iced Sofachair'),
(1535, 'soft_sofachair_norja*6', '*ffffff,*5EAAF8,*5EAAF8', 1, 1, 1, 'NULL', 'SFC', 'Blue Iced Sofachair', 'Blue Iced Sofachair'),
(1536, 'soft_sofachair_norja*7', '*ffffff,*7CB135,*7CB135', 1, 1, 1, 'NULL', 'SFC', 'Rural Iced Sofachair', 'Sit back and relax'),
(1537, 'soft_sofachair_norja*8', '*ffffff,*FFD837,*FFD837', 1, 1, 1, 'NULL', 'SFC', 'Yellow Iced Sofachair', 'Yellow Iced Sofachair'),
(1538, 'soft_sofachair_norja*9', '*ffffff,*E14218,*E14218', 1, 1, 1, 'NULL', 'SFC', 'Red Iced Sofachair', 'Red Iced Sofachair'),
(1539, 'sofachair_silo*2', '*ffffff,*ffffff,*525252,*525252', 1, 1, 1, 'NULL', 'SFC', 'Black Armchair', 'Large, but worth it'),
(1540, 'sofachair_silo*3', '*ffffff,*ffffff,*ffffff,*ffffff', 1, 1, 1, 'NULL', 'SFC', 'White Armchair', 'Large, but worth it'),
(1541, 'sofachair_silo*4', '*ffffff,*ffffff,*F7EBBC,*F7EBBC', 1, 1, 1, 'NULL', 'SFC', 'Beige Area Armchair', 'Beige Area Armchair'),
(1542, 'sofachair_silo*5', '*ffffff,*ffffff,*EE7EA4,*EE7EA4', 1, 1, 1, 'NULL', 'SFC', 'Pink Area Armchair', 'Pink Area Armchair'),
(1543, 'sofachair_silo*6', '*ffffff,*ffffff,*5EAAF8,*5EAAF8', 1, 1, 1, 'NULL', 'SFC', 'Blue Area Armchair', 'Sit back and relax!'),
(1544, 'sofachair_silo*7', '*ffffff,*ffffff,*7CB135,*7CB135', 1, 1, 1, 'NULL', 'SFC', 'Green Area Armchair', 'Sit back and relax!'),
(1545, 'sofachair_silo*8', '*ffffff,*ffffff,*FFD837,*FFD837', 1, 1, 1, 'NULL', 'SFC', 'Yellow Armchair', 'Large, but worth it'),
(1546, 'sofachair_silo*9', '*ffffff,*ffffff,*E14218,*E14218', 1, 1, 1, 'NULL', 'SFC', 'Red Area Armchair', 'Red Area Armchair'),
(1547, 'table_silo_small*2', '*ffffff,*525252', 1, 1, 2, 'NULL', 'SFH', 'Black Occasional Table', 'For those random moments'),
(1548, 'table_silo_small*3', '*ffffff,*ffffff', 1, 1, 2, 'NULL', 'SFH', 'White Occasional Table', 'For those random moments'),
(1549, 'table_silo_small*4', '*ffffff,*F7EBBC', 1, 1, 2, 'NULL', 'SFH', 'Beige Area Occasional Table', 'Beige Area Occasional Table'),
(1550, 'table_silo_small*5', '*ffffff,*EE7EA4', 1, 1, 2, 'NULL', 'SFH', 'Pink Area Occasional Table', 'Pink Area Occasional Table'),
(1551, 'table_silo_small*6', '*ffffff,*5EAAF8', 1, 1, 2, 'NULL', 'SFH', 'Blue Area Occasional Table', 'Small and elegant'),
(1552, 'table_silo_small*7', '*ffffff,*7CB135', 1, 1, 2, 'NULL', 'SFH', 'Green Area Occasional Table', 'Small and elegant'),
(1553, 'table_silo_small*8', '*ffffff,*FFD837', 1, 1, 2, 'NULL', 'SFH', 'Yellow Occasional Table', 'For those random moments'),
(1554, 'table_silo_small*9', '*ffffff,*E14218', 1, 1, 2, 'NULL', 'SFH', 'Red Area Occasional Table', 'Red Area Occasional Table'),
(1555, 'divider_silo1*2', '*ffffff,*525252', 1, 1, 2, 'NULL', 'SFH', 'Black Corner Shelf', 'Neat and natty'),
(1556, 'divider_silo1*3', '*ffffff,*ffffff', 1, 1, 2, 'NULL', 'SFH', 'White Corner Shelf', 'Neat and natty'),
(1557, 'divider_silo1*4', '*ffffff,*F7EBBC', 1, 1, 2, 'NULL', 'SFH', 'Beige Area Corner Shelf', 'Beige Area Corner Shelf'),
(1558, 'divider_silo1*5', '*ffffff,*EE7EA4', 1, 1, 2, 'NULL', 'SFH', 'Pink Area Corner Shelf', 'Pink Area Corner Shelf'),
(1559, 'divider_silo1*6', '*ffffff,*5EAAF8', 1, 1, 2, 'NULL', 'SFH', 'Blue Area Corner Shelf', 'Tuck it away!'),
(1560, 'divider_silo1*7', '*ffffff,*7CB135', 1, 1, 2, 'NULL', 'SFH', 'Green Area Corner Shelf', 'Tuck it away!'),
(1561, 'divider_silo1*8', '*ffffff,*FFD837', 1, 1, 2, 'NULL', 'SFH', 'Yellow Corner Shelf', 'Neat and natty'),
(1562, 'divider_silo1*9', '*ffffff,*E14218', 1, 1, 2, 'NULL', 'SFH', 'Red Area Small Table', 'Red Area Small Table'),
(1563, 'divider_silo3*2', '*ffffff,*ffffff,*ffffff,*525252', 1, 1, 1, 'STATUS', 'SFGDQ', 'Black Area Gate', 'Form following function'),
(1564, 'divider_silo3*3', '*ffffff,*ffffff,*ffffff,*ffffff', 1, 1, 1, 'STATUS', 'SFGDQ', 'White Area Gate', 'Form following function'),
(1565, 'divider_silo3*4', '*ffffff,*ffffff,*ffffff,*F7EBBC', 1, 1, 1, 'STATUS', 'SFGDQ', 'Beige Area Gate', 'Beige Area Gate'),
(1566, 'divider_silo3*5', '*ffffff,*ffffff,*ffffff,*EE7EA4', 1, 1, 1, 'STATUS', 'SFGDQ', 'Pink Area Gate', 'Pink Area Gate'),
(1567, 'divider_silo3*6', '*ffffff,*ffffff,*ffffff,*5EAAF8', 1, 1, 1, 'STATUS', 'SFGDQ', 'Blue Area Gate', 'Door (lockable)'),
(1568, 'divider_silo3*7', '*ffffff,*ffffff,*ffffff,*7CB135', 1, 1, 1, 'STATUS', 'SFGDQ', 'Green Area Gate', 'Door (lockable)'),
(1569, 'divider_silo3*8', '*ffffff,*ffffff,*ffffff,*FFD837', 1, 1, 1, 'STATUS', 'SFGDQ', 'Yellow Area Gate', 'Form following function'),
(1570, 'divider_silo3*9', '*ffffff,*ffffff,*ffffff,*E14218', 1, 1, 1, 'STATUS', 'SFGDQ', 'Red Area Gate', 'Red Area Gate'),
(1571, 'table_silo_med*2', '*ffffff,*525252', 2, 2, 2, 'NULL', 'SFH', 'Black Coffee Table', 'Wipe clean and unobtrusive'),
(1572, 'table_silo_med*3', '*ffffff,*ffffff', 2, 2, 2, 'NULL', 'SFH', 'White Coffee Table', 'Wipe clean and unobtrusive'),
(1573, 'table_silo_med*4', '*ffffff,*F7EBBC', 2, 2, 2, 'NULL', 'SFH', 'Beige Area Coffee Table', 'Beige Area Coffee Table'),
(1574, 'table_silo_med*5', '*ffffff,*EE7EA4', 2, 2, 2, 'NULL', 'SFH', 'Pink Area Coffee Table', 'Pink Area Coffee Table'),
(1575, 'table_silo_med*6', '*ffffff,*5EAAF8', 2, 2, 2, 'NULL', 'SFH', 'Blue Area Coffee Table', 'Gather everyone round'),
(1576, 'table_silo_med*7', '*ffffff,*7CB135', 2, 2, 2, 'NULL', 'SFH', 'Green Area Coffee Table', 'Gather everyone round'),
(1577, 'table_silo_med*8', '*ffffff,*FFD837', 2, 2, 2, 'NULL', 'SFH', 'Yellow Coffee Table', 'Wipe clean and unobtrusive'),
(1578, 'table_silo_med*9', '*ffffff,*E14218', 2, 2, 2, 'NULL', 'SFH', 'Red Area Coffee Table', 'Red Area Coffee Table'),
(1579, 'sofa_silo*2', '*ffffff,*ffffff,*ffffff,*ffffff,*525252,*525252,*525252,*525252', 2, 1, 1, 'NULL', 'SFC', 'Black Two-Seater Sofa', 'Cushioned, understated comfort'),
(1580, 'sofa_silo*3', '*ffffff,*ffffff,*ffffff,*ffffff,*ffffff,*ffffff,*ffffff,*ffffff', 2, 1, 1, 'NULL', 'SFC', 'White Two-Seater Sofa', 'Cushioned, understated comfort'),
(1581, 'sofa_silo*4', '*ffffff,*ffffff,*ffffff,*ffffff,*F7EBBC,*F7EBBC,*F7EBBC,*F7EBBC', 2, 1, 1, 'NULL', 'SFC', 'Beige Area Sofa', 'Beige Area Sofa'),
(1582, 'sofa_silo*5', '*ffffff,*ffffff,*ffffff,*ffffff,*EE7EA4,*EE7EA4,*EE7EA4,*EE7EA4', 2, 1, 1, 'NULL', 'SFC', 'Pink Area Sofa', 'Pink Area Sofa'),
(1583, 'sofa_silo*6', '*ffffff,*ffffff,*ffffff,*ffffff,*5EAAF8,*5EAAF8,*5EAAF8,*5EAAF8', 2, 1, 1, 'NULL', 'SFC', 'Blue Area Sofa', 'Put your feet up!'),
(1584, 'sofa_silo*7', '*ffffff,*ffffff,*ffffff,*ffffff,*7CB135,*7CB135,*7CB135,*7CB135', 2, 1, 1, 'NULL', 'SFC', 'Green Area Sofa', 'Put your feet up!'),
(1585, 'sofa_silo*8', '*ffffff,*ffffff,*ffffff,*ffffff,*FFD837,*FFD837,*FFD837,*FFD837', 2, 1, 1, 'NULL', 'SFC', 'Yellow Two-Seater Sofa', 'Cushioned, understated comfort'),
(1586, 'sofa_silo*9', '*ffffff,*ffffff,*ffffff,*ffffff,*E14218,*E14218,*E14218,*E14218', 2, 1, 1, 'NULL', 'SFC', 'Red Area Sofa', 'Red Area Sofa'),
(1587, 'sofachair_polyfon*2', '*ffffff,*ffffff,*525252,*525252', 1, 1, 1, 'NULL', 'SFC', 'Black Mode Armchair', 'Black Mode Armchair'),
(1588, 'sofachair_polyfon*3', '*ffffff,*ffffff,*ffffff,*ffffff', 1, 1, 1, 'NULL', 'SFC', 'White Armchair', 'Loft-style comfort'),
(1589, 'sofachair_polyfon*4', '*ffffff,*ffffff,*F7EBBC,*F7EBBC', 1, 1, 1, 'NULL', 'SFC', 'Beige Mode Armchair', 'Beige Mode Armchair'),
(1590, 'sofachair_polyfon*6', '*ffffff,*ffffff,*5EAAF8,*5EAAF8', 1, 1, 1, 'NULL', 'SFC', 'Blue Mode Armchair', 'Blue Mode Armchair'),
(1591, 'sofachair_polyfon*7', '*ffffff,*ffffff,*7CB135,*7CB135', 1, 1, 1, 'NULL', 'SFC', 'Green Mode Armchair', 'Green Mode Armchair'),
(1592, 'sofachair_polyfon*8', '*ffffff,*ffffff,*FFD837,*FFD837', 1, 1, 1, 'NULL', 'SFC', 'Yellow Mode Armchair', 'Yellow Mode Armchair'),
(1593, 'sofachair_polyfon*9', '*ffffff,*ffffff,*E14218,*E14218', 1, 1, 1, 'NULL', 'SFC', 'Red Armchair', 'Loft-style comfort'),
(1601, 'bed_polyfon*2', '*ffffff,*ffffff,*525252,*525252', 2, 3, 1.5, 'NULL', 'SFB', 'Black Mode Double Bed', 'Black Mode Double Bed'),
(1602, 'bed_polyfon*3', '*ffffff,*ffffff,*ffffff,*ffffff', 2, 3, 1.5, 'NULL', 'SFB', 'White Double Bed', 'Give yourself space to stretch out'),
(1603, 'bed_polyfon*4', '*ffffff,*ffffff,*F7EBBC,*F7EBBC', 2, 3, 1.5, 'NULL', 'SFB', 'Beige Mode Double Bed', 'Beige Mode Double Bed'),
(1604, 'bed_polyfon*6', '*ffffff,*ffffff,*5EAAF8,*5EAAF8', 2, 3, 1.5, 'NULL', 'SFB', 'Blue Mode Double Bed', 'Blue Mode Double Bed'),
(1605, 'bed_polyfon*7', '*ffffff,*ffffff,*7CB135,*7CB135', 2, 3, 1.5, 'NULL', 'SFB', 'Green Mode Double Bed', 'Green Mode Double Bed'),
(1606, 'bed_polyfon*8', '*ffffff,*ffffff,*FFD837,*FFD837', 2, 3, 1.5, 'NULL', 'SFB', 'Yellow Mode Double Bed', 'Yellow Mode Double Bed'),
(1607, 'bed_polyfon*9', '*ffffff,*ffffff,*E14218,*E14218', 2, 3, 1.5, 'NULL', 'SFB', 'Red Double Bed', 'Give yourself space to stretch out'),
(1608, 'bed_polyfon_one*2', '*ffffff,*ffffff,*ffffff,*525252,*525252', 1, 3, 1.5, 'NULL', 'SFB', 'Black Mode Single Bed', 'Black Mode Single Bed'),
(1609, 'bed_polyfon_one*3', '*ffffff,*ffffff,*ffffff,*ffffff,*ffffff', 1, 3, 1.5, 'NULL', 'SFB', 'White Single Bed', 'Cot of the artistic'),
(1610, 'bed_polyfon_one*4', '*ffffff,*ffffff,*ffffff,*F7EBBC,*F7EBBC', 1, 3, 1.5, 'NULL', 'SFB', 'Beige Mode Single Bed', 'Beige Mode Single Bed'),
(1611, 'bed_polyfon_one*6', '*ffffff,*ffffff,*ffffff,*5EAAF8,*5EAAF8', 1, 3, 1.5, 'NULL', 'SFB', 'Blue Mode Single Bed', 'Blue Mode Single Bed'),
(1612, 'bed_polyfon_one*7', '*ffffff,*ffffff,*ffffff,*7CB135,*7CB135', 1, 3, 1.5, 'NULL', 'SFB', 'Green Mode Single Bed', 'Green Mode Single Bed'),
(1613, 'bed_polyfon_one*8', '*ffffff,*ffffff,*ffffff,*FFD837,*FFD837', 1, 3, 1.5, 'NULL', 'SFB', 'Yellow Mode Single Bed', 'Yellow Mode Single Bed'),
(1614, 'bed_polyfon_one*9', '*ffffff,*ffffff,*ffffff,*E14218,*E14218', 1, 3, 1.5, 'NULL', 'SFB', 'Red Single Bed', 'Cot of the artistic'),
(1615, 'bardesk_polyfon*2', '*ffffff,*ffffff,*525252,*525252', 2, 1, 2, 'NULL', 'SFH', 'Black Mode Bardesk', 'Black Mode Bardesk'),
(1616, 'bardesk_polyfon*3', '*ffffff,*ffffff,*ffffff,*ffffff', 2, 1, 2, 'NULL', 'SFH', 'White Bardesk', 'Perfect for work or play'),
(1617, 'bardesk_polyfon*4', '*ffffff,*ffffff,*F7EBBC,*F7EBBC', 2, 1, 2, 'NULL', 'SFH', 'Beige Mode Bardesk', 'Beige Mode Bardesk'),
(1618, 'bardesk_polyfon*5', '*ffffff,*ffffff,*FF9BBD,*FF9BBD', 2, 1, 2, 'NULL', 'SFH', 'Candy Bar', 'For cute constructions'),
(1619, 'bardesk_polyfon*6', '*ffffff,*ffffff,*5EAAF8,*5EAAF8', 2, 1, 2, 'NULL', 'SFH', 'Blue Mode Bardesk', 'Blue Mode Bardesk'),
(1620, 'bardesk_polyfon*7', '*ffffff,*ffffff,*7CB135,*7CB135', 2, 1, 2, 'NULL', 'SFH', 'Green Mode Bardesk', 'Green Mode Bardesk'),
(1621, 'bardesk_polyfon*8', '*ffffff,*ffffff,*FFD837,*FFD837', 2, 1, 2, 'NULL', 'SFH', 'Yellow Mode Bardesk', 'Yellow Mode Bardesk'),
(1622, 'bardesk_polyfon*9', '*ffffff,*ffffff,*E14218,*E14218', 2, 1, 2, 'NULL', 'SFH', 'Red Bardesk', 'Perfect for work or play'),
(1631, 'divider_poly3*2', '*ffffff,*ffffff,*ffffff,*525252,*525252', 1, 1, 1, 'STATUS', 'SFGDQ', 'Black Mode Bardesk Gate', 'Black Mode Bardesk Gate'),
(1632, 'divider_poly3*3', '*ffffff,*ffffff,*ffffff,*ffffff,*ffffff', 1, 1, 1, 'STATUS', 'SFGDQ', 'White Hatch', 'Border control!'),
(1633, 'divider_poly3*4', '*ffffff,*ffffff,*ffffff,*F7EBBC,*F7EBBC', 1, 1, 1, 'STATUS', 'SFGDQ', 'Beige Mode Bardesk Gate', 'Beige Mode Bardesk Gate'),
(1634, 'divider_poly3*5', '*ffffff,*ffffff,*ffffff,*EE7EA4,*EE7EA4', 1, 1, 1, 'STATUS', 'SFGDQ', 'Candy Hatch (Lockable)', 'Keep the Pink in!'),
(1635, 'divider_poly3*6', '*ffffff,*ffffff,*ffffff,*5EAAF8,*5EAAF8', 1, 1, 1, 'STATUS', 'SFGDQ', 'Blue Mode Bardesk Gate', 'Blue Mode Bardesk Gate'),
(1636, 'divider_poly3*7', '*ffffff,*ffffff,*ffffff,*7CB135,*7CB135', 1, 1, 1, 'STATUS', 'SFGDQ', 'Green Mode Bardesk Gate', 'Green Mode Bardesk Gate'),
(1637, 'divider_poly3*8', '*ffffff,*ffffff,*ffffff,*FFD837,*FFD837', 1, 1, 1, 'STATUS', 'SFGDQ', 'Yellow Mode Bardesk Gate', 'Yellow Mode Bardesk Gate'),
(1638, 'divider_poly3*9', '*ffffff,*ffffff,*ffffff,*E14218,*E14218', 1, 1, 1, 'STATUS', 'SFGDQ', 'Red Hatch', 'Border Control!'),
(1639, 'chair_silo*2', '*ffffff,*ffffff,*525252,*525252', 1, 1, 1, 'NULL', 'SFC', 'Black Dining Chair', 'Keep it simple'),
(1640, 'chair_silo*3', '*ffffff,*ffffff,*ffffff,*ffffff', 1, 1, 1, 'NULL', 'SFC', 'White Dining Chair', 'Keep it simple'),
(1641, 'chair_silo*4', '*ffffff,*ffffff,*F7EBBC,*F7EBBC', 1, 1, 1, 'NULL', 'SFC', 'Beige Silo Dining Chair', 'Beige Silo Dining Chair'),
(1642, 'chair_silo*5', '*ffffff,*ffffff,*EE7EA4,*EE7EA4', 1, 1, 1, 'NULL', 'SFC', 'Pink Silo Dining Chair', 'Pink Silo Dining Chair'),
(1643, 'chair_silo*6', '*ffffff,*ffffff,*5EAAF8,*5EAAF8', 1, 1, 1, 'NULL', 'SFC', 'Blue Area Dining Chair', 'Wooden dining chair'),
(1644, 'chair_silo*7', '*ffffff,*ffffff,*7CB135,*7CB135', 1, 1, 1, 'NULL', 'SFC', 'Green Area Dining Chair', 'Wooden dining chair'),
(1645, 'chair_silo*8', '*ffffff,*ffffff,*FFD837,*FFD837', 1, 1, 1, 'NULL', 'SFC', 'Yellow Dining Chair', 'Keep it simple'),
(1646, 'chair_silo*9', '*ffffff,*ffffff,*E14218,*E14218', 1, 1, 1, 'NULL', 'SFC', 'Red Silo Dining Chair', 'Red Silo Dining Chair'),
(1647, 'divider_nor3*2', '*ffffff,*ffffff,*525252,*525252', 1, 1, 1, 'STATUS', 'SFGDQ', 'Black Iced gate', 'Black Iced gate'),
(1648, 'divider_nor3*3', '*ffffff,*ffffff,*ffffff,*ffffff', 1, 1, 1, 'STATUS', 'SFGDQ', 'White Iced Gate', 'Do go through...'),
(1649, 'divider_nor3*4', '*ffffff,*ffffff,*ABD0D2,*ABD0D2', 1, 1, 1, 'STATUS', 'SFGDQ', 'Urban Iced Gate', 'Entrance or exit?'),
(1650, 'divider_nor3*5', '*ffffff,*ffffff,*EE7EA4,*EE7EA4', 1, 1, 1, 'STATUS', 'SFGDQ', 'Pink Iced gate', 'Pink Iced gate'),
(1651, 'divider_nor3*6', '*ffffff,*ffffff,*5EAAF8,*5EAAF8', 1, 1, 1, 'STATUS', 'SFGDQ', 'Blue Iced gate', 'Blue Iced gate'),
(1652, 'divider_nor3*7', '*ffffff,*ffffff,*7CB135,*7CB135', 1, 1, 1, 'STATUS', 'SFGDQ', 'Rural Iced gate', 'Entrance or exit?'),
(1653, 'divider_nor3*8', '*ffffff,*ffffff,*FFD837,*FFD837', 1, 1, 1, 'STATUS', 'SFGDQ', 'Yellow Iced gate', 'Yellow Iced gate'),
(1654, 'divider_nor3*9', '*ffffff,*ffffff,*E14218,*E14218', 1, 1, 1, 'STATUS', 'SFGDQ', 'Red Iced gate', 'Red Iced gate'),
(1655, 'divider_nor2*2', '*ffffff,*ffffff,*525252,*525252', 2, 1, 1, 'NULL', 'SF', 'Black Iced bar desk', 'Black Iced bar desk'),
(1656, 'divider_nor2*3', '*ffffff,*ffffff,*ffffff,*ffffff', 2, 1, 1, 'NULL', 'SF', 'White Iced Bar-Desk', 'Strong, yet soft looking'),
(1657, 'divider_nor2*4', '*ffffff,*ffffff,*ABD0D2,*ABD0D2', 2, 1, 1, 'NULL', 'SF', 'Urban Iced Bar', 'No way through'),
(1658, 'divider_nor2*5', '*ffffff,*ffffff,*EE7EA4,*EE7EA4', 2, 1, 1, 'NULL', 'SF', 'Pink Iced bar desk', 'Pink Iced bar desk'),
(1659, 'divider_nor2*6', '*ffffff,*ffffff,*5EAAF8,*5EAAF8', 2, 1, 1, 'NULL', 'SF', 'Blue Iced  bar desk', 'Blue Iced  bar desk'),
(1660, 'divider_nor2*7', '*ffffff,*ffffff,*7CB135,*7CB135', 2, 1, 1, 'NULL', 'SF', 'Rural Iced Bar', 'No way through'),
(1661, 'divider_nor2*8', '*ffffff,*ffffff,*FFD837,*FFD837', 2, 1, 1, 'NULL', 'SF', 'Yellow Iced  bar desk', 'Yellow Iced  bar desk'),
(1662, 'divider_nor2*9', '*ffffff,*ffffff,*E14218,*E14218', 2, 1, 1, 'NULL', 'SF', 'Red Iced  bar desk', 'Red Iced  bar desk'),
(1663, 'silo_studydesk', '0,0,0', 2, 1, 1, 'SWITCHON', 'SF', 'Area Quest Desk', 'For the true Habbo Scholars'),
(1709, 'barchair_silo*2', '*ffffff,*525252', 1, 1, 1, 'NULL', 'SFC', 'Black Bar Stool', 'Practical and convenient'),
(1710, 'barchair_silo*3', '*ffffff,*ffffff', 1, 1, 1, 'NULL', 'SFC', 'White Bar Stool', 'Practical and convenient'),
(1711, 'barchair_silo*4', '*ffffff,*F7EBBC', 1, 1, 1, 'NULL', 'SFC', 'Beige Bar Stool', 'Practical and convenient'),
(1712, 'barchair_silo*5', '*ffffff,*ee7ea4', 1, 1, 1, 'NULL', 'SFC', 'Pink Bar Stool', 'Practical and convenient'),
(1713, 'barchair_silo*6', '*ffffff,*5eaaf8', 1, 1, 1, 'NULL', 'SFC', 'Blue Bar Stool', 'Take a perch!'),
(1714, 'barchair_silo*7', '*ffffff,*7cb135', 1, 1, 1, 'NULL', 'SFC', 'Green Bar Stool', 'Take a perch!'),
(1715, 'barchair_silo*8', '*ffffff,*ffd837', 1, 1, 1, 'NULL', 'SFC', 'Yellow Bar Stool', 'Practical and convenient'),
(1716, 'barchair_silo*9', '*ffffff,*e14218', 1, 1, 1, 'NULL', 'SFC', 'Red Bar Stool', 'Practical and convenient'),
(1717, 'safe_silo*2', '*ffffff,*525252,*525252,*ffffff', 1, 1, 1, 'DOOROPEN', 'SF', 'Black Safe Minibar', 'Totally shatter-proof!'),
(1718, 'safe_silo*3', '*ffffff,*bfbfbf,*bfbfbf,*ffffff', 1, 1, 1, 'DOOROPEN', 'SF', 'White Safe Minibar', 'Totally shatter-proof!'),
(1719, 'safe_silo*4', '*ffffff,*f7ebbc,*f7ebbc,*ffffff', 1, 1, 1, 'DOOROPEN', 'SF', 'Beige Safe Minibar', 'Totally shatter-proof!'),
(1720, 'safe_silo*5', '*ffffff,*ee7ea4,*ee7ea4,*ffffff', 1, 1, 1, 'DOOROPEN', 'SF', 'Pink Safe Minibar', 'Totally shatter-proof!'),
(1721, 'safe_silo*6', '*ffffff,*5eaaf8,*5eaaf8,*ffffff', 1, 1, 1, 'DOOROPEN', 'SF', 'Blue Safe Minibar', 'Totally shatter-proof!'),
(1722, 'safe_silo*7', '*ffffff,*7cb135,*7cb135,*ffffff', 1, 1, 1, 'DOOROPEN', 'SF', 'Green Safe Minibar', 'Totally shatter-proof!'),
(1723, 'safe_silo*8', '*ffffff,*ffd837,*ffd837,*ffffff', 1, 1, 1, 'DOOROPEN', 'SF', 'Yellow Safe Minibar', 'Totally shatter-proof!'),
(1724, 'safe_silo*9', '*ffffff,*e14218,*e14218,*ffffff', 1, 1, 1, 'DOOROPEN', 'SF', 'Red Safe Minibar', 'Totally shatter-proof!'),
(1801, 'val_cauldron', '0,0,0', 1, 1, 1, 'NULL', 'SF', 'Valentine''s Cauldron', 'Cast a loving spell!'),
(1818, 'rare_parasol', '*ffffff,*9eff1c,*ffffff,*ffffff,*ffffff', 1, 1, 1, 'SWITCHON', 'SF', 'Parasol', 'Zon! Zon! Zon!');
INSERT INTO `items_definitions` (`id`, `sprite`, `color`, `length`, `width`, `height`, `dataclass`, `behaviour`, `name`, `description`) VALUES
(1819, 'plant_valentinerose*3', '*FFFFFF,*FFE61E,*FFFFFF,*FFFFFF', 1, 1, 1, 'NULL', 'SF', 'Yellow Valentine Rose', 'Relight your passions'),
(1820, 'plant_valentinerose*5', '*FFFFFF,*C828FF,*FFFFFF,*FFFFFF', 1, 1, 1, 'NULL', 'SF', 'Purple Valentine Rose', 'For that special pixel'),
(1821, 'plant_valentinerose*2', '*FFFFFF,*FFFFFF,*FFFFFF,*FFFFFF', 1, 1, 1, 'NULL', 'SF', 'White Valentine Rose', 'Your secret love'),
(1822, 'plant_valentinerose*4', '*FFFFFF,*FF78C8,*FFFFFF,*FFFFFF', 1, 1, 1, 'NULL', 'SF', 'Pink Valentine''s Rose', 'Be mine!'),
(1823, 'plant_valentinerose*1', '*FFFFFF,*FF1E1E,*FFFFFF,*FFFFFF', 1, 1, 1, 'NULL', 'SF', 'Red Valentine''s Rose', 'Secret admirer!'),
(1839, 'theatre_seat', '*FFFFFF,*FFFFFF', 1, 1, 1, 'NULL', 'SFC', 'Deluxe Theatre Chair', 'For Lazy boys and girls!'),
(1875, 'rom_lamp', '0,0,0', 1, 1, 2, 'SWITCHON', 'SF', 'Crystal Lamp', 'Light up your life'),
(1876, 'rclr_sofa', '0,0,0', 2, 1, 1, 'NULL', 'SFC', 'Polar Sofa', 'Snuggle up together'),
(1877, 'rclr_garden', '0,0,0', 1, 3, 1, 'SWITCHON', 'SF', 'Water Garden', 'Self watering'),
(1878, 'rclr_chair', '0,0,0', 1, 1, 1, 'NULL', 'SFC', 'Palm Chair', 'Watch out for coconuts'),
(504, 'poolLift', '', 1, 1, 0, 'NULL', 'EM', 'Diving lift trigger', 'Unknown description'),
(1956, 'bed_budget*1', '*FFFFFF,*FFFFFF,*FFFFFF,*ABD0D2,*ABD0D2,*ABD0D2', 2, 3, 1.5, 'NULL', 'SFB', 'Aqua Pura Double Bed', 'King sized comfort!'),
(1957, 'bed_budget*2', '*FFFFFF,*FFFFFF,*FFFFFF,*FF99BC,*FF99BC,*FF99BC', 2, 3, 1.5, 'NULL', 'SFB', 'Pink Pura Double Bed', 'Queen sized comfort!'),
(1958, 'bed_budget*3', '*FFFFFF,*FFFFFF,*FFFFFF,*525252,*525252,*525252', 2, 3, 1.5, 'NULL', 'SFB', 'Black Pura Double Bed', 'King sized comfort!'),
(1959, 'bed_budget*4', '*FFFFFF,*FFFFFF,*FFFFFF,*FFFFFF,*FFFFFF,*FFFFFF', 2, 3, 1.5, 'NULL', 'SFB', 'White Pura Double Bed', 'King sized comfort!'),
(1960, 'bed_budget*5', '*FFFFFF,*FFFFFF,*FFFFFF,*F7EBBC,*F7EBBC,*F7EBBC', 2, 3, 1.5, 'NULL', 'SFB', 'Beige Pura Double Bed', 'King sized comfort!'),
(1961, 'bed_budget*6', '*FFFFFF,*FFFFFF,*FFFFFF,*5EAAF8,*5EAAF8,*5EAAF8', 2, 3, 1.5, 'NULL', 'SFB', 'Blue Pura Double Bed', 'King sized comfort!'),
(1962, 'bed_budget*7', '*FFFFFF,*FFFFFF,*FFFFFF,*92D13D,*92D13D,*92D13D', 2, 3, 1.5, 'NULL', 'SFB', 'Green Pura Double Bed', 'King sized comfort!'),
(1963, 'bed_budget*8', '*FFFFFF,*FFFFFF,*FFFFFF,*FFD837,*FFD837,*FFD837', 2, 3, 1.5, 'NULL', 'SFB', 'Yellow Pura Double Bed', 'King sized comfort!'),
(1964, 'bed_budget*9', '*FFFFFF,*FFFFFF,*FFFFFF,*E14218,*E14218,*E14218', 2, 3, 1.5, 'NULL', 'SFB', 'Red Pura Double Bed', 'King sized comfort!'),
(1965, 'bed_budget_one*1', '*FFFFFF,*FFFFFF,*FFFFFF,*ABD0D2,*ABD0D2,*ABD0D2', 1, 3, 1.5, 'NULL', 'SFB', 'Aqua Pura Bed', 'Prince sized comfort!'),
(1966, 'bed_budget_one*2', '*FFFFFF,*FFFFFF,*FFFFFF,*FF99BC,*FF99BC,*FF99BC', 1, 3, 1.5, 'NULL', 'SFB', 'Pink Pura Bed', 'Princess sized comfort!'),
(1967, 'bed_budget_one*3', '*FFFFFF,*FFFFFF,*FFFFFF,*525252,*525252,*525252', 1, 3, 1.5, 'NULL', 'SFB', 'Black Pura Bed', 'Prince sized comfort!'),
(1968, 'bed_budget_one*4', '*FFFFFF,*FFFFFF,*FFFFFF,*FFFFFF,*FFFFFF,*FFFFFF', 1, 3, 1.5, 'NULL', 'SFB', 'White Pura Bed', 'Prince sized comfort!'),
(1969, 'bed_budget_one*5', '*FFFFFF,*FFFFFF,*FFFFFF,*F7EBBC,*F7EBBC,*F7EBBC', 1, 3, 1.5, 'NULL', 'SFB', 'Beige Pura Bed', 'Prince sized comfort!'),
(1970, 'bed_budget_one*6', '*FFFFFF,*FFFFFF,*FFFFFF,*5EAAF8,*5EAAF8,*5EAAF8', 1, 3, 1.5, 'NULL', 'SFB', 'Blue Pura Bed', 'Prince sized comfort!'),
(1971, 'bed_budget_one*7', '*FFFFFF,*FFFFFF,*FFFFFF,*92D13D,*92D13D,*92D13D', 1, 3, 1.5, 'NULL', 'SFB', 'Green Pura Bed', 'Prince sized comfort!'),
(1972, 'bed_budget_one*8', '*FFFFFF,*FFFFFF,*FFFFFF,*FFD837,*FFD837,*FFD837', 1, 3, 1.5, 'NULL', 'SFB', 'Yellow Pura Bed', 'Prince sized comfort!'),
(1973, 'bed_budget_one*9', '*FFFFFF,*FFFFFF,*FFFFFF,*E14218,*E14218,*E14218', 1, 3, 1.5, 'NULL', 'SFB', 'Red Pura Bed', 'Prince sized comfort!'),
(1237, 'bardeskcorner_polyfon*12', '*ffffff,*ffffff,*ffffff', 1, 1, 2, 'NULL', 'SFH', 'Corner Cabinet-Desk', 'Tuck it away'),
(2049, 'tree7', '0,0,0', 1, 1, 2, 'SWITCHON', 'SF', 'Snowy Christmas Tree', 'Walking in a winter wonderland!'),
(2056, 'christmas_sleigh', '0,0,0', 2, 2, 1, 'NULL', 'SFC', 'Winter Sleigh', 'Ready for your Xmas cheer'),
(2057, 'christmas_reindeer', '0,0,0', 1, 2, 1, 'SWITCHON', 'SF', 'Reindeer', 'Prancer becomes Rudolph in a click!'),
(2110, 'val_choco', '0,0,0', 1, 1, 0.4, 'SWITCHON', 'SFH', 'Heart Shaped Box', 'One for them. Two for me!'),
(1004, 'table_polyfon_small', '0,0,0', 2, 2, 2, 'NULL', 'SFH', 'Small Coffee Table', 'For serving a stylish latte'),
(1681, 'safe_silo', '*ffffff,*ABD0D2,*ABD0D2,*ffffff', 1, 1, 1, 'DOOROPEN', 'SF', 'Safe Minibar', 'Totally shatter-proof!'),
(2360, 'post.it', '', 0, 0, 0, 'NULL', 'IWGJ', 'Pad of stickies', 'Stick ''em up her piehole!'),
(2361, 'post.it.vd', '', 0, 0, 0, 'NULL', 'IWGJ', 'Unknown name', 'Unknown description'),
(2362, 'photo', '', 0, 0, 0, 'NULL', 'IWN', 'Photo', 'Photo from Habbo'),
(2363, 'chessboard_silo', '0,0,0', 2, 2, 0, 'NULL', 'SF', 'Unknown name', 'Unknown description'),
(2373, 'torch', '0,0,0', 1, 1, 0, 'SWITCHON', 'SF', 'Unknown name', 'Unknown description'),
(2375, 'wallmirror', '0,0,0', 1, 1, 0, 'NULL', 'SF', 'Unknown name', 'Unknown description'),
(2377, 'habw_mirror', '0,0,0', 1, 1, 0, 'SWITCHON', 'SF', 'Unknown name', 'Unknown description'),
(1465, 'barchair_silo', '*ffffff,*ABD0D2', 1, 1, 1, 'NULL', 'SFC', 'Bar Stool', 'Practical and convenient'),
(2603, 'chair_plasty*3', '*ffffff,*ff2200,*ffffff,*ff2200', 1, 1, 1, 'NULL', 'SFC', 'Plastic Pod Chair', 'Hip plastic furniture'),
(1019, 'sofachair_polyfon', '0,0,0', 1, 1, 1, 'NULL', 'SFC', 'Armchair', 'Loft-style comfort'),
(1021, 'sofachair_silo', '*ffffff,*ffffff,*ABD0D2,*ABD0D2', 1, 1, 1, 'NULL', 'SFC', 'Armchair', 'Large, but worth it'),
(1031, 'table_silo_small', '*ffffff,*ABD0D2', 1, 1, 2, 'NULL', 'SFH', 'Occasional Table', 'For those random moments'),
(1854, 'habbowood_chair', '0,0,0', 1, 1, 1, 'NULL', 'SFC', 'Director''s Chair', 'Exclusively for Directors'),
(1117, 'bartable_armas', '0,0,0', 1, 3, 2, 'NULL', 'SFH', 'Bardesk', 'Bar-Style Table - essential for extra guests'),
(1118, 'bar_chair_armas', '0,0,0', 1, 1, 1, 'NULL', 'SFC', 'Barrel Stool', 'The ultimate recycled furniture'),
(1015, 'chair_norja', '0,0,0', 1, 1, 1, 'NULL', 'SFC', 'Chair', 'Sleek and chic for each cheek'),
(2609, 'chair_plasty*9', '*ffffff,*533e10,*ffffff,*533e10', 1, 1, 1, 'NULL', 'SFC', 'Plastic Pod Chair', 'Hip plastic furniture'),
(1185, 'deadduck2', '0,0,0', 1, 1, 0, 'NULL', 'SF', 'Dead Duck 2', 'Someone forgot to feed me...'),
(1186, 'deadduck3', '0,0,0', 1, 1, 0, 'NULL', 'SF', 'Dead Duck 3', 'With added ectoplasm'),
(1275, 'djesko_turntable', '0,0,0', 1, 1, 2, 'NULL', 'SFH', 'Elxu''s Turntable', 'DJ Esko is a fag!'),
(1159, 'duck', '0,0,0', 1, 1, 0, 'NULL', 'SF', 'Rubber Duck', 'Every bather needs one'),
(1209, 'easterduck', '0,0,0', 1, 1, 0, 'NULL', 'SF', 'Wannabe bunny', 'Can you tell what it is yet?'),
(1039, 'small_chair_armas', '0,0,0', 1, 1, 1, 'NULL', 'SFC', 'Stool', 'Rustic charm at it''s best'),
(1135, 'smooth_table_polyfon', '0,0,0', 2, 2, 2, 'NULL', 'SFH', 'Large Dining Table', 'For larger gatherings'),
(1174, 'soft_sofachair_norja', '0,0,0', 1, 1, 1, 'NULL', 'SFC', 'Iced Sofachair', 'Soft iced sofachair'),
(1037, 'table_armas', '0,0,0', 2, 2, 2, 'NULL', 'SFH', 'Dining Table', 'For informal dining'),
(2598, 'table_plasto_4leg*15', '*ffffff,*FF97BA', 2, 2, 2, 'NULL', 'SFH', 'Occasional Table', 'Hip plastic furniture'),
(2591, 'table_plasto_4leg*9', '*ffffff,*533e10', 2, 2, 2, 'NULL', 'SFH', 'Occasional Table', 'Hip plastic furniture'),
(2578, 'table_plasto_bigsquare*7', '*ffffff,*ff6d00', 2, 2, 2, 'NULL', 'SFH', 'Square Dining Table', 'Hip plastic furniture'),
(1134, 'table_polyfon', '0,0,0', 2, 2, 2, 'NULL', 'SFH', 'Large Coffee Table', 'For larger gatherings'),
(1016, 'table_polyfon_med', '0,0,0', 2, 2, 2, 'NULL', 'SFH', 'Large Coffee Table', 'For larger gatherings'),
(1007, 'table_silo_med', '*ffffff,*ABD0D2', 2, 2, 0.1, 'NULL', 'SFH', 'Coffee Table', 'Wipe clean and unobtrusive'),
(1202, 'valeduck', '0,0,0', 1, 1, 0, 'NULL', 'SF', 'Valentine''s Duck', 'He''s lovestruck'),
(1191, 'xmasduck', '0,0,0', 1, 1, 0, 'NULL', 'SF', 'Christmas Rubber Duck', 'A right Christmas quacker!'),
(1038, 'small_table_armas', '0,0,0', 1, 1, 2, 'NULL', 'SFH', 'Occasional Table', 'Practical and beautiful'),
(1166, 'present_gen1', '0,0,0', 1, 1, 2, 'CUSTOM_VARIABLE', 'SFH', 'Gift', 'What''s inside?'),
(1167, 'present_gen2', '0,0,0', 1, 1, 2, 'CUSTOM_VARIABLE', 'SFH', 'Gift', 'What''s inside?'),
(1626, 'bardeskcorner_polyfon*5', '*ffffff,*FF9BBD', 1, 1, 2, 'NULL', 'SFH', 'Candy Corner', 'For sweet corners!'),
(1627, 'bardeskcorner_polyfon*6', '*ffffff,*5EAAF8', 1, 1, 2, 'NULL', 'SFH', 'Blue Mode Bardesk Corner', 'Blue Mode Bardesk Corner'),
(1628, 'bardeskcorner_polyfon*7', '*ffffff,*7CB135', 1, 1, 2, 'NULL', 'SFH', 'Green Mode Bardesk Corner', 'Green Mode Bardesk Corner'),
(1629, 'bardeskcorner_polyfon*8', '*ffffff,*FFD837', 1, 1, 2, 'NULL', 'SFH', 'Yellow Mode Bardesk Corner', 'Yellow Mode Bardesk Corner'),
(1630, 'bardeskcorner_polyfon*9', '*ffffff,*E14218', 1, 1, 2, 'NULL', 'SFH', 'Red Corner Desk', 'Tuck it away'),
(1225, 'divider_silo2', '0,0,0', 2, 1, 2, 'NULL', 'SFH', 'Screen', 'Stylish sectioning'),
(1594, 'sofa_polyfon*2', '0,0,0', 2, 1, 1, 'NULL', 'SFC', 'Mode Sofa', 'Comfort for stylish couples'),
(1595, 'sofa_polyfon*3', '*ffffff,*ffffff,*ffffff,*ffffff,*ffffff,*ffffff,*ffffff,*ffffff', 2, 1, 1, 'NULL', 'SFC', 'White Two-seater Sofa', 'Comfort for stylish couples'),
(1596, 'sofa_polyfon*4', '*ffffff,*ffffff,*ffffff,*ffffff,*F7EBBC,*F7EBBC,*F7EBBC,*F7EBBC', 2, 1, 1, 'NULL', 'SFC', 'Beige Mode Sofa', 'Beige Mode Sofa'),
(1597, 'sofa_polyfon*6', '*ffffff,*ffffff,*ffffff,*ffffff,*5EAAF8,*5EAAF8,*5EAAF8,*5EAAF8', 2, 1, 1, 'NULL', 'SFC', 'Blue Mode Sofa', 'Blue Mode Sofa'),
(1598, 'sofa_polyfon*7', '*ffffff,*ffffff,*ffffff,*ffffff,*7CB135,*7CB135,*7CB135,*7CB135', 2, 1, 1, 'NULL', 'SFC', 'Green Mode Sofa', 'Green Mode Sofa'),
(1599, 'sofa_polyfon*8', '*ffffff,*ffffff,*ffffff,*ffffff,*FFD837,*FFD837,*FFD837,*FFD837', 2, 1, 1, 'NULL', 'SFC', 'Yellow Mode Sofa', 'Yellow Mode Sofa'),
(1600, 'sofa_polyfon*9', '*ffffff,*ffffff,*ffffff,*ffffff,*E14218,*E14218,*E14218,*E14218', 2, 1, 1, 'NULL', 'SFC', 'Red Two-seater Sofa', 'Comfort for stylish couples'),
(1136, 'sofachair_polyfon_girl', '0,0,0', 1, 1, 1, 'NULL', 'SFC', 'Armchair', 'Think pink'),
(1110, 'bar_polyfon', '0,0,0', 1, 1, 1, 'DOOROPEN', 'SFT', 'Mini-Bar', 'You naughty Habbo!'),
(1180, 'doorB', '0,0,0', 1, 1, 2, 'DOOROPEN', 'SFX', 'Wardrobe', 'Narnia this way!'),
(1181, 'doorC', '0,0,0', 1, 1, 2, 'DOOROPEN', 'SFX', 'Portaloo', 'In a hurry?'),
(1296, 'doorD', '0,0,0', 1, 1, 2, 'DOOROPEN', 'SFX', 'Imperial Teleport', 'Let''s go over tzar!'),
(1140, 'bed_budgetb_one', '*FFFFFF,*FFFFFF,*FFFFFF,*FFFFFF,*FFFFFF,*FFFFFF', 2, 3, 1.5, 'NULL', 'SFB', 'Plain Single Bed', 'All you need for a good night''s kip'),
(1141, 'bed_budgetb', '*FFFFFF,*FFFFFF,*FFFFFF,*FFFFFF,*FFFFFF,*FFFFFF', 2, 3, 1.5, 'NULL', 'SFB', 'Plain Double Bed', 'Sweet dreams for two'),
(1172, 'bar_basic', '0,0,0', 1, 1, 2.6, 'DOOROPEN', 'SFTH', 'A Pura Minibar', 'A pura series 300 minibar'),
(1277, 'md_limukaappi', '0,0,0', 1, 1, 5, 'DOOROPEN', 'SFTH', 'Mountain Dew machine', 'The epic soft drink!'),
(1295, 'hockey_light', '0,0,0', 1, 1, 1, 'SWITCHON', 'SFT', 'Lert', 'Set it off.'),
(1126, 'red_tv', '0,0,0', 1, 1, 1.5, 'FIREON', 'SF', 'Portable TV', 'Don?t miss those soaps'),
(2050, 'tree6', '0,0,0', 1, 1, 2, 'NULL', 'SF', 'Flashy Christmas Tree', 'The future''s bright!'),
(2374, 'val_heart', '0,0,0', 1, 1, 0, 'SWITCHON', 'SF', 'Unknown name', 'Unknown description'),
(1205, 'samovar', '0,0,0', 1, 1, 1, 'NULL', 'SF', 'Russian Samovar', 'Click for a refreshing cuppa'),
(1231, 'camera', '0,0,0', 1, 1, 1, 'NULL', 'SF', 'Camera', 'Smile!'),
(1115, 'floortile', '0,0,0', 1, 1, 0, 'NULL', 'SFKH', 'Floor Tile', 'In Variety of Colours'),
(1164, 'tile_yell', '0,0,0', 4, 4, 0, 'NULL', 'SFKH', 'Floor Tiles', 'In a choice of colours'),
(1208, 'hologram', '0,0,0', 1, 1, 0.2, 'SWITCHON', 'SFT', 'Holopod', 'As if by magic...'),
(1230, 'redhologram', '0,0,0', 1, 1, 0.2, 'SWITCHON', 'SFT', 'Holo-girl', 'You''re her only hope...'),
(1043, 'carpet_standard', '0,0,0', 3, 5, 0, 'NULL', 'SFKH', 'Floor rug', 'Available in a variety of colours'),
(1052, 'carpet_standard*1', '*ff1f08', 3, 5, 0, 'NULL', 'SFKH', 'Floor Rug', 'Available in a variety of colours'),
(1060, 'carpet_standard*2', '*99DCCC', 3, 5, 0, 'NULL', 'SFKH', 'Floor Rug', 'Available in a variety of colours'),
(1066, 'carpet_standard*3', '*ffee00', 3, 5, 0, 'NULL', 'SFKH', 'Floor Rug', 'Available in a variety of colours'),
(1073, 'carpet_standard*4', '*ccddff', 3, 5, 0, 'NULL', 'SFKH', 'Floor Rug', 'Available in a variety of colours'),
(1077, 'carpet_standard*5', '*ddccff', 3, 5, 0, 'NULL', 'SFKH', 'Floor Rug', 'Available in a variety of colours'),
(1103, 'carpet_standard*6', '*777777', 3, 5, 0, 'NULL', 'SFKH', 'Floor Rug', 'Available in a variety of colours'),
(1120, 'carpet_soft*1', '*CC3333', 2, 4, 0, 'NULL', 'SFKH', 'Soft Wool Rug', 'Soft Wool Rug'),
(1121, 'carpet_soft*2', '*66FFFF', 2, 4, 0, 'NULL', 'SFKH', 'Soft Wool Rug', 'Soft Wool Rug'),
(1122, 'carpet_soft*3', '*FFCC99', 2, 4, 0, 'NULL', 'SFKH', 'Soft Wool Rug', 'Soft Wool Rug'),
(1123, 'carpet_soft*4', '*FFCCFF', 2, 4, 0, 'NULL', 'SFKH', 'Soft Wool Rug', 'Soft Wool Rug'),
(1124, 'carpet_soft*5', '*FFFF66', 2, 4, 0, 'NULL', 'SFKH', 'Soft Wool Rug', 'Soft Wool Rug'),
(1125, 'carpet_soft*6', '*669933', 2, 4, 0, 'NULL', 'SFKH', 'Soft Wool Rug', 'Soft Wool Rug'),
(1148, 'carpet_standard*7', '*99CCFF,*99CCFF,*99CCFF', 3, 5, 0, 'NULL', 'SFKH', 'Floor Rug', 'Available in a variety of colours'),
(1149, 'carpet_standard*8', '*999966,*999966,*999966', 3, 5, 0, 'NULL', 'SFKH', 'Floor Rug', 'Available in a variety of colours'),
(1150, 'carpet_standard*9', '*FFDD00,*FFDD00,*FFDD00', 3, 5, 0, 'NULL', 'SFKH', 'Floor Rug', 'Available in a variety of colours'),
(1151, 'carpet_standard*a', '*55AC00,*55AC00,*55AC00', 3, 5, 0, 'NULL', 'SFKH', 'Floor Rug', 'Available in a variety of colours'),
(1152, 'carpet_standard*b', '*336666,*336666,*336666', 3, 5, 0, 'NULL', 'SFKH', 'Floor Rug', 'Available in a variety of colours'),
(1828, 'carpet_valentine', '0,0,0', 2, 7, 0, 'NULL', 'SFKH', 'Red carpet', 'For making an appearance'),
(2407, 'floor', '', 0, 0, 0, 'NULL', 'IV', 'Floor', 'null'),
(2408, 'wallpaper', '', 0, 0, 0, 'NULL', 'IV', 'Wallpaper', 'null'),
(2409, 'poster', '', 0, 0, 0, 'NULL', 'IW', 'Poster', 'null'),
(2410, 'table_norja_med', '0,0,0', 2, 2, 2, 'NULL', 'SFH', 'Coffee Table', 'Elegance embodied'),
(2411, 'doormat_plain*4', '*ccddff', 1, 1, 0, 'NULL', 'SFHK', 'Doormat', 'Available in a variety of colours'),
(2412, 'doormat_plain*2', '*99DCCC', 1, 1, 0, 'NULL', 'SFHK', 'Doormat', 'Available in a variety of colours'),
(2413, 'doormat_plain*3', '*ffee00', 1, 1, 0, 'NULL', 'SFHK', 'Doormat', 'Available in a variety of colours'),
(2414, 'doormat_plain*5', '*ddccff', 1, 1, 0, 'NULL', 'SFHK', 'Doormat', 'Available in a variety of colours'),
(502, 'poolEnter', '', 1, 1, 0, 'NULL', 'EM', 'Swimming pool entrance trigger', 'Unknown description'),
(503, 'poolExit', '', 1, 1, 0, 'NULL', 'EM', 'Swimming pool exit trigger', 'Unknown description'),
(501, 'poolBooth', '', 1, 1, 0, 'NULL', 'EM', 'Swimming pool clothing booth', 'Unknown description'),
(510, 'paalu1', '', 1, 1, 0, 'NULL', 'PFM', 'Inflatable ball 1', 'Unknown description'),
(511, 'paalu3', '', 1, 1, 0, 'NULL', 'PFM', 'Inflatable ball 3', 'Unknown description'),
(512, 'paalu5', '', 1, 1, 0, 'NULL', 'PFM', 'Unknown name', 'Unknown description'),
(513, 'wsJoinQueue', '', 1, 1, 0, 'NULL', 'EM', 'Wobble Squabble join queue trigger', 'Unknown description'),
(2415, 'flower1', '', 1, 1, 0, 'NULL', 'PF', '', ''),
(2416, 'chairf2b', '', 1, 1, 1, 'NULL', 'PFC', '', ''),
(2417, 'chairf2', '', 1, 1, 1, 'NULL', 'PFC', '', ''),
(2418, 'table1', '', 1, 1, 0, 'NULL', 'PF', '', ''),
(2419, 'watermatic', '', 1, 1, 0, 'NULL', 'PF', '', ''),
(2420, 'telkka', '', 1, 1, 0, 'NULL', 'PF', '', ''),
(2421, 'chairf2d', '', 1, 1, 1, 'NULL', 'PFC', '', ''),
(2422, 'roommatic', '', 1, 1, 0, 'NULL', 'PF', '', ''),
(2423, 'chairf1', '', 1, 1, 1, 'NULL', 'PFC', '', ''),
(2424, 'table2c', '', 1, 1, 0, 'NULL', 'PF', '', ''),
(2425, 'table2b', '', 1, 1, 0, 'NULL', 'PF', '', ''),
(2426, 'table2', '', 1, 1, 0, 'NULL', 'PF', '', ''),
(2427, 'chairf2c', '', 1, 1, 1, 'NULL', 'PFC', '', ''),
(2428, 'flower2', '', 1, 1, 0, 'NULL', 'PF', '', ''),
(2429, 'orange', '', 1, 1, 0, 'NULL', 'PF', '', ''),
(2430, 'loungey_chair', '', 1, 1, 1, 'NULL', 'PFC', '', ''),
(2431, 'loungey_tablebigb', '', 1, 1, 0, 'NULL', 'PF', '', ''),
(2432, 'loungey_tablebiga', '', 1, 1, 0, 'NULL', 'PF', '', ''),
(2433, 'loungey_table', '', 1, 1, 0, 'NULL', 'PF', '', ''),
(2434, 'theater_chair', '', 1, 1, 1, 'NULL', 'PFC', '', ''),
(2435, 'stair', '', 1, 1, 0, 'NULL', 'PF', '', ''),
(2436, 'lightpole', '', 1, 1, 0, 'NULL', 'PF', '', ''),
(2437, 'pomomaski', '', 1, 1, 0, 'NULL', 'PF', '', ''),
(2438, 'cubicb_chair', '', 1, 1, 1, 'NULL', 'PFC', '', ''),
(2439, 'cubico_chair', '', 1, 1, 1, 'NULL', 'PFC', '', ''),
(2440, 'bardesque', '', 1, 1, 0, 'NULL', 'PF', '', ''),
(2441, 'bar_chair', '', 1, 1, 1, 'NULL', 'PFC', '', ''),
(2442, 'mic', '', 1, 1, 0, 'NULL', 'PF', '', ''),
(2443, 'thchair2', '', 1, 1, 1, 'NULL', 'PFC', '', ''),
(2444, 'thchair1', '', 1, 1, 1, 'NULL', 'PFC', '', ''),
(2446, 'sofa', '', 1, 1, 1, 'NULL', 'PFC', '', ''),
(2447, 'table', '', 1, 1, 0, 'NULL', 'PF', '', ''),
(2448, 'tablesp', '', 1, 1, 0, 'NULL', 'PF', '', ''),
(2449, 'trashcan', '', 1, 1, 0, 'NULL', 'PF', '', ''),
(2450, 'sofa2', '', 1, 1, 1, 'NULL', 'PFC', '', ''),
(2451, 'bardesk3', '', 1, 1, 0, 'NULL', 'PF', '', ''),
(2452, 'bardesk4', '', 1, 1, 0, 'NULL', 'PF', '', ''),
(2453, 'bardesk', '', 1, 1, 0, 'NULL', 'PF', '', ''),
(2454, 'bardesk2', '', 1, 1, 0, 'NULL', 'PF', '', ''),
(2455, 'flower2b', '', 1, 1, 0, 'NULL', 'PF', '', ''),
(2456, 'flower2a', '', 1, 1, 0, 'NULL', 'PF', '', ''),
(2457, 'box', '', 1, 1, 0, 'NULL', 'PF', '', ''),
(2458, 'pool_chairy', '', 1, 1, 1, 'NULL', 'PFC', '', ''),
(2459, 'umbrellay', '', 1, 1, 0, 'NULL', 'PF', '', ''),
(2460, 'pool_tabley', '', 1, 1, 0, 'NULL', 'PF', '', ''),
(2461, 'umbrellap', '', 1, 1, 0, 'NULL', 'PF', '', ''),
(2462, 'pool_chairp', '', 1, 1, 1, 'NULL', 'PFC', '', ''),
(2463, 'pool_chairo', '', 1, 1, 1, 'NULL', 'PFC', '', ''),
(2464, 'pool_tablep', '', 1, 1, 0, 'NULL', 'PF', '', ''),
(2465, 'umbrellao', '', 1, 1, 0, 'NULL', 'PF', '', ''),
(2466, 'pool_tabo', '', 1, 1, 0, 'NULL', 'PF', '', ''),
(2467, 'pool_chairg', '', 1, 1, 1, 'NULL', 'PFC', '', ''),
(2468, 'umbrellag', '', 1, 1, 0, 'NULL', 'PF', '', ''),
(2469, 'pool_tablg', '', 1, 1, 0, 'NULL', 'PF', '', ''),
(2470, 'umbrella2', '', 1, 1, 0, 'NULL', 'PF', '', ''),
(2471, 'pool_2sofa2', '', 1, 1, 1, 'NULL', 'PFC', '', ''),
(2472, 'pool_2sofa1', '', 1, 1, 1, 'NULL', 'PFC', '', ''),
(2473, 'pool_chair2', '', 1, 1, 1, 'NULL', 'PFC', '', ''),
(2474, 'pool_table2', '', 1, 1, 0, 'NULL', 'PF', '', ''),
(2475, 'moneyplant', '', 1, 1, 0, 'NULL', 'PF', '', ''),
(2476, 'standinglamp', '', 1, 1, 0, 'NULL', 'PF', '', ''),
(2477, 'edge1', '', 1, 1, 1, 'NULL', 'PFC', '', ''),
(2478, 'newtable1', '', 1, 1, 0, 'NULL', 'PF', '', ''),
(2479, 'edge2', '', 1, 1, 0, 'NULL', 'PF', '', ''),
(2480, 'edgeb1', '', 1, 1, 0, 'NULL', 'PF', '', ''),
(2481, 'edgeb2', '', 1, 1, 0, 'NULL', 'PF', '', ''),
(2482, 'edgec1', '', 1, 1, 0, 'NULL', 'PF', '', ''),
(2483, 'chairg1', '', 1, 1, 1, 'NULL', 'PFC', '', ''),
(2484, 'chairg2b', '', 1, 1, 1, 'NULL', 'PFC', '', ''),
(2485, 'chairg2c', '', 1, 1, 1, 'NULL', 'PFC', '', ''),
(2486, 'chairg2', '', 1, 1, 1, 'NULL', 'PFC', '', ''),
(2487, 'newtable2', '', 1, 1, 0, 'NULL', 'PF', '', ''),
(2488, 'edgec2', '', 1, 1, 0, 'NULL', 'PF', '', ''),
(2489, 'lounge_chair_small', '', 1, 1, 1, 'NULL', 'PFC', '', ''),
(2490, 'lounge_table_one', '', 1, 1, 0, 'NULL', 'PF', '', ''),
(2491, 'lounge_private_bigback', '', 1, 1, 0, 'NULL', 'PF', '', ''),
(2492, 'lounge_private_bigsofaback', '', 1, 1, 0, 'NULL', 'PF', '', ''),
(2493, 'lounge_private_bigsofa', '', 1, 1, 1, 'NULL', 'PFC', '', ''),
(2494, 'lounge_table_threea', '', 1, 1, 0, 'NULL', 'PF', '', ''),
(2495, 'lounge_table_threeb', '', 1, 1, 0, 'NULL', 'PF', '', ''),
(2496, 'lounge_table_threec', '', 1, 1, 0, 'NULL', 'PF', '', ''),
(2497, 'lounge_private_bigcorner', '', 1, 1, 0, 'NULL', 'PF', '', ''),
(2498, 'lounge_bara', '', 1, 1, 0, 'NULL', 'PF', '', ''),
(2499, 'infokiosk', '', 1, 1, 0, 'NULL', 'PF', '', ''),
(2500, 'cafe_chair_blue', '', 1, 1, 1, 'NULL', 'PFC', '', ''),
(2501, 'cafe_table_bigb_blue', '', 1, 1, 0, 'NULL', 'PF', '', ''),
(2502, 'cafe_chair_cream', '', 1, 1, 1, 'NULL', 'PFC', '', ''),
(2503, 'cafe_table_biga_blue', '', 1, 1, 0, 'NULL', 'PF', '', ''),
(2504, 'cafe_table_bigb_cream', '', 1, 1, 0, 'NULL', 'PF', '', ''),
(2505, 'cafe_table_biga_cream', '', 1, 1, 0, 'NULL', 'PF', '', ''),
(2506, 'cafe_table_blue', '', 1, 1, 0, 'NULL', 'PF', '', ''),
(2507, 'cafe_deskc', '', 1, 1, 0, 'NULL', 'PF', '', ''),
(2508, 'cafe_deskb', '', 1, 1, 0, 'NULL', 'PF', '', ''),
(2509, 'cafe_table_cream', '', 1, 1, 0, 'NULL', 'PF', '', ''),
(2510, 'cafe_deska', '', 1, 1, 0, 'NULL', 'PF', '', ''),
(2511, 'cafe_sofab', '', 1, 1, 1, 'NULL', 'PFC', '', ''),
(2512, 'cafe_sofaa', '', 1, 1, 1, 'NULL', 'PFC', '', ''),
(2513, 'construction', '', 1, 1, 0, 'NULL', 'PF', '', ''),
(2514, 'pub_pineapple_small', '', 1, 1, 0, 'NULL', 'PF', '', ''),
(2515, 'fatsblox', '', 1, 1, 0, 'NULL', 'PF', '', ''),
(2516, 'fatsofaa', '', 1, 1, 1, 'NULL', 'PFC', '', ''),
(2517, 'pub_sofa2', '', 1, 1, 0, 'NULL', 'PF', '', ''),
(2518, 'pub_sofa', '', 1, 1, 1, 'NULL', 'PFC', '', ''),
(2519, 'bardesk1', '', 1, 1, 0, 'NULL', 'PF', '', ''),
(2520, 'pub_chair', '', 1, 1, 1, 'NULL', 'PFC', '', ''),
(2521, 'pub_fence', '', 1, 1, 0, 'NULL', 'PF', '', ''),
(2522, 'pub_chair2', '', 1, 1, 1, 'NULL', 'PFC', '', ''),
(2523, 'pub_chair3', '', 1, 1, 1, 'NULL', 'PFC', '', ''),
(2524, 'pub_table2', '', 1, 1, 0, 'NULL', 'PF', '', ''),
(2525, 'pub_table', '', 1, 1, 0, 'NULL', 'PF', '', ''),
(2526, 'bar_chair_green', '', 1, 1, 1, 'NULL', 'PFC', '', ''),
(2527, 'bar_table_green', '', 1, 1, 1, 'NULL', 'PFC', '', ''),
(2528, 'bar_bare', '', 1, 1, 0, 'NULL', 'PF', '', ''),
(2529, 'bar_bard', '', 1, 1, 0, 'NULL', 'PF', '', ''),
(2530, 'bar_bara', '', 1, 1, 0, 'NULL', 'PF', '', ''),
(2531, 'bar_barb', '', 1, 1, 0, 'NULL', 'PF', '', ''),
(2532, 'bar_barc', '', 1, 1, 0, 'NULL', 'PF', '', ''),
(2533, 'bar_chair_blue', '', 1, 1, 1, 'NULL', 'PFC', '', ''),
(2534, 'bar_table_small_blue', '', 1, 1, 0, 'NULL', 'PF', '', ''),
(2535, 'bar_table_blue', '', 1, 1, 1, 'NULL', 'PFC', '', ''),
(2536, 'bar_djbooth', '', 1, 1, 0, 'NULL', 'PF', '', ''),
(2537, 'goldfish_bar', '', 1, 1, 0, 'NULL', 'PF', '', ''),
(2538, 'plant', '', 1, 1, 0, 'NULL', 'PF', '', ''),
(2539, 'bed_trad_one', '0,0,0', 2, 3, 1.9, 'NULL', 'SFB', 'Traditional Bed', 'Project Goldfish!'),
(2540, 'bed_trad', '0,0,0', 2, 3, 1.9, 'NULL', 'SFB', 'Traditional Double Bed', 'Project Goldfish x2!'),
(2610, 'chair_plasty*10', '*ffffff,*CC3399,*ffffff,*CC3399', 1, 1, 1, 'NULL', 'SFC', 'Plastic Pod Chair', 'Hip plastic furniture'),
(2611, 'chair_plasty*11', '*ffffff,*FF97BA,*ffffff,*FF97BA', 1, 1, 1, 'NULL', 'SFC', 'Plastic Pod Chair', 'Hip plastic furniture'),
(2612, 'chair_plasto*9', '*ffffff,*533e10,*ffffff,*533e10', 1, 1, 1, 'NULL', 'SFC', 'Chair', 'Hip plastic furniture'),
(2613, 'sofa_polyfon*1', '0,0,0', 2, 1, 1, 'NULL', 'SFC', 'Two-seater Sofa', 'Comfort for stylish couples'),
(2614, 'column_polyfon', '0,0,0', 1, 1, 2, 'NULL', 'SFH', 'Mode Column', 'Send it to Haiti'),
(2615, 'wcandle2', '0,0,0', 1, 1, 0.3, 'NULL', 'SF', 'Molten White Candle', 'Simple but stylish - it was'),
(2617, 'wcandleset2', '0,0,0', 1, 1, 0.2, 'NULL', 'SF', 'Molten White Candle plate', 'Simple but stylish - it was'),
(2616, 'rcandle2', '0,0,0', 1, 1, 0.3, 'NULL', 'SF', 'Molten Red Candle', 'Simple but stylish - it was'),
(2618, 'rcandleset2', '0,0,0', 1, 1, 0.2, 'NULL', 'SF', 'Molten Red Candle plate', 'Simple but stylish - it was'),
(2619, 'chesstable_silo', '0,0,0', 2, 2, 0.1, 'NULL', 'SF', 'Chess Board', 'Proper hax & paff'),
(2621, 'warship_silo', '0,0,0', 2, 2, 1, 'NULL', 'SF', 'Warship Table', '...');

-- --------------------------------------------------------

--
-- Table structure for table `messenger_buddylist`
--

CREATE TABLE IF NOT EXISTS `messenger_buddylist` (
  `id1` int(10) NOT NULL,
  `id2` int(10) NOT NULL,
  `accepted` bit(1) NOT NULL
) ENGINE=MyISAM DEFAULT CHARSET=latin1;

--
-- Dumping data for table `messenger_buddylist`
--

INSERT INTO `messenger_buddylist` (`id1`, `id2`, `accepted`) VALUES
(1, 2, b'1'),
(1, 2, b'1'),
(4, 1, b'1'),
(4, 1, b'1'),
(4, 1, b'1'),
(4, 1, b'1'),
(13, 15, b'1'),
(13, 15, b'1'),
(5, 42, b'1'),
(5, 42, b'1'),
(2, 3, b'1'),
(2, 3, b'1'),
(1, 15, b'1'),
(1, 15, b'1'),
(1, 22, b'1'),
(1, 22, b'1'),
(4, 2, b'1'),
(4, 2, b'1'),
(90, 56, b'1'),
(90, 56, b'1'),
(92, 54, b'1'),
(92, 54, b'1'),
(5, 53, b'1'),
(5, 53, b'1'),
(90, 59, b'1'),
(90, 59, b'1'),
(55, 54, b'1'),
(55, 54, b'1'),
(55, 53, b'1'),
(55, 53, b'1'),
(53, 54, b'1'),
(53, 54, b'1'),
(55, 56, b'1'),
(55, 56, b'1'),
(54, 56, b'1'),
(54, 56, b'1'),
(56, 53, b'1'),
(56, 53, b'1'),
(56, 59, b'1'),
(56, 59, b'1'),
(54, 62, b'1'),
(54, 62, b'1'),
(56, 63, b'1'),
(56, 63, b'1'),
(55, 59, b'1'),
(55, 59, b'1'),
(55, 63, b'1'),
(55, 63, b'1'),
(55, 64, b'1'),
(55, 64, b'1'),
(56, 64, b'1'),
(56, 64, b'1'),
(64, 54, b'1'),
(64, 54, b'1'),
(54, 59, b'1'),
(54, 59, b'1'),
(54, 63, b'1'),
(54, 63, b'1'),
(72, 56, b'1'),
(72, 56, b'1'),
(56, 68, b'1'),
(56, 68, b'1'),
(56, 67, b'1'),
(56, 67, b'1'),
(56, 73, b'1'),
(56, 73, b'1'),
(55, 78, b'1'),
(55, 78, b'1'),
(67, 64, b'1'),
(67, 64, b'1'),
(71, 56, b'1'),
(71, 56, b'1'),
(55, 92, b'1'),
(55, 92, b'1'),
(90, 64, b'1'),
(90, 64, b'1'),
(80, 63, b'0'),
(80, 63, b'0'),
(92, 64, b'1'),
(92, 64, b'1'),
(106, 97, b'0'),
(106, 97, b'0'),
(24, 64, b'1'),
(24, 64, b'1'),
(5, 1, b'1'),
(5, 1, b'1'),
(120, 24, b'1'),
(120, 24, b'1'),
(120, 27, b'0'),
(120, 27, b'0'),
(24, 15, b'1'),
(24, 15, b'1'),
(24, 4, b'0'),
(24, 4, b'0'),
(24, 15, b'1'),
(24, 15, b'1'),
(122, 24, b'1'),
(122, 24, b'1'),
(24, 54, b'1'),
(24, 54, b'1'),
(24, 122, b'1'),
(24, 122, b'1'),
(56, 119, b'1'),
(56, 119, b'1'),
(15, 121, b'0'),
(15, 121, b'0'),
(24, 4, b'0'),
(24, 4, b'0'),
(119, 59, b'1'),
(119, 59, b'1'),
(119, 54, b'1'),
(119, 54, b'1'),
(114, 15, b'1'),
(114, 15, b'1'),
(114, 54, b'1'),
(114, 54, b'1'),
(24, 126, b'0'),
(24, 126, b'0'),
(24, 114, b'0'),
(24, 114, b'0'),
(24, 59, b'1'),
(24, 59, b'1'),
(73, 54, b'1'),
(73, 54, b'1'),
(73, 67, b'1'),
(73, 67, b'1'),
(54, 67, b'1'),
(73, 64, b'1'),
(54, 67, b'1'),
(73, 64, b'1'),
(67, 54, b'1'),
(67, 54, b'1'),
(54, 73, b'1'),
(54, 73, b'1');

-- --------------------------------------------------------

--
-- Table structure for table `messenger_messages`
--

CREATE TABLE IF NOT EXISTS `messenger_messages` (
  `id` int(10) NOT NULL AUTO_INCREMENT,
  `senderid` int(10) NOT NULL,
  `receiverid` int(10) NOT NULL,
  `timestamp` timestamp NOT NULL DEFAULT '0000-00-00 00:00:00' ON UPDATE CURRENT_TIMESTAMP,
  `text` text NOT NULL,
  `isread` bit(1) NOT NULL DEFAULT b'0',
  PRIMARY KEY (`id`),
  UNIQUE KEY `uni` (`id`)
) ENGINE=MyISAM  DEFAULT CHARSET=latin1 AUTO_INCREMENT=247 ;

--
-- Dumping data for table `messenger_messages`
--

INSERT INTO `messenger_messages` (`id`, `senderid`, `receiverid`, `timestamp`, `text`, `isread`) VALUES
(1, 2, 1, '2010-02-08 14:49:54', 'test', b'1'),
(2, 4, 1, '2010-02-08 14:49:56', 'Hey man', b'1'),
(3, 5, 17, '2010-02-07 22:55:53', 'asdsadsa', b'0'),
(4, 17, 5, '2010-02-08 18:56:48', 'xxx', b'1'),
(5, 1, 4, '2010-02-08 16:25:53', 'lool', b'1'),
(6, 3, 2, '2010-02-07 23:31:13', 'hey baby', b'1'),
(7, 2, 3, '2010-02-07 23:31:34', 'whats cracking', b'1'),
(8, 2, 3, '2010-02-07 23:32:08', 'lol\n\nu \n\nsuck', b'1'),
(9, 3, 2, '2010-02-07 23:32:25', 'really?', b'1'),
(10, 2, 3, '2010-02-07 23:32:34', 'yeh wtf', b'1'),
(11, 4, 1, '2010-02-08 16:26:53', 'Hai Nillus', b'1'),
(12, 1, 4, '2010-02-08 16:34:35', 'niggers. trees. hamsters. bierdrinken.', b'1'),
(13, 2, 1, '2010-02-08 16:50:41', 'hey man', b'1'),
(14, 4, 1, '2010-02-08 17:07:02', 'Hai', b'1'),
(15, 1, 4, '2010-02-08 17:07:11', 'I herd u liek cosnoel', b'1'),
(16, 4, 1, '2010-02-08 21:41:44', 'Hai Nillus', b'1'),
(17, 1, 4, '2010-02-21 11:41:49', 'xxx', b'1'),
(18, 42, 5, '2010-02-13 14:42:33', '8]', b'1'),
(19, 5, 42, '2010-02-13 14:42:32', 'Hi dood!', b'1'),
(20, 42, 5, '2010-02-13 14:42:41', 'Epic.', b'1'),
(21, 5, 42, '2010-02-13 14:42:49', 'Lmao at sending messages at the same time.', b'1'),
(22, 42, 5, '2010-02-13 14:43:02', '=D', b'1'),
(23, 54, 5, '2010-02-17 23:44:29', 'Hey', b'1'),
(24, 5, 54, '2010-02-17 23:44:46', 'Hey babe', b'1'),
(25, 55, 5, '2010-02-17 23:44:58', 'hai', b'1'),
(26, 5, 55, '2010-02-17 23:44:46', 'Hey babe', b'1'),
(27, 5, 56, '2010-02-17 23:45:02', 'Hey babe', b'1'),
(28, 54, 5, '2010-02-17 23:45:00', 'I''m close to tears irl.', b'1'),
(29, 5, 53, '2010-02-17 23:45:00', 'Hey babe', b'1'),
(30, 53, 5, '2010-02-17 23:45:10', 'wot is it', b'1'),
(31, 5, 54, '2010-02-17 23:45:24', 'i know babe i know\n', b'1'),
(32, 5, 53, '2010-02-17 23:45:57', 'this is madness', b'1'),
(33, 53, 5, '2010-02-17 23:46:11', 'this... is... sparta.\n', b'1'),
(34, 55, 54, '2010-02-17 23:48:01', 'I love you', b'1'),
(35, 54, 55, '2010-02-17 23:48:13', 'ORGASM TO THE SOUND, ZEB.', b'1'),
(36, 55, 54, '2010-02-17 23:48:29', 'I''m smiling irl', b'1'),
(37, 55, 5, '2010-02-18 13:19:10', 'runtime error?!?!', b'1'),
(38, 5, 55, '2010-02-18 13:20:05', 'When attempting to close nav?', b'1'),
(39, 55, 5, '2010-02-18 13:20:16', 'not sure actually,\n', b'1'),
(40, 55, 5, '2010-02-18 13:35:47', 'could you add blue rugs please? xox', b'1'),
(41, 5, 55, '2010-02-18 13:36:01', 'i can tri soldier', b'1'),
(42, 55, 5, '2010-02-18 13:36:16', '<3', b'1'),
(43, 5, 55, '2010-02-18 13:36:54', 'this is troublesome, which blue rug?', b'1'),
(44, 55, 5, '2010-02-18 13:37:07', 'one of the big ones, not fussed which', b'1'),
(45, 55, 56, '2010-02-18 14:29:11', 'lagg?', b'1'),
(46, 56, 55, '2010-02-18 14:29:30', 'im fine.', b'1'),
(47, 55, 56, '2010-02-18 14:44:07', 'look on irl habbo', b'1'),
(48, 56, 55, '2010-02-18 14:51:53', 'kk', b'1'),
(49, 59, 56, '2010-02-18 14:47:06', 'hi.', b'1'),
(50, 56, 59, '2010-02-18 14:47:16', 'hi', b'1'),
(51, 59, 56, '2010-02-18 14:47:38', 'console message noises are the old ones. i was here for them! :)', b'1'),
(52, 56, 59, '2010-02-18 14:53:17', 'yeeeeeeeee boi!!!', b'1'),
(53, 59, 56, '2010-02-18 14:53:33', ':)', b'1'),
(54, 56, 59, '2010-02-18 14:55:28', 'R U GUNNA SPAM DOE!?', b'1'),
(55, 59, 56, '2010-02-18 14:56:05', 'YOU MIGHT BE ENDYMION, BUT R U GONNA SPAM DOE??!', b'1'),
(56, 56, 59, '2010-02-18 14:57:03', 'U MYT BE DL, BUT R U GUNNA SPAM DOE?', b'1'),
(57, 59, 56, '2010-02-18 14:58:22', 'ARE YOU GONNA SPAM BACK DOE?!?', b'1'),
(58, 56, 59, '2010-02-18 15:00:09', 'I''D SPIN OUT DA SABER, AND SPAM HIM BACK DOE!', b'1'),
(59, 62, 54, '2010-02-18 15:56:51', 'yo yo yo!!!!!!!', b'1'),
(60, 54, 62, '2010-02-18 15:57:00', 'LISTEN TO THE SOUND!', b'1'),
(61, 62, 54, '2010-02-18 15:57:20', 'lmaooooooo! dis is brilliant', b'1'),
(62, 54, 62, '2010-02-18 15:57:37', 'Come to [S] Grand Sith Hallway', b'1'),
(63, 62, 54, '2010-02-18 15:57:47', 'i will soon', b'1'),
(64, 62, 54, '2010-02-18 15:58:35', '[S] Grand Hallway? tell dem 2 let me in!!!', b'1'),
(65, 54, 62, '2010-02-18 15:59:15', 'wot u dont need permission, u just go in', b'1'),
(66, 62, 54, '2010-02-18 15:59:48', 'grand hallway is locked mandem how do i make my own room i cannot remember!!!!!!!!!!!', b'1'),
(67, 54, 62, '2010-02-18 16:12:32', 'sup', b'1'),
(68, 54, 56, '2010-02-18 16:12:03', 'sup', b'1'),
(69, 54, 5, '2010-02-18 16:11:55', 'sup', b'1'),
(70, 54, 55, '2010-02-18 16:12:01', 'sup', b'1'),
(71, 54, 53, '2010-02-18 20:47:37', 'sup', b'1'),
(72, 5, 54, '2010-02-18 16:12:08', 'sup bro', b'1'),
(73, 55, 54, '2010-02-18 16:12:10', 'nm\n', b'1'),
(74, 62, 54, '2010-02-18 16:13:14', 'yo yo yo', b'1'),
(75, 54, 64, '2010-02-18 16:18:17', 'Kk so. First thing;\nUpdate your ID and tick the two boxes at the bottom. Then update your avatar with the hairstyle you want.\n\nReply when done so.', b'1'),
(76, 64, 54, '2010-02-18 16:18:56', 'dun brother i av ticked da 2 boxes dat say receive email an dat other 1 xxx', b'1'),
(77, 54, 64, '2010-02-18 16:19:42', 'Alright, then change your avatar to the hairstyle that you want, then click ''Accept'' so it changes your character.', b'1'),
(78, 64, 54, '2010-02-18 16:20:02', 'is it possible 4 me 2 get black lego shoes???', b'1'),
(79, 54, 64, '2010-02-18 16:20:23', 'dont fink so', b'1'),
(80, 64, 54, '2010-02-18 16:20:38', 'never mind. i av selected bald hairstyle nao wht is next mandem???', b'1'),
(81, 54, 64, '2010-02-18 16:20:59', 'o nvm den, if ur bald dnt need special haircolours', b'1'),
(82, 64, 54, '2010-02-18 16:21:14', 'but i still wish 2 kno ow 2 giv self nice hair colours :(((((', b'1'),
(83, 54, 64, '2010-02-18 16:22:14', '1) Tick both boxes and update character.\n2) Click back on update, ensure both boxes are ticked then put hairstyle to baseball cap.\n3) Click back so it doesn''t save as that.\n4) Go back on it - special hair colours received.', b'1'),
(84, 54, 62, '2010-02-18 16:40:27', 'Are you being Camarilla or Sabbat?', b'0'),
(85, 54, 53, '2010-02-18 20:47:45', 'oi', b'1'),
(86, 56, 68, '2010-02-18 19:10:24', 'check this noise ;)', b'1'),
(87, 68, 56, '2010-02-18 19:10:47', 'Fuck yeah!\nAnyway, how do you make a room of your own?', b'1'),
(88, 56, 68, '2010-02-18 19:12:07', 'Go to the main lobby, then on the right. There is some little posts. Walk up to them and double click', b'1'),
(89, 59, 56, '2010-02-18 19:12:00', 'what weapons do they us in wod.', b'1'),
(90, 56, 59, '2010-02-18 19:12:19', 'well it''s modern day.', b'1'),
(91, 59, 56, '2010-02-18 19:12:37', 'good shout.', b'1'),
(92, 56, 59, '2010-02-18 19:13:02', 'as long as you don''t small shit up. dont think it matters', b'1'),
(93, 59, 56, '2010-02-18 19:14:14', 'Katana and M16 then :)', b'1'),
(94, 56, 59, '2010-02-18 19:14:34', 'LOL ok', b'1'),
(95, 59, 56, '2010-02-18 20:04:27', 'how i get in?', b'1'),
(96, 56, 59, '2010-02-18 20:04:44', 'go the room called null and go in tele in corner', b'1'),
(97, 59, 56, '2010-02-18 20:15:45', 'how have you got purple hair, and zeb''s got blue, i cant find these colours.', b'1'),
(98, 56, 59, '2010-02-18 20:16:12', 'on the url, after it put\n/faq.html then look for how do i get blue hair?', b'1'),
(99, 53, 54, '2010-02-20 13:00:56', 'wot.', b'1'),
(100, 59, 55, '2010-02-18 22:20:46', 'come through to your slums please.', b'1'),
(101, 55, 59, '2010-02-18 22:20:57', 'k', b'1'),
(102, 55, 59, '2010-02-18 22:36:58', 'bring me your porter plawks', b'1'),
(103, 72, 56, '2010-02-18 22:46:24', 'Gay.', b'1'),
(104, 55, 59, '2010-02-18 23:17:05', 'feel like making sewers?\n3/4 small rooms that then lead out to your forest. they will start in my area of slums', b'1'),
(105, 59, 55, '2010-02-18 23:17:39', 'erm, sure.', b'1'),
(106, 55, 59, '2010-02-18 23:19:08', '<3', b'1'),
(107, 59, 55, '2010-02-18 23:19:40', 'for the sake of making you jump.', b'1'),
(108, 55, 59, '2010-02-18 23:20:04', 'i muted mine', b'1'),
(109, 55, 5, '2010-02-18 23:27:08', 'Welcome to the salty spitoon, how tough are ye''?', b'1'),
(110, 55, 63, '2010-02-18 23:52:37', 'doorbell dont work irl', b'1'),
(111, 63, 55, '2010-02-18 23:52:52', 'o ma god cryin irl', b'1'),
(112, 55, 63, '2010-02-18 23:53:01', 'pats on back irl', b'1'),
(113, 54, 56, '2010-02-20 13:29:29', 'oi', b'1'),
(114, 55, 54, '2010-02-20 13:24:02', 'all da bitches and hoes to da promenade!!!', b'1'),
(115, 54, 56, '2010-02-20 14:31:12', 'OI COME BACKA', b'1'),
(116, 64, 54, '2010-02-20 14:30:01', 'We''re in the station now I''ll message you when we''re ready.', b'1'),
(117, 54, 64, '2010-02-20 14:30:10', 'Alright.', b'1'),
(118, 54, 64, '2010-02-20 14:33:01', 'How many are there of you?', b'1'),
(119, 64, 54, '2010-02-20 14:33:14', 'Three and me. So four in total.', b'1'),
(120, 64, 54, '2010-02-20 14:35:45', 'Whenever you''re ready mate we''re in the abandond station.', b'1'),
(121, 54, 64, '2010-02-20 14:38:29', 'Prepare yourselves.', b'1'),
(122, 64, 54, '2010-02-20 14:38:37', 'Ready. :P ', b'1'),
(123, 54, 56, '2010-02-20 15:13:16', 'wer u', b'1'),
(124, 56, 54, '2010-02-20 15:21:59', 'where u?', b'1'),
(125, 54, 56, '2010-02-20 15:22:12', 'Habbo Lido.', b'1'),
(126, 64, 54, '2010-02-20 16:19:28', 'Has this retro gone fucked up for you?', b'1'),
(127, 54, 64, '2010-02-20 16:19:38', 'Nope. What''s up with it for you?', b'1'),
(128, 64, 54, '2010-02-20 16:20:07', 'When I go into my room I can''t see anyone or my own Habbo. :P', b'1'),
(129, 54, 64, '2010-02-20 16:20:32', 'I''ve told Dom, he''ll sort it.', b'1'),
(130, 64, 54, '2010-02-20 16:20:57', 'Thanks. Soon as, cos I wanna get these stickies finished. Can you see me in the doorway of my room btw?', b'1'),
(131, 54, 64, '2010-02-20 16:21:25', 'Yeah. Dom said reload room now, it was because he spawned loads of bots with invalid figures. Should be okay once you reload.', b'1'),
(132, 54, 59, '2010-02-20 17:44:59', 'pass?', b'1'),
(133, 59, 54, '2010-02-20 17:45:07', 'stone', b'1'),
(134, 54, 62, '2010-02-20 17:58:07', 'reply if ur here', b'0'),
(135, 54, 63, '2010-02-20 17:58:07', 'reply if ur here', b'0'),
(136, 54, 59, '2010-02-20 17:57:48', 'reply if ur here', b'1'),
(137, 54, 56, '2010-02-21 15:01:10', 'reply if ur here', b'1'),
(138, 54, 64, '2010-02-20 18:07:43', 'reply if ur here', b'1'),
(139, 54, 55, '2010-02-21 15:44:19', 'reply if ur here', b'1'),
(140, 54, 92, '2010-02-20 20:41:18', 'reply if ur here', b'1'),
(141, 54, 53, '2010-02-20 17:58:07', 'reply if ur here', b'0'),
(142, 59, 54, '2010-02-20 17:58:02', 'sup.\n', b'1'),
(143, 64, 54, '2010-02-20 18:10:29', 'i am here', b'1'),
(144, 54, 64, '2010-02-20 18:13:07', 'greetings', b'1'),
(145, 64, 54, '2010-02-20 18:14:00', 'salutations lord easykill', b'1'),
(146, 64, 54, '2010-02-20 18:16:10', 'any scenes goin on on dis at da moment????', b'1'),
(147, 54, 64, '2010-02-20 18:16:44', 'not at moment friend, sorting out camarilla hq. u shud make sabbat hq, sum run down shithole??', b'1'),
(148, 64, 54, '2010-02-20 18:17:01', 'i think its alredy bein taken care of :S brb mandem dinner time xxxxx', b'1'),
(149, 54, 64, '2010-02-20 18:20:12', 'kk hunni luv u til end of tym bby\nxxxxxxxxxxxxxxxxxxxxxxxxxxxxxxxxxxxxxxxxxxxxxxxxxxxxxxxxxxxxxxxxxxxxxxxxxxxxxxxxxxxxxxxxxxxxxxxxxxxxxxxxxxxxxxxxxxxxxxxxxxxxxxxxxxxxxxxxxxxxxxxxxxxxxxxxxxxxxxxxxxxxxxxxxxxxxxxxxxxxxxxxxxxxxxxxxxxxxxxxxxxxxxxxxx', b'1'),
(150, 64, 54, '2010-02-20 18:37:30', 'hi i bk now ', b'1'),
(151, 54, 64, '2010-02-20 18:37:44', 'hi come 2 camarilla dojo pass is stone', b'1'),
(152, 64, 54, '2010-02-20 18:38:06', 'kk m8 ', b'1'),
(153, 59, 54, '2010-02-20 18:44:47', 'come to Meeting room mate, i dont know how you want it to be set out.\n', b'1'),
(154, 64, 67, '2010-02-20 20:52:08', 'hi guis reply if u r online xxxx', b'1'),
(155, 64, 54, '2010-02-21 13:41:17', 'hi guis reply if u r online xxxx', b'1'),
(156, 64, 56, '2010-02-21 15:01:15', 'hi guis reply if u r online xxxx', b'1'),
(157, 64, 90, '2010-02-20 19:19:46', 'hi guis reply if u r online xxxx', b'0'),
(158, 64, 55, '2010-02-21 15:44:28', 'hi guis reply if u r online xxxx', b'1'),
(159, 64, 92, '2010-02-20 20:41:23', 'hi guis reply if u r online xxxx', b'1'),
(160, 59, 54, '2010-02-21 13:41:20', 'not possible to stack chair ontop of a bar, and then be able to sit on it.', b'1'),
(161, 4, 1, '2010-02-21 14:21:47', 'Omg console werkt :D', b'1'),
(162, 54, 62, '2010-02-21 13:42:08', 'reply if your on', b'0'),
(163, 54, 63, '2010-02-21 13:42:08', 'reply if your on', b'0'),
(164, 54, 59, '2010-02-21 14:58:32', 'reply if your on', b'1'),
(165, 54, 56, '2010-02-21 15:01:13', 'reply if your on', b'1'),
(166, 54, 64, '2010-02-21 13:50:13', 'reply if your on', b'1'),
(167, 54, 55, '2010-02-21 15:44:26', 'reply if your on', b'1'),
(168, 54, 92, '2010-02-21 13:42:08', 'reply if your on', b'0'),
(169, 54, 53, '2010-02-21 13:42:08', 'reply if your on', b'0'),
(170, 64, 54, '2010-02-21 13:50:30', 'yo yo yo i am on ', b'1'),
(171, 54, 64, '2010-02-21 13:50:57', 'safe blud, it seems we are only ones :(', b'1'),
(172, 64, 54, '2010-02-21 13:54:16', 'oh dear oh dear', b'1'),
(173, 1, 4, '2010-02-21 15:53:40', 'omgz wer''re owning! :D', b'1'),
(174, 59, 54, '2010-02-21 15:07:50', 'yo.', b'1'),
(175, 55, 54, '2010-02-21 15:44:48', 'am here', b'1'),
(176, 55, 64, '2010-02-21 15:46:02', 'am here xox', b'1'),
(177, 54, 55, '2010-02-21 15:47:10', 'come to dining room of yeahh, discussing wod.', b'1'),
(178, 13, 15, '2010-02-21 15:50:01', 'where are they talking about?', b'1'),
(179, 15, 13, '2010-02-21 15:50:17', 'Roleplaying', b'1'),
(180, 13, 15, '2010-02-21 15:50:28', 'aah serious :'')', b'1'),
(181, 122, 24, '2010-02-21 16:05:18', 'hola maldito homosexual (testing)', b'1'),
(182, 24, 122, '2010-02-21 16:06:32', 'XDDD', b'1'),
(183, 55, 63, '2010-02-21 16:06:30', 'if you der bruddaz, pass is 123 to dLorenzi Manor', b'0'),
(184, 55, 54, '2010-02-21 16:06:09', 'if you der bruddaz, pass is 123 to dLorenzi Manor', b'1'),
(185, 55, 59, '2010-02-21 16:06:23', 'if you der bruddaz, pass is 123 to dLorenzi Manor', b'1'),
(186, 55, 56, '2010-02-21 16:06:14', 'if you der bruddaz, pass is 123 to dLorenzi Manor', b'1'),
(187, 55, 92, '2010-02-21 16:06:30', 'if you der bruddaz, pass is 123 to dLorenzi Manor', b'0'),
(188, 55, 78, '2010-02-21 16:06:30', 'if you der bruddaz, pass is 123 to dLorenzi Manor', b'0'),
(189, 55, 64, '2010-02-21 16:06:24', 'if you der bruddaz, pass is 123 to dLorenzi Manor', b'1'),
(190, 122, 24, '2010-02-21 16:08:26', 'donde estas', b'1'),
(191, 24, 122, '2010-02-21 16:08:47', 'XD', b'1'),
(192, 122, 24, '2010-02-21 16:09:02', 'contraseña 123', b'1'),
(193, 24, 122, '2010-02-21 16:09:11', 'ok xD', b'1'),
(194, 24, 122, '2010-02-21 16:10:58', 'cambiaron la pass', b'1'),
(195, 122, 24, '2010-02-21 16:11:02', 'malditos homosexuales sin hagllas\nme echaron de la sala como a un perro y ahora cambiaron la contraseña :(', b'1'),
(196, 24, 122, '2010-02-21 16:11:28', 'a mi igual XDDD', b'1'),
(197, 122, 24, '2010-02-21 16:11:33', 'debemos penetrar en esa sala y destruir a esos homosexuales', b'1'),
(198, 24, 122, '2010-02-21 16:13:33', 'xD si hay que usar el buscador de pass de shenkX', b'1'),
(199, 122, 24, '2010-02-21 16:13:55', 'donde esta eso digamelo', b'1'),
(200, 24, 122, '2010-02-21 16:14:33', 'hablando de eso... ya se como poner fotos porno :D', b'0'),
(201, 24, 122, '2010-02-21 16:23:37', 'donde estas', b'0'),
(202, 59, 54, '2010-02-21 16:36:30', 'IF YOUR ONLINE COME TO THE GRAND HALLS.\nPASS IS stone', b'1'),
(203, 59, 56, '2010-02-21 16:36:02', 'IF YOUR ONLINE COME TO THE GRAND HALLS.\nPASS IS stone', b'1'),
(204, 119, 54, '2010-02-21 16:38:27', 'Whats pw', b'1'),
(205, 54, 119, '2010-02-21 16:38:37', 'willy', b'1'),
(206, 55, 63, '2010-02-21 17:40:00', 'anyone on?!?!', b'0'),
(207, 55, 54, '2010-02-21 18:31:42', 'anyone on?!?!', b'1'),
(208, 55, 59, '2010-02-21 17:58:33', 'anyone on?!?!', b'1'),
(209, 55, 56, '2010-02-21 20:08:12', 'anyone on?!?!', b'1'),
(210, 55, 64, '2010-02-21 19:03:32', 'anyone on?!?!', b'1'),
(211, 55, 78, '2010-02-21 17:40:00', 'anyone on?!?!', b'0'),
(212, 55, 92, '2010-02-21 17:40:00', 'anyone on?!?!', b'0'),
(213, 55, 53, '2010-02-21 17:40:00', 'anyone on?!?!', b'0'),
(214, 59, 55, '2010-02-21 18:00:20', 'yeee.\n', b'1'),
(215, 54, 62, '2010-02-21 18:32:25', 'who''s on?!', b'0'),
(216, 54, 63, '2010-02-21 18:32:25', 'who''s on?!', b'0'),
(217, 54, 59, '2010-02-21 18:32:39', 'who''s on?!', b'1'),
(218, 54, 114, '2010-02-21 18:32:25', 'who''s on?!', b'0'),
(219, 54, 56, '2010-02-21 20:08:14', 'who''s on?!', b'1'),
(220, 54, 64, '2010-02-21 19:03:35', 'who''s on?!', b'1'),
(221, 54, 55, '2010-02-21 20:09:49', 'who''s on?!', b'1'),
(222, 54, 24, '2010-02-21 18:32:16', 'who''s on?!', b'1'),
(223, 54, 119, '2010-02-21 18:32:25', 'who''s on?!', b'0'),
(224, 54, 92, '2010-02-21 18:32:25', 'who''s on?!', b'0'),
(225, 54, 53, '2010-02-21 18:32:25', 'who''s on?!', b'0'),
(226, 59, 54, '2010-02-21 18:32:58', 'meeeeeee.\n', b'1'),
(227, 64, 54, '2010-02-21 20:15:22', 'i am on bredrin', b'1'),
(228, 55, 54, '2010-02-21 20:15:30', 'i am', b'1'),
(229, 54, 64, '2010-02-21 20:39:00', 'u stil on?', b'1'),
(230, 54, 55, '2010-02-21 20:15:39', 'still on?', b'1'),
(231, 55, 54, '2010-02-21 20:15:45', 'ye', b'1'),
(232, 54, 67, '2010-02-21 20:24:46', 'dom if you''re reading this..\n\n\n\n\n\n\n\n\n\n\n\n\n\n\n\n\n\n\n\n\n\n\n...you''re a faggot.', b'1'),
(233, 67, 54, '2010-02-21 20:26:29', '... then I would love for me to take you out on a nice evening trip to a little restaurant down by the river. We can admire the moonlight as it reflects off of the water and think to ourselves the wonders of surface tension as to create such a beautiful', b'1'),
(234, 67, 54, '2010-02-21 20:26:40', '... creation that are the tears of wine.', b'1'),
(235, 54, 67, '2010-02-21 20:29:07', 'I want to lie you down next to me on a soft velvety carpet and hold your hand. We''d look up to the stars and watch them shine, letting their light glimmer into our bright, young eyes. We''d drink hot tea together, and then look into each other''s eyes and..', b'1'),
(236, 54, 67, '2010-02-21 20:29:24', '..see a whole new universe behind the iris.', b'1'),
(237, 67, 54, '2010-02-21 20:31:03', 'We could play with dreams and ideas all night as the stellar bodies brush over us through the night. The two of us entwined in such a tandem that we don''t care for anything, not even the twisting torus of the space time model', b'1'),
(238, 67, 54, '2010-02-21 20:31:28', 'born from the postulations of a beautiful curiosity comparable to the glint in your eyes.', b'1'),
(239, 54, 64, '2010-02-21 20:39:02', 'OI', b'1'),
(240, 64, 54, '2010-02-21 20:39:14', 'ye boi!!! i am ere!!! i b bk soon!!!', b'1'),
(241, 54, 64, '2010-02-21 20:43:24', 'WER U GOIN', b'1'),
(242, 54, 55, '2010-02-21 20:42:48', 'oI', b'0'),
(243, 64, 54, '2010-02-21 20:43:40', 'i was in da bath i was jus gettin dry after it i am bk now wer r u??? xxx', b'1'),
(244, 54, 64, '2010-02-21 20:44:12', 'in ur bar, come now', b'1'),
(245, 64, 54, '2010-02-21 20:44:17', 'kk mern', b'1'),
(246, 54, 55, '2010-02-21 20:59:51', 'you stil here?', b'0');

-- --------------------------------------------------------

--
-- Table structure for table `moderation_bans`
--

CREATE TABLE IF NOT EXISTS `moderation_bans` (
  `id` int(10) NOT NULL AUTO_INCREMENT,
  `userid` int(10) NOT NULL,
  `ip` varchar(16) DEFAULT NULL,
  `applied_at` datetime NOT NULL,
  `applied_by` int(10) NOT NULL,
  `expires_at` datetime NOT NULL,
  `reason` mediumtext NOT NULL,
  PRIMARY KEY (`id`)
) ENGINE=MyISAM DEFAULT CHARSET=latin1 AUTO_INCREMENT=1 ;

--
-- Dumping data for table `moderation_bans`
--


-- --------------------------------------------------------

--
-- Table structure for table `spaces`
--

CREATE TABLE IF NOT EXISTS `spaces` (
  `id` int(10) NOT NULL AUTO_INCREMENT,
  `ownerid` int(10) NOT NULL,
  `name` varchar(100) NOT NULL,
  `description` varchar(255) NOT NULL,
  `model` varchar(25) NOT NULL,
  `users_now` smallint(6) NOT NULL DEFAULT '0',
  `users_max` smallint(6) NOT NULL DEFAULT '25',
  `showowner` bit(1) NOT NULL,
  `superusers` bit(1) NOT NULL,
  `accesstype` varchar(8) NOT NULL DEFAULT 'open',
  `password` varchar(15) NOT NULL,
  `wallpaper` smallint(6) NOT NULL,
  `floor` smallint(6) NOT NULL,
  PRIMARY KEY (`id`),
  UNIQUE KEY `uni` (`id`)
) ENGINE=MyISAM  DEFAULT CHARSET=latin1 AUTO_INCREMENT=2892 ;

--
-- Dumping data for table `spaces`
--

INSERT INTO `spaces` (`id`, `ownerid`, `name`, `description`, `model`, `users_now`, `users_max`, `showowner`, `superusers`, `accesstype`, `password`, `wallpaper`, `floor`) VALUES
(1, 0, 'Main Lobby', 'lobby', 'lobby_a', 0, 25, b'0', b'0', 'open', '', 0, 0),
(2, -1, 'Basement Lobby', 'floorlobby_a', 'floorlobby_a', 0, 40, b'0', b'0', 'open', '', 0, 0),
(3, -1, 'Median Lobby', 'floorlobby_b', 'floorlobby_b', 0, 40, b'0', b'0', 'open', '', 0, 0),
(4, -1, 'Skylight Lobby', 'floorlobby_c', 'floorlobby_c', 0, 25, b'0', b'0', 'open', '', 0, 0),
(5, -1, 'Theatredome', '', 'theater', 0, 100, b'0', b'0', 'open', '', 0, 0),
(2752, 1, 'Hai Myrax', 'welcome :)', 'model_a', 0, 25, b'1', b'0', 'open', 'wef', 304, 610),
(6, 0, 'Club Massiva', 'bar', 'bar_a', 0, 40, b'0', b'0', 'open', '', 0, 0),
(7, -1, 'Club Massiva B', 'bar2', 'bar_b', 0, 40, b'0', b'0', 'open', '', 0, 0),
(8, -1, 'Orange Cinema', 'ch_cinema', 'cinema_a', 0, 50, b'0', b'0', 'open', '', 0, 0),
(9, 0, 'Habbo Lido', 'lido', 'pool_a', 0, 25, b'0', b'0', 'open', '', 0, 0),
(10, -1, 'Habbo Lido', 'lido', 'pool_b', 0, 25, b'0', b'0', 'open', '', 0, 0),
(2753, 4, 'mod_stacking', 'hellow', 'model_a', 0, 25, b'1', b'1', 'open', '', 302, 302),
(2755, 4, 'Hang-out', '', 'model_a', 0, 25, b'1', b'1', 'open', 'wef', 901, 302),
(2756, 1, 'empty', 'test', 'model_a', 0, 25, b'1', b'0', 'open', 'wef', 111, 307),
(2757, 12, '2Chat&Chill Room', 'lol ^_^', 'model_a', 0, 25, b'1', b'0', 'open', 'wef', 307, 212),
(2758, 13, 'Hay FlavorWave Here', 'hay hay i''m a faggot', 'model_a', 0, 25, b'1', b'0', 'open', 'wef', 601, 301),
(2759, 13, 'Hay FlavorWave here', 'i''m a fag', 'model_a', 0, 25, b'1', b'0', 'open', 'wef', 201, 111),
(2760, 13, 'asfs', 'sfasf', 'model_a', 0, 25, b'1', b'0', 'open', 'wef', 201, 111),
(2761, 15, ':]', '', 'model_a', 0, 25, b'1', b'0', 'open', 'wef', 505, 401),
(2762, 13, 'afas', 'fsfsafasd', 'model_a', 0, 25, b'1', b'0', 'open', 'wef', 201, 111),
(2763, 18, ':P', '', 'model_a', 0, 25, b'0', b'0', 'open', '', 401, 302),
(2764, 20, 'a', '', 'model_a', 0, 25, b'0', b'0', 'open', '', 809, 110),
(2765, 21, 'M&auml; rakastan Helmi', '', 'model_a', 0, 25, b'1', b'0', 'open', 'wef', 304, 307),
(2766, 22, '<b>s', '<b>s', 'model_a', 0, 25, b'1', b'0', 'open', 'wef', 201, 111),
(2767, 23, 'K&auml;mp!', '', 'model_a', 0, 25, b'1', b'0', 'open', 'wef', 809, 111),
(2768, 23, 'K&auml;mp!', '', 'model_a', 0, 25, b'1', b'0', 'open', 'wef', 201, 111),
(2769, 23, 'K&auml;mp!', '', 'model_a', 0, 25, b'1', b'0', 'open', 'wef', 201, 111),
(2770, 6, 'Too epic for you?', '', 'model_a', 0, 25, b'1', b'1', 'open', 'wef', 101, 101),
(2771, 1, 'xxx', 'tmpsex', 'model_a', 0, 25, b'1', b'0', 'open', 'wef', 201, 111),
(2772, 4, 'Test room', 'Helleuw world', 'model_e', 0, 25, b'1', b'0', 'open', 'wef', 401, 302),
(2773, 31, 'my world - meu mundo', 'uba!!!', 'model_f', 0, 25, b'1', b'0', 'open', 'wef', 903, 301),
(2774, 18, 'Books', '', 'model_f', 0, 25, b'1', b'0', 'open', 'wef', 1001, 406),
(2775, 1, 'Meep', 'test', 'model_a', 0, 25, b'1', b'0', 'open', 'wef', 201, 111),
(2776, 24, 'SlayeR Room', 'Welcome :]', 'model_b', 0, 25, b'1', b'0', 'open', 'wef', 215, 303),
(2777, 24, 'Testing :]', 'Testing =]', 'model_b', 0, 25, b'1', b'0', 'open', 'wef', 101, 101),
(11, 0, 'The Dirty Duck Pub', 'pub', 'pub_a', 0, 40, b'0', b'0', 'open', '', 0, 0),
(12, -1, 'Slinky Helsinki - A', '', 'malja_bar_a', 0, 45, b'0', b'0', 'open', '', 0, 0),
(13, -1, 'Slinky Helsinki - B', '', 'malja_bar_b', 0, 45, b'0', b'0', 'open', '', 0, 0),
(14, -1, 'Hotel Kitchen', 'kitchen', 'cr_kitchen', 0, 25, b'0', b'0', 'open', '', 0, 0),
(15, 0, 'Cafe Ole', 'taivas_cafe', 'taivas_cafe', 0, 30, b'0', b'0', 'open', '', 0, 0),
(2754, 3, 'ok', 'asdsa', 'model_a', 0, 25, b'1', b'0', 'open', 'wef', 101, 111),
(2778, 32, 'Androik :S', '', 'model_e', 0, 25, b'1', b'0', 'open', 'wef', 101, 101),
(2779, 32, 'Italy Androik :)', '', 'model_e', 0, 25, b'1', b'0', 'open', 'wef', 804, 201),
(2780, 5, 'null_', 'testok', 'model_a', 0, 25, b'0', b'0', 'password', 'redpill', 101, 101),
(2784, 5, 'model_b', '', 'model_b', 0, 25, b'0', b'0', 'closed', 'wef', 101, 101),
(2781, 37, 'Testing room', 'Hello', 'model_a', 0, 25, b'1', b'0', 'open', 'wef', 1003, 501),
(2782, 37, 'Testing Room', 'Titles says all!', 'model_a', 0, 25, b'1', b'0', 'open', 'wef', 101, 101),
(2783, 5, 'Dining room of yeaaah', '', 'model_e', 0, 25, b'0', b'0', 'open', 'wef', 401, 302),
(2785, 5, 'model_c', '', 'model_c', 0, 25, b'0', b'0', 'open', '', 101, 101),
(2786, 5, 'model_d', '', 'model_d', 0, 25, b'0', b'0', 'closed', 'wef', 101, 101),
(2787, 5, 'model_f', '', 'model_f', 0, 25, b'0', b'0', 'closed', 'wef', 101, 101),
(2789, 5, 'Picnic you sai?', '', 'model_b', 0, 25, b'0', b'0', 'open', '', 1004, 201),
(2788, 5, 'model_e', '', 'model_e', 0, 25, b'0', b'0', 'open', '', 101, 101),
(2790, 44, 'mirko', '', 'model_a', 0, 25, b'1', b'0', 'open', 'wef', 101, 101),
(2791, 46, '?¶÷', '', 'model_c', 0, 25, b'0', b'0', 'open', 'wef', 218, 110),
(2792, 50, 'The Room', '', 'model_a', 0, 25, b'0', b'0', 'open', 'wef', 405, 302),
(2793, 51, 'dit is lol', '', 'model_a', 0, 25, b'1', b'0', 'open', 'wef', 101, 101),
(2794, 2, 'test', '', 'model_a', 0, 25, b'1', b'0', 'password', 'lol123', 101, 101),
(2795, 5, 'Plastooo', '', 'model_a', 0, 25, b'1', b'0', 'open', 'wef', 101, 101),
(2796, 53, 'Succession!', '', 'model_a', 0, 25, b'1', b'0', 'open', '', 401, 201),
(2802, 55, '[L] Chapel', '', 'model_a', 0, 25, b'0', b'0', 'closed', '', 609, 302),
(2797, 54, '[S] The Sith Order', '', 'model_a', 0, 25, b'1', b'0', 'open', 'wef', 609, 401),
(2798, 57, 'Sim''s Room', '', 'model_a', 0, 25, b'1', b'0', 'open', 'wef', 216, 507),
(2799, 54, 'The Sith Order', '', 'model_a', 0, 25, b'1', b'0', 'open', 'wef', 101, 101),
(2800, 57, 'My Room', '', 'model_a', 0, 25, b'1', b'0', 'closed', 'wef', 216, 507),
(2801, 55, '[L] Grand Hallway', '', 'model_a', 0, 25, b'0', b'0', 'closed', '', 609, 302),
(2803, 55, '[L] Torture Chamber', '', 'model_a', 0, 25, b'0', b'0', 'closed', '', 609, 302),
(2806, 55, '[L] Hidden Caverns', '', 'model_b', 0, 25, b'0', b'0', 'closed', '', 1004, 302),
(2804, 56, '[L] Gymnasium II', '', 'model_a', 0, 25, b'1', b'0', 'closed', '', 609, 401),
(2805, 56, '[L] Gymnasium I', '', 'model_a', 0, 25, b'1', b'0', 'closed', '', 202, 205),
(2807, 55, '[L] Hidden Caverns', '', 'model_e', 0, 25, b'0', b'0', 'closed', '', 1004, 302),
(2808, 55, '[L] Hidden Caverns', '', 'model_d', 0, 25, b'0', b'0', 'closed', '', 1004, 302),
(2809, 55, '[L] Ancient Chamber', '', 'model_c', 0, 25, b'0', b'0', 'closed', '', 1007, 302),
(2811, 59, 'WoD; The Overgrown.', '', 'model_a', 0, 25, b'0', b'0', 'open', '', 216, 406),
(2810, 55, 'WoD; dLorenzi Manor', 'Located in the outskirts of Messina, a vast Manor looms infront of you.', 'model_a', 0, 25, b'0', b'0', 'open', '', 1007, 302),
(2813, 59, 'WoD: Deserted Station.', '', 'model_b', 0, 25, b'0', b'0', 'open', '', 216, 406),
(2812, 62, 'crack den', '', 'model_a', 0, 25, b'1', b'0', 'open', 'wef', 101, 101),
(2814, 59, 'WoD; Messina - Slums.', '', 'model_a', 0, 25, b'0', b'0', 'open', '', 710, 212),
(2815, 64, '[WoD] Obi''s Flat', 'A small, scarcely furnished, one bedroom flat.', 'model_b', 0, 25, b'0', b'0', 'open', '', 1003, 502),
(2817, 65, 'SL4YA''s Chillout Bar', 'A bar', 'model_b', 0, 25, b'1', b'0', 'open', 'wef', 101, 101),
(2816, 5, 'The Source', '', 'model_c', 0, 25, b'0', b'0', 'open', '', 218, 110),
(2818, 69, 'Home', '', 'model_a', 0, 25, b'1', b'0', 'open', 'wef', 605, 201),
(2819, 68, 'WoD; Lupo Sorriso ', 'A bar in Venice, in the World of Darkness.', 'model_a', 0, 25, b'1', b'0', 'open', 'wef', 101, 101),
(2820, 68, 'WoD; Lupo Sorriso', 'A bar in Venice', 'model_a', 0, 25, b'1', b'0', 'open', 'wef', 101, 101),
(2821, 70, 'Joshes BOT', 'for 50c', 'model_a', 0, 25, b'0', b'0', 'open', '', 304, 205),
(2825, 59, 'WoD; The Black Pad.', '', 'model_d', 0, 25, b'0', b'0', 'closed', '', 217, 401),
(2822, 59, 'WoD; Forest I.', '', 'model_a', 0, 25, b'0', b'0', 'closed', '', 216, 201),
(2823, 59, 'WoD; Forest II.', '', 'model_b', 0, 25, b'0', b'0', 'open', '', 216, 201),
(2824, 71, 'Donate Me', '', 'model_a', 0, 25, b'1', b'1', 'open', 'wef', 101, 101),
(2834, 55, 'WoD; The Gilded Cup', 'An upmarket restaurant in Uptown Messina.', 'model_e', 0, 25, b'0', b'0', 'open', 'wef', 1001, 307),
(2826, 55, 'WoD; Open Roads', 'A road passing by the Lasombra manor amongst other things.', 'model_b', 0, 25, b'0', b'0', 'open', 'wef', 1004, 301),
(2827, 55, 'WoD; Messina - Gates', 'The Gates to the City of Messina', 'model_e', 0, 25, b'0', b'0', 'open', 'wef', 1001, 307),
(2828, 55, 'WoD; Messina - Square', 'Central square of the City of Messina', 'model_a', 0, 25, b'0', b'0', 'open', '', 1001, 307),
(2829, 55, 'WoD; Messina - Slums ', '', 'model_b', 0, 25, b'1', b'0', 'open', 'wef', 115, 401),
(2830, 55, 'WoD; The Salty Spitoon', 'How tough are ye''?', 'model_f', 0, 25, b'0', b'0', 'open', '', 1003, 401),
(2831, 55, 'WoD; Salty Spitoon - Upstairs', 'WoD; Upstairs in The Salty Spitoon are rooms, and a washroom.', 'model_f', 0, 25, b'0', b'0', 'closed', '', 101, 101),
(2832, 55, 'WoD; Messina - Market', '', 'model_a', 0, 25, b'0', b'0', 'open', 'wef', 1001, 307),
(2833, 55, 'WoD; Messina - Upper City ', '', 'model_b', 0, 25, b'0', b'0', 'open', '', 1001, 307),
(2835, 55, 'WoD; Messina - Slums', '', 'model_b', 0, 25, b'0', b'0', 'open', 'wef', 115, 401),
(2836, 55, 'WoD; Messina - Bunker', 'A bunker located within the slums of Messina. A known hive of criminal activity.', 'model_f', 0, 25, b'0', b'0', 'open', 'wef', 607, 408),
(2837, 59, 'WoD; Nosferatu''s Hideout.', '', 'model_a', 0, 25, b'0', b'0', 'closed', '', 508, 401),
(2838, 59, 'WoD; "Glory Holes."', '', 'model_e', 0, 25, b'0', b'0', 'open', '', 1002, 303),
(2840, 56, 'WoD; Club Floor I - Goth&Punk', '', 'model_a', 0, 25, b'1', b'0', 'open', '', 709, 303),
(2839, 72, 'WoD; The Duck''s Boots', 'Small pub with a friendly atmosphere owned by a large lower class family.', 'model_a', 0, 25, b'1', b'0', 'open', '', 809, 208),
(2841, 56, 'WoD; Road and Club Entrance', '', 'model_b', 0, 25, b'1', b'0', 'open', '', 807, 404),
(2842, 71, 'My Room', '', 'model_a', 0, 25, b'0', b'0', 'password', 'bob123', 101, 101),
(2843, 76, 'g', '', 'model_c', 0, 25, b'1', b'0', 'closed', 'wef', 101, 301),
(2844, 55, 'WoD; Messina - Promenade', '', 'model_f', 0, 25, b'0', b'0', 'open', '', 1005, 307),
(2845, 56, 'WoD; Club Floor II - Rave', '', 'model_b', 0, 25, b'1', b'0', 'open', '', 807, 502),
(2846, 56, 'WoD; Club Office and CCTV.', '', 'model_c', 0, 25, b'1', b'0', 'closed', '', 607, 303),
(2847, 59, 'WoD; Sewers I.', '', 'model_a', 0, 25, b'0', b'0', 'closed', '', 610, 401),
(2848, 59, 'WoD; Sewers II.', '', 'model_b', 0, 25, b'0', b'0', 'closed', '', 610, 401),
(2849, 59, 'WoD; Sewers III.', '', 'model_f', 0, 25, b'0', b'0', 'closed', '', 710, 401),
(2851, 80, '- Rented Apartment', '', 'model_a', 0, 25, b'1', b'0', 'open', 'wef', 304, 401),
(2850, 78, 'My New Room', 'My New Room', 'model_a', 0, 25, b'1', b'0', 'open', 'wef', 101, 101),
(2852, 59, 'WoD; The Workshop.', '', 'model_a', 0, 25, b'1', b'0', 'open', '', 202, 507),
(2853, 71, 'My Room Twix', '', 'model_a', 0, 25, b'1', b'0', 'open', 'wef', 101, 101),
(2854, 86, 'Noob!', '', 'model_a', 0, 25, b'1', b'0', 'open', 'wef', 101, 101),
(2855, 71, 'My Room', 'Hurry Up', 'model_e', 0, 25, b'1', b'1', 'open', 'wef', 101, 101),
(2856, 71, 'my rooom', '', 'model_e', 0, 25, b'1', b'0', 'open', 'wef', 101, 101),
(2857, 89, ':O old catolouge', '', 'model_a', 0, 25, b'1', b'0', 'open', 'wef', 501, 501),
(2858, 64, '[WoD] Sbarrare Rosso', '"Bar Red". A bar that is unofficially owned by the Sabbat. A safe haven for the pack.', 'model_f', 5, 25, b'0', b'0', 'open', '', 709, 205),
(2859, 90, 'Michael Room', '', 'model_a', 0, 25, b'1', b'0', 'open', '', 106, 301),
(2864, 59, 'WoD; Infomation. [OOC]', '', 'model_b', 0, 25, b'1', b'0', 'open', 'wef', 507, 301),
(2861, 44, 'huis', '', 'model_a', 0, 25, b'1', b'0', 'open', '', 608, 504),
(2860, 92, 'Abandoned Mansion', '', 'model_a', 0, 25, b'0', b'0', 'open', '', 101, 101),
(2862, 44, 'badkamer', '', 'model_a', 0, 25, b'0', b'0', 'closed', '', 303, 301),
(2863, 44, 'huis', '', 'model_a', 0, 25, b'0', b'0', 'closed', '', 508, 610),
(2865, 59, 'WoD; Camarilla, Manor Gates.', '', 'model_a', 0, 25, b'1', b'0', 'closed', '', 112, 302),
(2866, 5, 'BOT Testing', '', 'model_a', 0, 25, b'1', b'0', 'open', 'wef', 101, 101),
(2867, 64, '[WoD] Sabbat Priest''s Office', 'An office used by the Priest or any Sabbat seeking to become a priest.', 'model_c', 0, 25, b'0', b'0', 'open', '', 216, 502),
(2868, 92, 'WoD; Eve''s Appartment', 'A small appartment belonging to Eve Drayson.', 'model_f', 0, 25, b'1', b'0', 'open', 'wef', 202, 110),
(2869, 59, 'WoD; Camarilla, Grand Halls.', '', 'model_a', 0, 25, b'1', b'0', 'password', 'stone', 216, 303),
(2870, 59, 'WoD; Camarilla, Dojo I.', '', 'model_b', 0, 25, b'1', b'0', 'password', 'stone', 216, 303),
(2872, 59, 'WoD; Camarilla, Dojo II.', '', 'model_e', 0, 25, b'1', b'0', 'password', 'wef', 216, 303),
(2871, 59, 'WoD; Camarilla, Dojo Hall', '', 'model_c', 0, 25, b'1', b'0', 'password', 'stone', 216, 303),
(2873, 59, 'WoD; Camarilla, Meeting.', '', 'model_a', 0, 25, b'1', b'0', 'password', 'stone', 216, 303),
(2875, 59, 'WoD; Camarilla, Cellar.', '', 'model_b', 0, 25, b'1', b'0', 'password', 'stone', 216, 207),
(2874, 96, 'Party', '', 'model_f', 0, 25, b'0', b'0', 'open', 'wef', 101, 101),
(2876, 97, 'Chill', '', 'model_b', 0, 25, b'1', b'0', 'open', 'wef', 101, 101),
(2877, 103, 'Hi :D', '', 'model_c', 0, 25, b'1', b'0', 'open', 'wef', 101, 101),
(2878, 104, 'V1 ol Love', '', 'model_a', 0, 25, b'1', b'0', 'open', 'wef', 407, 111),
(2879, 104, 'hehe', '', 'model_a', 0, 25, b'1', b'0', 'open', 'wef', 1001, 101),
(2880, 113, 'The Lounge', '', 'model_a', 0, 25, b'1', b'0', 'open', 'wef', 218, 601),
(2881, 114, 'the habbo', '', 'model_a', 0, 25, b'0', b'0', 'open', '', 403, 203),
(2883, 116, '...', '', 'model_a', 0, 25, b'1', b'0', 'open', 'wef', 101, 101),
(2882, 24, 'Testing', '', 'model_c', 0, 25, b'1', b'0', 'open', 'wef', 101, 101),
(2884, 89, 'Bathroom', '', 'model_c', 0, 25, b'1', b'0', 'open', 'wef', 1001, 110),
(2889, 55, 'WoD; Barn Rafters', '', 'model_d', 0, 25, b'0', b'0', 'open', 'wef', 101, 101),
(2888, 55, 'WoD; Old Barn', 'A rundown Barn in the Sicilian countryside.', 'model_b', 0, 25, b'0', b'0', 'open', 'wef', 1003, 301),
(2886, 129, 'ggggggggggg', '', 'model_c', 0, 25, b'1', b'0', 'open', 'wef', 101, 101),
(2885, 129, 'Boner', '', 'model_e', 0, 25, b'1', b'0', 'open', 'wef', 101, 101),
(2887, 130, 'room', '', 'model_a', 0, 25, b'1', b'0', 'open', 'wef', 101, 101),
(2890, 55, 'WoD; Barnyard', '', 'model_b', 0, 25, b'0', b'0', 'open', 'wef', 101, 101),
(2891, 134, ',', '', 'model_a', 0, 25, b'1', b'0', 'open', 'wef', 304, 401);

-- --------------------------------------------------------

--
-- Table structure for table `spaces_bots`
--

CREATE TABLE IF NOT EXISTS `spaces_bots` (
  `id` int(11) NOT NULL AUTO_INCREMENT,
  `ownerid` int(11) NOT NULL,
  `name` varchar(25) NOT NULL,
  `figure` char(255) NOT NULL,
  `sex` char(1) NOT NULL,
  `motto` varchar(100) NOT NULL,
  `spaceid` int(11) NOT NULL,
  `x` smallint(6) NOT NULL,
  `y` smallint(6) NOT NULL,
  PRIMARY KEY (`id`)
) ENGINE=MyISAM  DEFAULT CHARSET=latin1 AUTO_INCREMENT=3 ;

--
-- Dumping data for table `spaces_bots`
--

INSERT INTO `spaces_bots` (`id`, `ownerid`, `name`, `figure`, `sex`, `motto`, `spaceid`, `x`, `y`) VALUES
(2, 5, 'testbot', 'sd=001/0&hr=007/255,255,255&hd=002/255,204,153&ey=003/0&fc=001/255,204,153&bd=001/255,204,153&lh=001/255,204,153&rh=001/255,204,153&ch=001/255,255,255&ls=002/255,255,255&rs=002/255,255,255&lg=004/51,51,51&sh=002/255,255,255', 'M', '', 2780, 5, 5);

-- --------------------------------------------------------

--
-- Table structure for table `spaces_flatcontrollers`
--

CREATE TABLE IF NOT EXISTS `spaces_flatcontrollers` (
  `spaceid` int(10) NOT NULL,
  `userid` int(10) NOT NULL
) ENGINE=MyISAM DEFAULT CHARSET=latin1;

--
-- Dumping data for table `spaces_flatcontrollers`
--


-- --------------------------------------------------------

--
-- Table structure for table `spaces_models`
--

CREATE TABLE IF NOT EXISTS `spaces_models` (
  `model` varchar(100) CHARACTER SET latin1 NOT NULL,
  `doorx` smallint(3) NOT NULL DEFAULT '0',
  `doory` smallint(3) NOT NULL DEFAULT '0',
  `doorz` float NOT NULL,
  `heightmap` text CHARACTER SET latin1 NOT NULL,
  `haspool` bit(1) NOT NULL,
  PRIMARY KEY (`model`),
  KEY `uni` (`model`)
) ENGINE=MyISAM DEFAULT CHARSET=latin1 COLLATE=latin1_general_ci;

--
-- Dumping data for table `spaces_models`
--

INSERT INTO `spaces_models` (`model`, `doorx`, `doory`, `doorz`, `heightmap`, `haspool`) VALUES
('model_a', 3, 5, 0, 'xxxxxxxxxxxx xxxx00000000 xxxx00000000 xxxx00000000 xxxx00000000 xxxx00000000 xxx000000000 xxxx00000000 xxxx00000000 xxxx00000000 xxxx00000000 xxxx00000000 xxxx00000000 xxxx00000000 xxxx00000000 xxxxxxxxxxxx', b'0'),
('model_b', 0, 5, 0, 'xxxxxxxxxxxx xxxxx0000000 xxxxx0000000 xxxxx0000000 xxxxx0000000 x00000000000 000000000000 x00000000000 x00000000000 x00000000000 x00000000000 x00000000000 xxxxxxxxxxxx xxxxxxxxxxxx xxxxxxxxxxxx xxxxxxxxxxxx', b'0'),
('model_c', 4, 7, 0, 'xxxxxxxxxxxx xxxxxxxxxxxx xxxxxxxxxxxx xxxxxxxxxxxx xxxxxxxxxxxx xxxxx000000x xxxxx000000x xxxxx000000x xxxx0000000x xxxxx000000x xxxxx000000x xxxxx000000x xxxxxxxxxxxx xxxxxxxxxxxx xxxxxxxxxxxx xxxxxxxxxxxx', b'0'),
('model_d', 4, 7, 0, 'xxxxxxxxxxxx xxxxx000000x xxxxx000000x xxxxx000000x xxxxx000000x xxxxx000000x xxxxx000000x xxxxx000000x xxxx0000000x xxxxx000000x xxxxx000000x xxxxx000000x xxxxx000000x xxxxx000000x xxxxx000000x xxxxx000000x', b'0'),
('model_e', 1, 5, 0, 'xxxxxxxxxxxx xxxxxxxxxxxx xxxxxxxxxxxx xx0000000000 xx0000000000 xx0000000000 x00000000000 xx0000000000 xx0000000000 xx0000000000 xx0000000000 xx0000000000 xxxxxxxxxxxx xxxxxxxxxxxx xxxxxxxxxxxx xxxxxxxxxxxx', b'0'),
('model_f', 2, 5, 0, 'xxxxxxxxxxxx xxxxxxx0000x xxxxxxx0000x xxxxxxx0000x xxx00000000x xxx00000000x xx000000000x xxx00000000x x0000000000x x0000000000x x0000000000x x0000000000x xxxxxxxxxxxx xxxxxxxxxxxx xxxxxxxxxxxx xxxxxxxxxxxx', b'0'),
('model_g', 1, 7, 1, 'xxxxxxxxxxxxx xxxxxxxxxxxxx xxxxxxx00000x xxxxxxx00000x xxxxxxx00000x xx1111000000x xx1111000000x xx1111000000x xx1111000000x xx1111000000x xxxxxxx00000x xxxxxxx00000x xxxxxxx00000x xxxxxxxxxxxxx xxxxxxxxxxxxx xxxxxxxxxxxxx xxxxxxxxxxxxx', b'0'),
('model_h', 4, 4, 1, 'xxxxxxxxxxxx xxxxxxxxxxxx xxxxx111111x xxxxx111111x xxxxx111111x xxxxx111111x xxxxx111111x xxxxx000000x xxxxx000000x xxx00000000x xxx00000000x xxx00000000x xxx00000000x xxxxxxxxxxxx xxxxxxxxxxxx xxxxxxxxxxxx', b'0'),
('model_i', 0, 10, 0, 'xxxxxxxxxxxxxxxxx x0000000000000000 x0000000000000000 x0000000000000000 x0000000000000000 x0000000000000000 x0000000000000000 x0000000000000000 x0000000000000000 x0000000000000000 x0000000000000000 x0000000000000000 x0000000000000000 x0000000000000000 x0000000000000000 x0000000000000000 x0000000000000000 x0000000000000000 x0000000000000000 x0000000000000000 x0000000000000000 x0000000000000000 x0000000000000000 x0000000000000000 x0000000000000000 x0000000000000000 x0000000000000000 xxxxxxxxxxxxxxxxx', b'0'),
('model_j', 0, 10, 0, 'xxxxxxxxxxxxxxxxxxxxx xxxxxxxxxxx0000000000 xxxxxxxxxxx0000000000 xxxxxxxxxxx0000000000 xxxxxxxxxxx0000000000 xxxxxxxxxxx0000000000 xxxxxxxxxxx0000000000 x00000000000000000000 x00000000000000000000 x00000000000000000000 x00000000000000000000 x00000000000000000000 x00000000000000000000 x00000000000000000000 x00000000000000000000 x00000000000000000000 x00000000000000000000 x0000000000xxxxxxxxxx x0000000000xxxxxxxxxx x0000000000xxxxxxxxxx x0000000000xxxxxxxxxx x0000000000xxxxxxxxxx x0000000000xxxxxxxxxx xxxxxxxxxxxxxxxxxxxxx', b'0'),
('model_k', 0, 13, 0, 'xxxxxxxxxxxxxxxxxxxxxxxxx xxxxxxxxxxxxxxxxx00000000 xxxxxxxxxxxxxxxxx00000000 xxxxxxxxxxxxxxxxx00000000 xxxxxxxxxxxxxxxxx00000000 xxxxxxxxx0000000000000000 xxxxxxxxx0000000000000000 xxxxxxxxx0000000000000000 xxxxxxxxx0000000000000000 x000000000000000000000000 x000000000000000000000000 x000000000000000000000000 x000000000000000000000000 x000000000000000000000000 x000000000000000000000000 x000000000000000000000000 x000000000000000000000000 xxxxxxxxx0000000000000000 xxxxxxxxx0000000000000000 xxxxxxxxx0000000000000000 xxxxxxxxx0000000000000000 xxxxxxxxx0000000000000000 xxxxxxxxx0000000000000000 xxxxxxxxx0000000000000000 xxxxxxxxx0000000000000000 xxxxxxxxx0000000000000000 xxxxxxxxx0000000000000000 xxxxxxxxxxxxxxxxxxxxxxxxx', b'0'),
('model_l', 0, 16, 0, 'xxxxxxxxxxxxxxxxxxxxx x00000000000000000000 x00000000000000000000 x00000000000000000000 x00000000000000000000 x00000000000000000000 x00000000000000000000 x00000000000000000000 x00000000000000000000 x00000000xxxx00000000 x00000000xxxx00000000 x00000000xxxx00000000 x00000000xxxx00000000 x00000000xxxx00000000 x00000000xxxx00000000 x00000000xxxx00000000 x00000000xxxx00000000 x00000000xxxx00000000 x00000000xxxx00000000 x00000000xxxx00000000 x00000000xxxx00000000 xxxxxxxxxxxxxxxxxxxxx', b'0'),
('model_m', 0, 15, 0, 'xxxxxxxxxxxxxxxxxxxxxxxxxxxxx xxxxxxxxxxx00000000xxxxxxxxxx xxxxxxxxxxx00000000xxxxxxxxxx xxxxxxxxxxx00000000xxxxxxxxxx xxxxxxxxxxx00000000xxxxxxxxxx xxxxxxxxxxx00000000xxxxxxxxxx xxxxxxxxxxx00000000xxxxxxxxxx xxxxxxxxxxx00000000xxxxxxxxxx xxxxxxxxxxx00000000xxxxxxxxxx xxxxxxxxxxx00000000xxxxxxxxxx xxxxxxxxxxx00000000xxxxxxxxxx x0000000000000000000000000000 x0000000000000000000000000000 x0000000000000000000000000000 x0000000000000000000000000000 x0000000000000000000000000000 x0000000000000000000000000000 x0000000000000000000000000000 x0000000000000000000000000000 xxxxxxxxxxx00000000xxxxxxxxxx xxxxxxxxxxx00000000xxxxxxxxxx xxxxxxxxxxx00000000xxxxxxxxxx xxxxxxxxxxx00000000xxxxxxxxxx xxxxxxxxxxx00000000xxxxxxxxxx xxxxxxxxxxx00000000xxxxxxxxxx xxxxxxxxxxx00000000xxxxxxxxxx xxxxxxxxxxx00000000xxxxxxxxxx xxxxxxxxxxx00000000xxxxxxxxxx xxxxxxxxxxx00000000xxxxxxxxxx xxxxxxxxxxxxxxxxxxxxxxxxxxxxx', b'0'),
('model_n', 0, 16, 0, 'xxxxxxxxxxxxxxxxxxxxx x00000000000000000000 x00000000000000000000 x00000000000000000000 x00000000000000000000 x00000000000000000000 x00000000000000000000 x000000xxxxxxxx000000 x000000x000000x000000 x000000x000000x000000 x000000x000000x000000 x000000x000000x000000 x000000x000000x000000 x000000x000000x000000 x000000xxxxxxxx000000 x00000000000000000000 x00000000000000000000 x00000000000000000000 x00000000000000000000 x00000000000000000000 x00000000000000000000 xxxxxxxxxxxxxxxxxxxxx', b'0'),
('model_o', 0, 18, 1, 'xxxxxxxxxxxxxxxxxxxxxxxxx xxxxxxxxxxxxx11111111xxxx xxxxxxxxxxxxx11111111xxxx xxxxxxxxxxxxx11111111xxxx xxxxxxxxxxxxx11111111xxxx xxxxxxxxxxxxx11111111xxxx xxxxxxxxxxxxx11111111xxxx xxxxxxxxxxxxx11111111xxxx xxxxxxxxxxxxx00000000xxxx xxxxxxxxx0000000000000000 xxxxxxxxx0000000000000000 xxxxxxxxx0000000000000000 xxxxxxxxx0000000000000000 xxxxxxxxx0000000000000000 xxxxxxxxx0000000000000000 x111111100000000000000000 x111111100000000000000000 x111111100000000000000000 x111111100000000000000000 x111111100000000000000000 x111111100000000000000000 x111111100000000000000000 x111111100000000000000000 xxxxxxxxx0000000000000000 xxxxxxxxx0000000000000000 xxxxxxxxx0000000000000000 xxxxxxxxx0000000000000000 xxxxxxxxxxxxxxxxxxxxxxxxx', b'0'),
('model_p', 0, 23, 2, 'xxxxxxxxxxxxxxxxxxx xxxxxxx222222222222 xxxxxxx222222222222 xxxxxxx222222222222 xxxxxxx222222222222 xxxxxxx222222222222 xxxxxxx222222222222 xxxxxxx22222222xxxx xxxxxxx11111111xxxx x222221111111111111 x222221111111111111 x222221111111111111 x222221111111111111 x222221111111111111 x222221111111111111 x222221111111111111 x222221111111111111 x2222xx11111111xxxx x2222xx00000000xxxx x2222xx000000000000 x2222xx000000000000 x2222xx000000000000 x2222xx000000000000 x2222xx000000000000 x2222xx000000000000 xxxxxxxxxxxxxxxxxxx', b'0'),
('model_q', 10, 4, 2, 'xxxxxxxxxxxxxxxxxxx xxxxxxxxxxx22222222 xxxxxxxxxxx22222222 xxxxxxxxxxx22222222 xxxxxxxxxxx22222222 xxxxxxxxxxx22222222 xxxxxxxxxxx22222222 x222222222222222222 x222222222222222222 x222222222222222222 x222222222222222222 x222222222222222222 x222222222222222222 x2222xxxxxxxxxxxxxx x2222xxxxxxxxxxxxxx x2222211111xx000000 x222221111110000000 x222221111110000000 x2222211111xx000000 xx22xxx1111xxxxxxxx xx11xxx1111xxxxxxxx x1111xx1111xx000000 x1111xx111110000000 x1111xx111110000000 x1111xx1111xx000000 xxxxxxxxxxxxxxxxxxx', b'0'),
('model_r', 10, 4, 3, 'xxxxxxxxxxxxxxxxxxxxxxxxx xxxxxxxxxxx33333333333333 xxxxxxxxxxx33333333333333 xxxxxxxxxxx33333333333333 xxxxxxxxxxx33333333333333 xxxxxxxxxxx33333333333333 xxxxxxxxxxx33333333333333 xxxxxxx333333333333333333 xxxxxxx333333333333333333 xxxxxxx333333333333333333 xxxxxxx333333333333333333 xxxxxxx333333333333333333 xxxxxxx333333333333333333 x4444433333xxxxxxxxxxxxxx x4444433333xxxxxxxxxxxxxx x44444333333222xx000000xx x44444333333222xx000000xx xxx44xxxxxxxx22xx000000xx xxx33xxxxxxxx11xx000000xx xxx33322222211110000000xx xxx33322222211110000000xx xxxxxxxxxxxxxxxxx000000xx xxxxxxxxxxxxxxxxx000000xx xxxxxxxxxxxxxxxxx000000xx xxxxxxxxxxxxxxxxx000000xx xxxxxxxxxxxxxxxxxxxxxxxxx', b'0'),
('newbie_lobby', 2, 11, 0, 'xxxxxxxxxxxxxxxx000000 xxxxx0xxxxxxxxxx000000 xxxxx00000000xxx000000 xxxxx000000000xx000000 0000000000000000000000 0000000000000000000000 0000000000000000000000 0000000000000000000000 0000000000000000000000 xxxxx000000000000000xx xxxxx000000000000000xx x0000000000000000000xx x0000000000000000xxxxx xxxxxx00000000000xxxxx xxxxxxx0000000000xxxxx xxxxxxxx000000000xxxxx xxxxxxxx000000000xxxxx xxxxxxxx000000000xxxxx xxxxxxxx000000000xxxxx xxxxxxxx000000000xxxxx xxxxxxxx000000000xxxxx xxxxxx00000000000xxxxx xxxxxx00000000000xxxxx xxxxxx00000000000xxxxx xxxxxx00000000000xxxxx xxxxxx00000000000xxxxx xxxxx000000000000xxxxx xxxxx000000000000xxxxx', b'0'),
('theater', 20, 27, 0, 'XXXXXXXXXXXXXXXXXXXXXXX XXXXXXXXXXXXXXXXXXXXXXX XXXXXXXXXXXXXXXXXXXXXXX XXXXXXXXXXXXXXXXXXXXXXX XXXXXXXXXXXXXXXXXXXXXXX XXXXXXXXXXXXXXXXXXXXXXX XXXXXXX111111111XXXXXXX XXXXXXX11111111100000XX XXXX00X11111111100000XX XXXX00x11111111100000XX 4XXX00X11111111100000XX 4440000XXXXXXXXX00000XX 444000000000000000000XX 4XX000000000000000000XX 4XX0000000000000000000X 44400000000000000000000 44400000000000000000000 44X0000000000000000O000 44X11111111111111111000 44X11111111111111111000 33X11111111111111111000 22X11111111111111111000 22X11111111111111111000 22X11111111111111111000 22X11111111111111111000 22X11111111111111111000 22211111111111111111000 22211111111111111111000 XXXXXXXXXXXXXXXXXXXX00X XXXXXXXXXXXXXXXXXXXX00X', b'0'),
('library', 20, 3, 1, 'xxxxxxxxxxxxxxxxxxxxxxxxxxxxxxxx xxxxxxxxxxxxxxxxxxxxxxxxxxxxxxxx xxxxxxxxxxxxx11111xx1xx1x111111x xxxxxxxxxxxx111111xx1xx11111111x xx111xxxxxxx111111xx1xx11111111x xx111xxxxxxx1111111111111111111x xx111xxxxxxx1111111111111111111x xx111xxxxxxx1111111111111111111x xx111xxxxxxx1111111111111xxxxxxx xx111xxxxxx11111111111111111111x xx111xxxxxx11111111111111111111x xx111xxxxxx11111111111111111111x xx111xxxxxx11111111111111xxxxxxx xx111xxxxxxxx111111111111111111x xx111xx11111x111111111111111111x xx111xx11111x111111111111111111x xx111xxxxx11x11111111x111xxxxxxx xx111xxxxxxxx11111111xx11111111x xx111xxx1111111111111xxx1111111x xx111xxx1111111111111xxxx111111x xxx111xx1111111111x11xxxx000000x xxxxx1111xx1111111x11xxxx000000x xxxxxxxxxxxx111111x11xxxx000000x xxxxxxxxxxxx11xx11x11xxxx000000x xxxxxxxxxxxx11xx11x11xxxx000000x xxxxxxxxxxxx11xx11x11xxxx000000x xxxxxxxxxxxx11xx11x11xxxx000000x xxxxxxxxxxxx11xx11x11xxxx000000x xxxxxxxxxxxx11xx11x111xxx000000x xxxxxxxxxxxxxxxxxxxx11xxx000000x xxxxxxxxxxxxxxxxxxxx11xxxxxxxxxx xxxxxxxxxxxxxxxxxxxx22222xxxxxxx xxxxxxxxxxxxxxxxxxxx22222xxxxxxx xxxxxxxxxxxxxxxxxxxx22222xxxxxxx xxxxxxxxxxxxxxxxxxxx22222xxxxxxx xxxxxxxxxxxxxxxxxxxx22222xxxxxxx xxxxxxxxxxxxxxxxxxxx22222xxxxxxx xxxxxxxxxxxxxxxxxxxxxxxxxxxxxxxx', b'0'),
('floatinggarden', 2, 21, 5, 'xxxxxxxxxxxxxxxx333333xxxxxxxxx xxxxxxxxxxxxxxxx3xxxx3xxxxxxxxx xxxxxxxxxxxxxxxx3xxxx3xxxxxxxxx xxxxxxxxxxxxxxxx3xxxx3xxxxxxxxx xxxxxxxxxxxxxxx223xxx33xxxxxxxx xxxxxxxxxxxxxxx11xxx33333xxxxxx xxxxxxxxxxxxxxxx11xx3333333xxxx xxxxxxxxxxxxxxxx11xx33333333xxx xxxxxxxxxxxxxxxxx11xxxxxxxx3xxx xxxxxxxxxxxxxxxxxx11xxxx3333xxx xxxxxxxxxxxxxxxxxxx1xxxx33333xx xxxxxxxxxxxxxxxxxxx1xxx3333333x 555xxxxxxxxxxx1111111x333333333 555xxxxxxxxxxx21111111xxxxxx333 555xxxxxxxxxxx22111111111xxxxxx 555xxxxxxxxxxx222xxxxxxx111xxxx 555xxxxxxxxxxx22xxxxxxxxxx1xxxx 555xxxxxxxxxxx23333333333x111xx 555xxxxxxxx33333333333333x111xx 555xxxxxxxx333333x3333333x111xx 555xxxxxxxx33333333333333x111xx 555xxxxxxxx33x33333333333x111xx 555xxxxxxxx33x33x33333333x111xx 555xxxxxxxx33x33x33333333x111xx 5554333333333x333x3333333x111xx x554333333xxxx33xxxxxxxxxx111xx xxxxxxxxx3xxxx333221111111111xx xxxxxxxxx3xxxx333221111111111xx xxxxxxxxx33333333xx1111x11x11xx xxxxxxxxx33333333111xxx11xxxxxx xxxxxxxxxxxxxx33311xxxx11xxxxxx xxxxxxxxxxxxxx33311xxxx11xxxxxx xxxxxxxxxxxxxx333x1xxxx11xxxxxx xxxxxxxxxxxxxx333x1xx111111xxxx xxxxxxxxxxxxxx33311xx111111xxxx xxxxxxxxxx333333311xx111111xxxx xxxxxxxxxxx33333311xx111111xxxx xxxxxxxxxxxxxxxx111xxxxxxxxxxxx xxxxxxxxxxxxxxx111xxxxxxxxxxxxx', b'0'),
('sunset_cafe', 34, 40, 0, 'xxxxxxxxxxxxxxxxxxxxxxxxxxxxxxxxxxxxxxxxxxxxxxxxxx xxxxxxxxxxxxxxxxxxxxxxxxxxxxxxxxxxxxxxxxxxxxxxxxxx xxxxxxxxxxxxxxxxxxxxxxxxxxxxxxxxxxxxxxxxxxxxxxxxxx xxxxxxxxxxxxxxxxxxxxxxxxxxxxxxxxxxxxxxxxxxxxxxxxxx xxxxxxxxxxxxxxxxxxxxxxxxxxxxxxxxxxxxxxxxxxxxxxxxxx xxxxxxxxxxxxxxxxxxxxxxxxxxxxxxxxxxxxxxxxxxxxxxxxxx xxxxxxxxxxxxxxxxxxxxxxxxxxxxxxxxxxxxxxxxxxxxxxxxxx xxxxxxxxxxxxxxxxxxxxxxxxxxxxxxxxxxxxxxxxxxxxxxxxxx xxxxxxxxxxxxxxxxxxxxxxxxxxxxxxxxxxxxxxxxxxxxxxxxxx xxxxxxxxxxxxxxxxxxxxxxxxxxxxxxxxxxxxxxxxxxxxxxxxxx xxxxxxxxxxxxxxxxxxxxxxxxxxxxxxxxxxxxxxxxxxxxxxxxxx xxxxxxxxxxxxxxxxxxxxxxxxxxxxxxxxxxxxxxxxxxxxxxxxxx xxxxxxxxxxxxxxxxxxxxxxxxxxxxxxxxxxxxxxxxxxxxxxxxxx xxxxxxxxxxxxxxxxxxxxxxxxxxxxxxxxxxxxxxxxxxxxxxxxxx xxxxxxxxxxxxxxxxxxxxxxxxxxxxxxxxxxxxxxxxxxxxxxxxxx xxxxxxxxxxxxxxxxxxxxxxxxxxxxxxxxxxxxxxxxxxxxxxxxxx xxxxxxxxxxxxxxxxxxxxxxxxxxxxxxxxxxxxxxxxxxxxxxxxxx xxxxxxxxxxxxxxxxxxxxxxxxxxxxxxxxxxxxxxxxxxxxxxxxxx xxxxxxxxxxxxxxxxxxxxxxxxxxxxxxxxxxxxxxxxxxxxxxxxxx xxxxxxxxxxxxxxxxxxxxxxxxxxxxxxxxxxxxxxxxxxxxxxxxxx xxxxxxxxxxxxxxxxxxxxxxxxxxxxxxxxxxxxxxxxxxxxxxxxxx xxxxxxxxxxxxxxxxxxxxxxxxxxxxxxxx000000xxxxxxxxxxxx xxxxxxxxxxxxxxxxxxxxxxxxxxxxxxxx0000000xxxxxxxxxxx xxxxxxxxxxxxxxxxxxxxxxxxx00000xx00000000xxxxxxxxxx xxxxxxxxxxxxxxxxxxxxxx000000000000000000xxxxxxxxxx xxxxxxxxxxxxxxxxxxxxxx000000000000000000xxxxxxxxxx xxxxxxxxxxxxxxxxxxxxxx000000000000000000xxxxxxxxxx xxxxxxxxxxxxxxxxxxxxxx000000000000000000xxxxxxxxxx xxxxxxxxxxxxxxxxxxxxxx00000000xxx0000000xxxxxxxxxx xxxxxxxxxxxxxxxxxxxxxx00000000xxxx000000xxxxxxxxxx xxxxxxxxxxxxxxxxxxxxxx00000000xxxxxxxxxxxxxxxxxxxx xxxxxxxxxxxxxxxxxxxxxx0000000000000000xxxxxxxxxxxx xxxxxxxxxxxxxxxxxxxxx00000000000000000xxxxxxxxxxxx xxxxxxxxxxxxxxxxxxxxx00000000000000000xxxxxxxxxxxx xxxxxxxxxxxxxxxxxxxxx00000000000000000xxxxxxxxxxxx xxxxxxxxxxxxxxxxxxxxx00000000000000000xxxxxxxxxxxx xxxxxxxxxxxxxxxxxxxxx00000000000000000xxxxxxxxxxxx xxxxxxxxxxxxxxxxxxxxxxxxxxxxxx00000000xxxxxxxxxxxx xxxxxxxxxxxxxxxxxxxxxxxxxxxxxxx0000000xxxxxxxxxxxx xxxxxxxxxxxxxxxxxxxxxxxxxxxxxxxx0000xxxxxxxxxxxxxx xxxxxxxxxxxxxxxxxxxxxxxxxxxxxxxx0000xxxxxxxxxxxxxx xxxxxxxxxxxxxxxxxxxxxxxxxxxxxxxx0000xxxxxxxxxxxxxx xxxxxxxxxxxxxxxxxxxxxxxxxxxxxxxxxxxxxxxxxxxxxxxxxx xxxxxxxxxxxxxxxxxxxxxxxxxxxxxxxxxxxxxxxxxxxxxxxxxx xxxxxxxxxxxxxxxxxxxxxxxxxxxxxxxxxxxxxxxxxxxxxxxxxx xxxxxxxxxxxxxxxxxxxxxxxxxxxxxxxxxxxxxxxxxxxxxxxxxx xxxxxxxxxxxxxxxxxxxxxxxxxxxxxxxxxxxxxxxxxxxxxxxxxx xxxxxxxxxxxxxxxxxxxxxxxxxxxxxxxxxxxxxxxxxxxxxxxxxx xxxxxxxxxxxxxxxxxxxxxxxxxxxxxxxxxxxxxxxxxxxxxxxxxx xxxxxxxxxxxxxxxxxxxxxxxxxxxxxxxxxxxxxxxxxxxxxxxxxx', b'0'),
('pool_a', 2, 25, 7, 'xxxxxxxxxxxxxxxxxxxxxxxxxxxxxxxxxxxxxxxxxxx xxxxxxxxxxxxxxxxxxxxxxxxxxxxxxxxxxxxxxxxxxx xxxxxxxxxxxxxxxxx7xxxxxxxxxxxxxxxxxxxxxxxxx xxxxxxxxxxxxxxxxx777xxxxxxxxxxxxxxxxxxxxxxx xxxxxxxxxxxxxx7777777xxxxxxxxxxxxxxxxxxxxxx xxxxxxxxxxxxxx77777777xxxxxxxxxxxxxxxxxxxxx xxxxxxxxxxxxxxx77777777xxxxxxxxxxxxxxxxxxxx xxxxxxxxxxxxxxx777777777xxxxxxxxxxxxxxxxxxx xxxxxxxxxxxxxxx7xxx777777xxxxxxxxxxxxxxxxxx xxxxxxxxxxxxxxx7x777777777xxxxxxxxxxxxxxxxx xxxxxxxxxxxxxxx7xxx77777777xxxxxxxxxxxxxxxx xxxxxxxxxxxxxxx7x777777777x7xxxxxxxxxxxxxxx xxxxxxxxxxxxxxx7xxx7777777777xxxxxxxxxxxxxx xxxxxxxxxxxxxxx777777777777xxxxxxxxxxxxxxxx xxxxxxxxxxxxxxx77777777777x2111xxxxxxxxxxxx xxxxxxxxxxxxxxx7777777777x221111xxxxxxxxxxx xxxxxxxxx7777777777777777x2211111xxxxxxxxxx xxxxxxxxx7777777777777777x22211111xxxxxxxxx xxxxxxxxx7777777777777777x222211111xxxxxxxx xxxxxx77777777777777777777x222211111xxxxxxx xxxxxx7777777xx777777777777x222211111xxxxxx xxxxxx7777777xx77777777777772222111111xxxxx xxxxxx777777777777777777777x22221111111xxxx xx7777777777777777777777x322222211111111xxx 77777777777777777777777x33222222111111111xx 7777777777777777777777x333222222211111111xx xx7777777777777777777x333322222222111111xxx xx7777777777777777777333332222222221111xxxx xx777xxx777777777777733333222222222211xxxxx xx777x7x77777777777773333322222222222xxxxxx xx777x7x7777777777777x33332222222222xxxxxxx xxx77x7x7777777777777xx333222222222xxxxxxxx xxxx77777777777777777xxx3222222222xxxxxxxxx xxxxx777777777777777777xx22222222xxxxxxxxxx xxxxxx777777777777777777x2222222xxxxxxxxxxx xxxxxxx777777777777777777222222xxxxxxxxxxxx xxxxxxxx7777777777777777722222xxxxxxxxxxxxx xxxxxxxxx77777777777777772222xxxxxxxxxxxxxx xxxxxxxxxx777777777777777222xxxxxxxxxxxxxxx xxxxxxxxxxx77777777777777x2xxxxxxxxxxxxxxxx xxxxxxxxxxxx77777777777777xxxxxxxxxxxxxxxxx xxxxxxxxxxxxx777777777777xxxxxxxxxxxxxxxxxx xxxxxxxxxxxxxx7777777777xxxxxxxxxxxxxxxxxxx xxxxxxxxxxxxxxx77777777xxxxxxxxxxxxxxxxxxxx xxxxxxxxxxxxxxxx777777xxxxxxxxxxxxxxxxxxxxx xxxxxxxxxxxxxxxxx7777xxxxxxxxxxxxxxxxxxxxxx xxxxxxxxxxxxxxxxxx77xxxxxxxxxxxxxxxxxxxxxxx xxxxxxxxxxxxxxxxxxxxxxxxxxxxxxxxxxxxxxxxxxx', b'1'),
('pub_a', 15, 25, 0, 'xxxxxxxxxxxxxxxxxxxxxxxxx xxxxxxxxx2222222211111xxx xxxxxxxxx2222222211111xxx xxxxxxxxx2222222211111xxx xxxxxxxxx2222222211111xxx xxxxxxxxx2222222222111xxx xxxxxxxxx2222222222111xxx xxxxxxxxx2222222222000xxx xxxxxxxxx2222222222000xxx xxxxxxxxx2222222222000xxx xxxxxxxxx2222222222000xxx x333333332222222222000xxx x333333332222222222000xxx x333333332222222222000xxx x333333332222222222000xxx x333333332222222222000xxx x333332222222222222000xxx x333332222222222222000xxx x333332222222222222000xxx x333332222222222222000xxx x333333332222222222000xxx xxxxx31111112222222000xxx xxxxx31111111000000000xxx xxxxx31111111000000000xxx xxxxx31111111000000000xxx xxxxx31111111000000000xxx xxxxxxxxxxxxxxx00xxxxxxxx xxxxxxxxxxxxxxx00xxxxxxxx xxxxxxxxxxxxxxx00xxxxxxxx xxxxxxxxxxxxxxx00xxxxxxxx xxxxxxxxxxxxxxxxxxxxxxxxx', b'0'),
('md_a', 2, 4, 7, 'xxxxxxxx77xxxxxxxxxxxxxxxx xxxxxxxx77xxxxxxxxxxxxxxxx xxxxxx77777x77xxxxxxxxxxxx xxx77777777777xxx44xxxxxxx 77777777777777xx444444444x 777777777777777xx44444444x xxx777777777777xx44444444x xxxx7777777777xxx44444444x 7777777777777777744448444x 7777777777777x4x744448444x 777777777777x444444448444x 7777777777774444444448444x 7777777777774444444448444x 777777777777x444444448444x 7777777777777x44444448444x xxx777777777777x444448444x xxx7777777777777444448444x xxx7777777777777444448444x xxx777777777777x444448444x xxx77777777777x4444444444x xxxx777777777444444444444x xxxxxxxxxxxxxxxxxxxxxxxxxx', b'1'),
('picnic', 16, 5, 2, 'xxxxxxxxxxxxxxxxxxxxxxxxxxxxxxxxxxxxxx xxxxxxxxxxxxxxxxxxxxxxxxxxxxxxxxxxxxxx xxxxxxxxxxxxxxxxxxxxxxxxxxxxxxxxxxxxxx xxxxxxxxxxxxxxxxxxxxxxxxxxxxxxxxxxxxxx xx22222xxxxxxxxxxxxxxxxxxxxxxxxxxxxxxx 22xxxxxxxxxxxxx22xxxxxxxxxxxxxxxxxxxxx 2222222222222222222x222222222222222222 22222222222222222222222222222222222222 22222222222222222222222222222222222222 22222222222222222222222222222222222222 22222222222xxx222222222222222222222222 2222222222xx33x22222222222222222222222 222222222xx3333x2222222222222222222222 222222222x333333x222222222222222222222 222222222x333333x222222222222222222222 2222222222x3332x2222222222222222222222 22222222222x33x22222222222222222222222 22222222222222222222222222222222222222 22222222222222222222222222222222222222 22222222222222222222222222222222222222 22222222222222222222222222222222222222 22222222222222222222222222222222222222 22222222222222222222222222222222222222 22222222x22222xxxx22222222222222222222 22222222222222xxxx22222222222222222222 22222222222222xxx222222222222222222222 22222222222222222222222222222222222222 22222222222222222222222222222222222222 22222222222222222222222222222222222222 22222222222222222222222222222222222222 22222222222222222222222222222222222222 22222222222222222222222222222222222222 22222222222222222222222222222222222222 22222222222222222222222222222222222222 22222222222222222222222222222222222222 22222222222222222222222222222222222222 22222222222222222222222222222222222222 22222222222222222222222222222222222222 22222222222222222222222222222222222222 22222222222222222222222222222222222222 22222222222222222222222222222222222222 22222222222222222222222222222222222222 22222222222222222222222222222222222222 22222222222222222222222222222222222222', b'0'),
('park_a', 2, 15, 0, 'xxxxxxxxxxxxxxxxxxxxxxxxxxxxxxxxxxxxxxxxxxxx xxxxxxxxxxxxxxxxxxxxxxxxxxxxxxxxxxxxxxxxxxxx xxxxxxxxxxxxxxxxxxxxxxxxxxxxxx0xxxxxxxxxxxxx xxxxxxxxxxxxxxxxxxxxxxxxxxxxxx00xxxxxxxxxxxx xxxxxxxxxxxxx0x00xxxxxxxxxxx0x000xxxxxxxxxxx xxxxxxxxxxxx0000000000000000000000xxxxxxxxxx xxxxxxxxxxx000000000000000000000000xxxxxxxxx xxxxxxxxxxx0000000000000000000000000xxxxxxxx xxxxxxxxxxx00000000000000000000000000xxxxxxx xxxxxxxx000000000000000000000000000000xxxxxx xxxxxxx00000000000000000000000000000000xxxxx xxxxxxx000000000000000000000000000000000xxxx xxxxxxx0000000000000000000000000000000000xxx xxxxxxxxx000000000000000000000000000000000xx 00000000000000000000xx00000000000000000000xx 0000000000000000000xxxx00000000000xxxxxxx0xx 0000000000000000000xxxx00000000000x00000xxxx xxxxx00x0000000000xxxxx0xxxxxx0000x0000000xx xxxxx0000000000000xxxxx0xx000x0000x000000xxx xxxxx0000000000000xxxxx0x000000000x00000xxxx xxxxx000000x0000000xxxx0x000000000xxx00xxxxx xxxxxxxx000x0000000xxx00xxx000000x0000xxxxxx xxxxxxxx000x000000xxxx0x0000000000000xxxxxxx xxxxxxxx000x000000011100000000000000xxxxxxxx xxxxxxxx000x00000001110000000000000xxxxxxxxx xxxxxxxxx00x0000000111x00000000x00xxxxxxxxxx xxxxxxxxxx0x0000000xxx0000000xxxxxxxxxxxxxxx xxxxxxxxxxxx000000xxxx0000000xxxxxxxxxxxxxxx xxxxxxxxxxxx000000xxx00xxxxx00xxxxxxxxxxxxxx xxxxxxxxxxxxxxxxx0xxx0xx000x00xxxxxxxxxxxxxx xxxxxxxxxxxxxxxxx0xxx0x000000xxxxxxxxxxxxxxx xxxxxxxxxxxxxxxxx0xxx0x00000xxxxxxxxxxxxxxxx xxxxxxxxxxxxxxxxx0xxxxx00xxxxxxxxxxxxxxxxxxx xxxxxxxxxxxxxxxxx0xxxxx0xxxxxxxxxxxxxxxxxxxx', b'0'),
('park_b', 11, 2, 0, '0000x0000000 0000xx000000 000000000000 00000000000x 000000000000 00x0000x0000', b'0'),
('pool_b', 9, 21, 7, 'xxxxxxxxxxxxxxxxxxxxxxxxxxxxxxxxxxxxxxxxxxxxx xxxxxxxxxxxxxxxxxxxxxxxxxxxxxxxx7xxxxxxxxxxxx xxxxxxxxxxxxxxxxxxxxxxxxxxxxxxx777xxxxxxxxxxx xxxxxxxxxxxxxxxxxx8888888x7xxx77777xxxxxxxxxx xxxxxxxxxxxxxxxxxx8888888x7xxx777777xxxxxxxxx xxxxxxxxxxxxxxxx88xxxxx77x7x777777777xxxxxxxx xxxxxxxxxxxxxxxx88x7777777777777777777xxxxxxx xxxxxxxxxxxxxxxx88x77777777777777777777xxxxxx xxxxxxxxxxxxxx9988x77777777777777777777xxxxxx xxxxxxxxxxxxxx9988x7777777777777777777x00xxxx xxxxxxxxxxxxxx9988x777777777777777777x0000xxx xxxxxxxxxxxxxx9988x7777777x0000000000000000xx xxxxxxxxxxxxxx9988x777777x000000000000000000x 7777777777xxxx9988777777x0x0000000000000000xx x7777777777xxx998877777x000x00000000000000xxx xx7777777777xx99887777x00000x000000000000xxxx xxx7777777777x9988777x0000000x0000000000xxxxx xxxx777777777x777777x00000000x000000000xxxxxx xxxxx777777777777777000000000x00000000xxxxxxx xxxxxx77777777777777000000000x0000000xxxxxxxx xxxxxxx777777x7777770000000000xxxx00xxxxxxxxx xxxxxxxx77777777777xx0000000000000xxxxxxxxxxx xxxxxxxxx777777110000x000000000000xxxxxxxxxxx xxxxxxxxxx7x77x1100000x0000000000xxxxxxxxxxxx xxxxxxxxxxx777x11000000x00000000xxxxxxxxxxxxx xxxxxxxxxxxx771110000000x000000xxxxxxxxxxxxxx xxxxxxxxxxxxx111100000000x0000xxxxxxxxxxxxxxx xxxxxxxxxxxxxx11100000000x000xxxxxxxxxxxxxxxx xxxxxxxxxxxxxxx1100000000x00xxxxxxxxxxxxxxxxx xxxxxxxxxxxxxxxx110000000x0xxxxxxxxxxxxxxxxxx xxxxxxxxxxxxxxxxx110000000xxxxxxxxxxxxxxxxxxx xxxxxxxxxxxxxxxxxx1100000xxxxxxxxxxxxxxxxxxxx xxxxxxxxxxxxxxxxxxx11000xxxxxxxxxxxxxxxxxxxxx xxxxxxxxxxxxxxxxxxxx110xxxxxxxxxxxxxxxxxxxxxx xxxxxxxxxxxxxxxxxxxxx1xxxxxxxxxxxxxxxxxxxxxxx xxxxxxxxxxxxxxxxxxxxxxxxxxxxxxxxxxxxxxxxxxxxx xxxxxxxxxxxxxxxxxxxxxxxxxxxxxxxxxxxxxxxxxxxxx xxxxxxxxxxxxxxxxxxxxxxxxxxxxxxxxxxxxxxxxxxxxx xxxxxxxxxxxxxxxxxxxxxxxxxxxxxxxxxxxxxxxxxxxxx xxxxxxxxxxxxxxxxxxxxxxxxxxxxxxxxxxxxxxxxxxxxx xxxxxxxxxxxxxxxxxxxxxxxxxxxxxxxxxxxxxxxxxxxxx xxxxxxxxxxxxxxxxxxxxxxxxxxxxxxxxxxxxxxxxxxxxx xxxxxxxxxxxxxxxxxxxxxxxxxxxxxxxxxxxxxxxxxxxxx xxxxxxxxxxxxxxxxxxxxxxxxxxxxxxxxxxxxxxxxxxxxx xxxxxxxxxxxxxxxxxxxxxxxxxxxxxxxxxxxxxxxxxxxxx xxxxxxxxxxxxxxxxxxxxxxxxxxxxxxxxxxxxxxxxxxxxx xxxxxxxxxxxxxxxxxxxxxxxxxxxxxxxxxxxxxxxxxxxxx xxxxxxxxxxxxxxxxxxxxxxxxxxxxxxxxxxxxxxxxxxxxx', b'1'),
('ballroom', 13, 6, 0, 'xxxx4444444444444444444 xxxx4444444444444444444 xxxx4444444444444444444 xxxx33x2222444442222x33 xxxx2222222x00xx2222222 xxxx22222220000x2222222 xxxx11x0000x000x0000x11 xxxx0000000000000000000 11100000000000000000000 11100000000000000000000 11100000000000000000000 xxxx0000000000000000000 22210000000000000000000 22210000000000000000000 22210000000000000000000 xxxx0000000000000000000 11100000000000000000000 11100000000000000000000 11100000000000000000000 xxxxx000x11111111x0000x xxxxxx00x1111x111x000xx xxxxxxx0x11111111x00xxx xxxxxxxxx11111111x0xxxx xxxxxxxxx11111111xxxxxx', b'0'),
('spa', 9, 29, 0, 'xxxxxxxxxx1111xxxxxxx xxxxxxxxxx11111xxxxxx xxxxxxxxxx111111xxxxx xx111111111111111xxxx x11111111111111111xxx 1111111111111111111xx 11111111111111111111x 111111111111111111111 111111111111111111111 1111111111111x1111111 1111111000000x1111111 1111111000000x1111111 1111111000000x1111111 1111111000000x1111111 1111111000000x1111111 1111111000000x1111111 1111111000000x1111111 1111111000000x1111111 1111111000000x1111111 1111111000000xxx00000 111111100000000000000 111111100000000000000 111111100000000000000 111111100000000xxxxx0 11111110000000xxxxxx0 11111110000000xxxxxx0 11111110000000xxxxxxx x1111110000000xxxxxxx xxxxxxxx0000000000xxx xxxxxxxx000xxxxxxxxxx xxxxxxxx000xxxxxxxxxx xxxxxxxx000xxxxxxxxxx xxxxxxxxxxxxxxxxxxxxx xxxxxxxxxxxxxxxxxxxxx xxxxxxxxxxxxxxxxxxxxx', b'0'),
('cafe', 30, 40, 0, 'xxxxxxxxxxxxxxxxxxxxxxxxxxxxxxxxxxxxxxxxxxxxxxxxxx xxxxxxxxxxxxxxxxxxxxxxxxxxxxxxxxxxxxxxxxxxxxxxxxxx xxxxxxxxxxxxxxxxxxxxxxxxxxxxxxxxxxxxxxxxxxxxxxxxxx xxxxxxxxxxxxxxxxxxxxxxxxxxxxxxxxxxxxxxxxxxxxxxxxxx xxxxxxxxxxxxxxxxxxxxxxxxxxxxxxxxxxxxxxxxxxxxxxxxxx xxxxxxxxxxxxxxxxxxxxxxxxxxxxxxxxxxxxxxxxxxxxxxxxxx xxxxxxxxxxxxxxxxxxxxxxxxxxxxxxxxxxxxxxxxxxxxxxxxxx xxxxxxxxxxxxxxxxxxxxxxxxxxxxxxxxxxxxxxxxxxxxxxxxxx xxxxxxxxxxxxxxxxxxxxxxxxxxxxxxxxxxxxxxxxxxxxxxxxxx xxxxxxxxxxxxxxxxxxxxxxxxxxxxxxxxxxxxxxxxxxxxxxxxxx xxxxxxxxxxxxxxxxxxxxxxxxxxxxxxxxxxxxxxxxxxxxxxxxxx xxxxxxxxxxxxxxxxxxxxxxxxxxxxxxxxxxxxxxxxxxxxxxxxxx xxxxxxxxxxxxxxxxxxxxxxxxxxxxxxxxxxxxxxxxxxxxxxxxxx xxxxxxxxxxxxxxxxxxxxxxxxxxxxxxxxxxxxxxxxxxxxxxxxxx xxxxxxxxxxxxxxxxxxxxxxxxxxxxxxxxxxxxxxxxxxxxxxxxxx xxxxxxxxxxxxxxxxxxxxxxxxxxxxxxxxxxxxxxxxxxxxxxxxxx xxxxxxxxxxxxxxxxxxxxxxxxxxxxxxxxxxxxxxxxxxxxxxxxxx xxxxxxxxxxxxxxxxxxxxxxxxxxxxxxxxxxxxxxxxxxxxxxxxxx xxxxxxxxxxxxxxxxxxxxxxxxxxxxxxxxxxxxxxxxxxxxxxxxxx xxxxxxxxxxxxxxxxxxxxxxxxxxxxxxxxxxxxxxxxxxxxxxxxxx xxxxxxxxxxxxxxxxxxxxxxxxxxxxxxxxxxxxxxxxxxxxxxxxxx xxxxxxxxxxxxxxxxxxxxxxxxxxxxxxxx000000xxxxxxxxxxxx xxxxxxxxxxxxxxxxxxxxxxxxxxxxxxxx0000000xxxxxxxxxxx xxxxxxxxxxxxxxxxxxxxxxxxx00000xx00000000xxxxxxxxxx xxxxxxxxxxxxxxxxxxxxxx000000000000000000xxxxxxxxxx xxxxxxxxxxxxxxxxxxxxxx000000000000000000xxxxxxxxxx xxxxxxxxxxxxxxxxxxxxxx000000000000000000xxxxxxxxxx xxxxxxxxxxxxxxxxxxxxxx000000000000000000xxxxxxxxxx xxxxxxxxxxxxxxxxxxxxxx00000000xxx0000000xxxxxxxxxx xxxxxxxxxxxxxxxxxxxxxx00000000xxxx000000xxxxxxxxxx xxxxxxxxxxxxxxxxxxxxxx00000000xxxxxxxxxxxxxxxxxxxx xxxxxxxxxxxxxxxxxxxxxx0000000000000000xxxxxxxxxxxx xxxxxxxxxxxxxxxxxxxxx00000000000000000xxxxxxxxxxxx xxxxxxxxxxxxxxxxxxxxx00000000000000000xxxxxxxxxxxx xxxxxxxxxxxxxxxxxxxxx00000000000000000xxxxxxxxxxxx xxxxxxxxxxxxxxxxxxxxx00000000000000000xxxxxxxxxxxx xxxxxxxxxxxxxxxxxxxxx00000000000000000xxxxxxxxxxxx xxxxxxxxxxxxxxxxxxxxxxxxxxxxxx00000000xxxxxxxxxxxx xxxxxxxxxxxxxxxxxxxxxxxxxxxxxxx0000000xxxxxxxxxxxx xxxxxxxxxxxxxxxxxxxxxxxxxxxxxxxx0000xxxxxxxxxxxxxx xxxxxxxxxxxxxxxxxxxxxxxxxxxxxxxx0000xxxxxxxxxxxxxx xxxxxxxxxxxxxxxxxxxxxxxxxxxxxxxx0000xxxxxxxxxxxxxx xxxxxxxxxxxxxxxxxxxxxxxxxxxxxxxxxxxxxxxxxxxxxxxxxx xxxxxxxxxxxxxxxxxxxxxxxxxxxxxxxxxxxxxxxxxxxxxxxxxx xxxxxxxxxxxxxxxxxxxxxxxxxxxxxxxxxxxxxxxxxxxxxxxxxx xxxxxxxxxxxxxxxxxxxxxxxxxxxxxxxxxxxxxxxxxxxxxxxxxx xxxxxxxxxxxxxxxxxxxxxxxxxxxxxxxxxxxxxxxxxxxxxxxxxx xxxxxxxxxxxxxxxxxxxxxxxxxxxxxxxxxxxxxxxxxxxxxxxxxx xxxxxxxxxxxxxxxxxxxxxxxxxxxxxxxxxxxxxxxxxxxxxxxxxx xxxxxxxxxxxxxxxxxxxxxxxxxxxxxxxxxxxxxxxxxxxxxxxxxx', b'0'),
('den', 3, 22, 0, '00000000xxxxxxxx 0000000000000000 0000000000000000 000000000000xx00 0000000000000000 0000000000000000 0000000000000000 x000000000000000 0000000000000000 0000000000000000 0000000000000000 0000000000000000 x000000000000000 x000000000000000 x000000000000000 x000000000000000 x000000000000000 x000000000000000 x000000000000000 x000000000000000 xxx00xxxxxxxxxxx xxx00xxxxxxxxxxx xxx00xxxxxxxxxxx', b'0'),
('gardens', 2, 15, 0, 'xxxxxxxxxxxxxxxxxxxxxxxxxxxxxxxxxxxxxxxxxxxx xxxxxxxxxxxxxxxxxxxxxxxxxxxxxxxxxxxxxxxxxxxx xxxxxxxxxxxxxxxxxxxxxxxxxxxxxx0xxxxxxxxxxxxx xxxxxxxxxxxxxxxxxxxxxxxxxxxxxx00xxxxxxxxxxxx xxxxxxxxxxxxx0x00xxxxxxxxxxx0x000xxxxxxxxxxx xxxxxxxxxxxx0000000000000000000000xxxxxxxxxx xxxxxxxxxxx000000000000000000000000xxxxxxxxx xxxxxxxxxxx0000000000000000000000000xxxxxxxx xxxxxxxxxxx00000000000000000000000000xxxxxxx xxxxxxxx000000000000000000000000000000xxxxxx xxxxxxx00000000000000000000000000000000xxxxx xxxxxxx000000000000000000000000000000000xxxx xxxxxxx0000000000000000000000000000000000xxx xxxxxxxxx000000000000000000000000000000000xx 00000000000000000000xx00000000000000000000xx 0000000000000000000xxxx00000000000xxxxxxx0xx 0000000000000000000xxxx00000000000x00000xxxx xxxxx00x0000000000xxxxx0xxxxxx0000x0000000xx xxxxx0000000000000xxxxx0xx000x0000x000000xxx xxxxx0000000000000xxxxx0x000000000x00000xxxx xxxxx000000x0000000xxxx0x000000000xxx00xxxxx xxxxxxxx000x0000000xxx00xxx000000x0000xxxxxx xxxxxxxx000x000000xxxx0x0000000000000xxxxxxx xxxxxxxx000x000000011100000000000000xxxxxxxx xxxxxxxx000x00000001110000000000000xxxxxxxxx xxxxxxxxx00x0000000111x00000000x00xxxxxxxxxx xxxxxxxxxx0x0000000xxx0000000xxxxxxxxxxxxxxx xxxxxxxxxxxx000000xxxx0000000xxxxxxxxxxxxxxx xxxxxxxxxxxx000000xxx00xxxxx00xxxxxxxxxxxxxx xxxxxxxxxxxxxxxxx0xxx0xx000x00xxxxxxxxxxxxxx xxxxxxxxxxxxxxxxx0xxx0x000000xxxxxxxxxxxxxxx xxxxxxxxxxxxxxxxx0xxx0x00000xxxxxxxxxxxxxxxx xxxxxxxxxxxxxxxxx0xxxxx00xxxxxxxxxxxxxxxxxxx xxxxxxxxxxxxxxxxx0xxxxx0xxxxxxxxxxxxxxxxxxxx', b'0'),
('gate_park', 17, 26, 0, 'xxxxxxxxx222xx222222xxx222xxxxxx xxxxxxxxx222xx2222222xx222xxxxxx xxxxxxxxx22222222222222222xxxxxx xxxxxxxxx22222222222222222xxxxxx xxxxxxxxx22222222222222222xxxxxx xxxxxxxxx22222x22222x22222xxxxxx xxxxxxxxx11111x22222x11111xxxxxx 0000000xx00000x22222x00000xxxxxx 0000000xx00000000000000000xxxxxx 000000000000000000000000000xx00x 000000000000xxx00000xxx00000000x 000000000000xxx00000xxx00000000x 000000000000xxx00000xxx000000000 00000000000000000000000000000000 x0000000000000000000000000000000 xxx00000000000000000000000000000 xxxxx000000000000000000000000000 xxxxx000000000000000000000000000 xxxxx000000000000000000000000xxx xxxxxx00000000000000000000000xxx xxxxxxx000000000000000000000xxxx xxxxxxxxxx00000000000000000xxxxx xxxxxxxxxx0000000000000000xxxxxx xxxxxxxxxx000000000000000xxxxxxx xxxxxxxxxxxxx00000000000xxxxxxxx xxxxxxxxxxxxxx000000000xxxxxxxxx xxxxxxxxxxxxxxxx000xxxxxxxxxxxxx xxxxxxxxxxxxxxxx000xxxxxxxxxxxxx xxxxxxxxxxxxxxxx000xxxxxxxxxxxxx', b'0'),
('square_2', 17, 23, 0, 'xxxxxxxxxxx111111111111xxxxxxxxxxxx xxxxxxxxxx11111111111111xxxxxxxxxxx xxxxxxxxxx11111111111111xxxxxxxxxxx xxxxxxxxxx11xxxx11xxxx11xxxxxxxxxxx xxxxxxxxxx00xxxx00xxxx00xxxxxxxxxxx xxxxxxx0000000000000000000xxxxxxxxx xxxxxx000000000000000000000xxxxxxxx xxxxx0000000000000000000x000xxxxxxx xxxx00000000000000000000xx000xxxxxx xxxx00000000000000000000xxx000xxxxx xxxx00000000000000000000xxxx00xxxxx 000000000000000000000000000000xxxxx 0000000000000000000000000000000xxxx 000000000000000000000000000000xxxxx 000000000000000000000000000000xxxxx 000000000000000000000000000000xxxxx xx00000000000000000000000000000000x xxx000xxxx00000000000000xxxx0000000 xxx0000xxx00000000000000xxx00000000 xxxx0000xx00000000000000xx000000000 xxxxx0000x00000000000000x00000000xx xxxxxx00000000000000000000000xxxxxx xxxxxxx00000x000000000000000x0xxxxx xxxxxxxx0000xxx0000xxx000000xxxxxxx xxxxxxxxx000xxx0000xxx000000xxxxxxx xxxxxxxxxxxxxxx0000xxx000000xxxxxxx xxxxxxxxxxxxxxxx000xxx000000xxxxxxx xxxxxxxxxxxxxxxxxxxxxx00000xxxxxxxx', b'0'),
('sun_terrace', 9, 17, 0, 'xxxxxx21000000000xxxxxxxx xxxxxx3xxx000xx000xxxxxxx xxxxxx4xxx000xxx000xxxxxx xxxxxx44xx000x00x000xxxxx xxxxxx44xx0000xx00000xxxx xxxxxx44xx000000000000xxx xxxxxx44xx0000000000000xx xxxxxxx4xxxxxxx00000000xx xxxxxxx4xxxxxxx0000000xxx xxxxxx444432222xxx00xxxxx xxxxxx444432222x0000000xx xxxxxx444432222x0000000xx xxxxxx44400x222x0000000xx xxxxxx444000x11x0000000xx xxxxxx444000000x0000000xx xxxxxx444000000x0000000xx xxxxxx440000000000000000x xxxxxx4400000000000000000 x8876x444000000x000000000 x8xx6x444000000x000000000 x9xx6x444000000x000000000 999x65444000000x000000000 999xxx444xxxxxxxxxx000000 999xxx444xxxxxxxxxxx00000 999xxx333xxxxxxxxxxxx0000 999xxx222222222222222x000 xxxxxx222222222222222xx00 xxxxxx222222222222222xxx0 xxxxxx222222222222222xxxx xxxxxxx22222222222222xxxx xxxxxxxx2222222222222xxxx', b'0'),
('space_cafe', 21, 17, 1, 'x3333x333211111xxxxxxxxx x3333x333211111xx3333333 xxxxxx333211111xx3333333 33333333xx11111xx3333333 33333333xx11111xx3333333 33x333xxxx11111xx3333333 xxx222xxx111111xx3333333 22222222xx11111xx3333333 22222222xxx1111xx3333333 22222222xxxx1111x2222222 22222222xxxx1111x1111111 22222222xxxx111111111111 22222222xxxx111111111111 xxx222xxxxx1111111111111 xxxx33xxxx11111111111111 xxx333321111111111111111 xxx333321111111111111111 xxx333321111111111111111 xxxxxxxxxxxxx1111xxxx11x xxxxxxxxxxxxx0000xxxx11x xxxxxxxxxx0000000xxxx11x xxxxxxxxxx0000000xxxxxxx xxxxxxxxxx0000000xxxxxxx xxxxxxxxxx0000000xxxxxxx xxxxxxxxxx0000000xxxxxxx xxxxxxxxxx0000000xxxxxxx', b'0'),
('beauty_salon0', 4, 3, 0, 'xxxxxxxxxxxxxxxxxxxxxxxx xxxxxxxxxxxxxxxxxxxxxxxx xxx0000000000000xxxxxxxx xxx00000000000000xxxxxxx xxxxxx000000000000xxxxxx xxxxxxxxxxxxx0000xxxxxxx xxxx0x0000x00000000xxxxx xxx00xxxxxx0000000xxxxxx xx000x000xx0000000xxxxxx xx000xxxxx00000000xxxxxx xx000x000000000000xxxxxx xx000x000000000000xxxxxx xx00xx000000000000xxxxxx xx00xx00x0000000000xxxxx xx00xx00x0000000000xxxxx xx00xx0000000000000xxxxx xx00xx0000000000000xxxxx xx000x0xx0000000000xxxxx xx000x0x00000000000xxxxx xx000x0x00x00000000xxxxx xx000x0x00000000000xxxxx xx000x0x00x00000000xxxxx xx000xx000000000000xxxxx xx00000000000000000000xx xx00000000000000000000xx xxxxxx0000000000000000xx', b'0'),
('chill', 22, 22, 0, 'xxxxxxxxxxxxxxxxxxxxxxxxx xxxxxxxxxxxxxxxxxxxxxxxxx xxxxxxxxxxxxxxx00xxxxxxxx xxxxxxxxxxx000000xxxxxxxx xxxxxxxxxxx000000xxxxxxxx xxxxxxxxxxxxxx000xxxxxxxx xxxxxxxxxxxxxxxx0xxxxxxxx xxxxxxxxx00000000xxxxxxxx xxxxxxxx000000xxxxxxxxxxx xxxxxxxx000000xxxxxxxxxxx xxxxxxxx000000xxxxxxxxxxx xxxxxxxx000000xxxxxxxxxxx xxxxxxxx000000xxxxxxxxxxx xxxxxxxx0000000xxxxxxxxxx xxxxxxxx00000000xxxxxxxxx xxxxxxxx0000000000xxxxxxx xxxxxxxx0000000000xxxxxxx xxxxxxxx0000000000xxxxxxx xxxxxxxx0000000000xxxxxxx xx000000000000xxxxxxxxxxx xx000000000000000000000xx xx000000000000000000000xx xx000000000xx0000000000xx xx000000000xxxxx000000000 xx000000000xxx0x000000000 xx00000x000xxx0x000000000 xx000000000xxxxx0000000xx xx000000000000000000000xx xx000000000000000000000xx xx000000000000000000000xx xx000000000000xxxxxxxxxxx', b'0'),
('dusty_lounge', 14, 1, 2, 'xxxxxxxxxxxxxx22xxxxxxxxxxxxx xxxxxxxxxx222x222x2xxxxxxxxxx xxxxxxx33322222222223xxxxxxx3 xxxxxxx33322222222223xxxxxxx3 xxxxxxx33322222222223x33333x3 xxxxxxx33322222222223x33333x3 xx111xx33322222222223xxxxxxx3 xx111xxx332222222222333333333 xx111xxxx32222222222333333333 xx111xxxxxx222222222333333333 xx111xxxxxxx1111111x333333333 xx111xxxxxxx1111111x222222222 xx111xxxxxx111111111111111111 xx111xxxxxx111111111111111111 11111xxxxxx111111111111111111 11111xxxxxx111111111111111111 11x11xxxxxx111111111111111111 11xxxxxxxxx11111111111111111x x11xxxxxxxxx1111111x1111111xx xx11xxxxxxx111111111111111xxx xxx11xxxxxx11111111111111xxxx xxxx11111111111111111111xxxxx xxxxx11111111111111xxxxxxxxxx xxxxxxxxxxx11111111xxxxxxxxxx xxxxxxxxxxx11111111xxxxxxxxxx', b'0'),
('cr_staff', 3, 22, 0, '00000000xxxxxxxx 0000000000000000 0000000000000000 000000000000xx00 0000000000000000 0000000000000000 0000000000000000 x000000000000000 0000000000000000 0000000000000000 0000000000000000 0000000000000000 x000000000000000 x000000000000000 x000000000000000 x000000000000000 x000000000000000 x000000000000000 x000000000000000 x000000000000000 xxx00xxxxxxxxxxx xxx00xxxxxxxxxxx xxx00xxxxxxxxxxx', b'0'),
('rooftop', 17, 12, 4, '44xxxxxxxxxxxxxxxxxx 444xxxxxxxxxxx444444 4444xxxxxxxxxx444444 44444xxxx4xxxx444444 444444xxx44xxx444444 44444444444444444444 44444444444444444444 44444444444444444444 44444444xx44xx44xx44 44444444xx44xx44xx44 44444444444444444444 44444444444444444444 44444444444444444444 x444444x444444xx4444 x444444x444444xx333x x444444x444444xx222x x444444x444444xx11xx x444444x444444xxxxxx', b'0'),
('rooftop_2', 4, 9, 0, 'x0000x000 xxxxxx000 000000000 000000000 000000000 000000000 000000000 000000000 000000000 000000000 xxx000xxx xxx000xxx', b'0'),
('tearoom', 21, 19, 1, 'xxxxxxxxxxxxxxxxxxxxxx xxxxxxxx3333x33333333x 333333xx3333x33333333x 3333333x3333x33333333x 3333333x3333x33333333x 3333333xxxxxx33333333x 333333333333333333333x 333333333333333333333x 333333333333333333333x 333333333333333333333x 33333333222x333333333x 33333333222x333333333x 33333333222x333333333x 33333333222x333333333x 33333333111x333333333x 33333333111x333333333x 33333333111x333333333x xxxxxxxx111xxxxxxxxxxx 11111111111111111111xx 1111111111111111111111 1111111111111111111111 11111111111111111111xx', b'0'),
('taivas_cafe', 14, 29, 0, 'XXXXXXXXXXXXX111111X XXXXXXXXXXXXX1111111 XXXXXXXXXXXXX1111111 XXXXXXXXXXXXX1111111 XXXXXXXXXXXXX1111111 XXX11111111111111111 XXX11111111111111111 XX111111111111111111 XX111111111111111111 XX111111111111111111 XXX11111111111111111 111111111XXXXXXX1111 111111111X0000000000 111111111X0000000000 111111111X0000000000 111111111X0000000000 111111111X0000000000 111111111X0000000000 111111111X0000000000 111111111X0000000000 111111111X0000000000 X11111111X0000000000 XX1111111X0000000000 XXX111111X0000000000 XXXX11111X0000000000 XXXXX111110000000000 XXXXXX11110000000000 XXXXXXX1110000000000 XXXXXXXX11000000000X XXXXXXXXXX00000000XX XXXXXXXXXXXXXX00XXXX XXXXXXXXXXXXXX00XXXX', b'0'),
('cr_cafe', 20, 10, 0, '0000000000000000000xx x000000000000000000xx xx00000000000000000xx xx00000000000000000xx xx00000000000000000xx xxxx000000000000000xx 0000000000000000000xx 0000000000000000000xx x000000000000000000xx xx00000000000000000xx xxxx00000000000000000 xxx000000000000000000 xxx0000000000000000xx xxx0000000000000000xx xx00000000000000000xx xx00000000000000000xx xx00000000000000000xx xx00000000000000000xx xx00000000000000000xx xx00000000000000000xx', b'0'),
('lobby_a', 12, 27, 1, 'XXXXXXXXX77777777777XXXXX XXXXXXXXX777777777777XXXX XXXXXXXXX777777777766XXXX XXXXXXXXX777777777755XXXX XX333333333333333334433XX XX333333333333333333333XX XX333333333333333333333XX 33333333333333333333333XX 333333XXXXXXX3333333333XX 333333XXXXXXX2222222222XX 333333XXXXXXX2222222222XX XX3333XXXXXXX2222222222XX XX3333XXXXXXX222222221111 XX3333XXXXXXX111111111111 333333XXXXXXX111111111111 3333333222211111111111111 3333333222211111111111111 3333333222211111111111111 XX33333222211111111111111 XX33333222211111111111111 XX3333322221111111XXXXXXX XXXXXXX22221111111XXXXXXX XXXXXXX22221111111XXXXXXX XXXXXXX22221111111XXXXXXX XXXXXXX22221111111XXXXXXX XXXXXXX222X1111111XXXXXXX XXXXXXX222X1111111XXXXXXX XXXXXXXXXXXX11XXXXXXXXXXX XXXXXXXXXXXX11XXXXXXXXXXX XXXXXXXXXXXX11XXXXXXXXXXX XXXXXXXXXXXX11XXXXXXXXXXX', b'0'),
('floorlobby_c', 9, 21, 0, 'XXXXXXXXXXXXXXXXXXXXXXXXXXX XXXXXXXXXXXXXXXXXXXXXXXXXXX XXX0000000000000000XXXXXXX0 XXX000000000000000000XXXX00 X00000000000000000000000000 X00000000000000000000000000 XXX000000000000000000000000 XXXXXXX00000000000000000000 XXX111100000011111111111111 XXX111100000011111111111111 XXX111100000011111111111111 XXX111100000011111111111111 XXX111100000011111111111111 XXX111100000011111111111111 XXX1XX100000011111111111111 XXX1XX100000011111111111111 XXX111100000011111111111111 XXX111100000011111111111111 XXX111100000011111111111111 XXXXXXXX0000XXXXXXXXXXXXXXX XXXXXXXX0000XXXXXXXXXXXXXXX XXXXXXXX0000XXXXXXXXXXXXXXX', b'0'),
('floorlobby_b', 9, 21, 0, 'XXXXXXXXXXXXXXXXXXXXXXXXXXX XXXXXXXXXXXXXXXXXXXXXXXXXXX XXX0000000000000000XXXXXXX0 XXX000000000000000000XXXX00 X00000000000000000000000000 X00000000000000000000000000 XXX000000000000000000000000 XXXXXXX00000000000000000000 XXX111100000011111111111111 XXX111100000011111111111111 XXX111100000011111111111111 XXX111100000011111111111111 XXX111100000011111111111111 XXX111100000011111111111111 XXX1XX100000011111111111111 XXX1XX100000011111111111111 XXX111100000011111111111111 XXX111100000011111111111111 XXX111100000011111111111111 XXXXXXXX0000XXXXXXXXXXXXXXX XXXXXXXX0000XXXXXXXXXXXXXXX XXXXXXXX0000XXXXXXXXXXXXXXX', b'0'),
('floorlobby_a', 9, 21, 0, 'XXXXXXXXXXXXXXXXXXXXXXXXXXX XXXXXXXXXXXXXXXXXXXXXXXXXXX XXX0000000000000000XXXXXXX0 XXX000000000000000000XXXX00 X00000000000000000000000000 X00000000000000000000000000 XXX000000000000000000000000 XXXXXXX00000000000000000000 XXX111100000011111111111111 XXX111100000011111111111111 XXX111100000011111111111111 XXX111100000011111111111111 XXX111100000011111111111111 XXX111100000011111111111111 XXX1XX100000011111111111111 XXX1XX100000011111111111111 XXX111100000011111111111111 XXX111100000011111111111111 XXX111100000011111111111111 XXXXXXXX0000XXXXXXXXXXXXXXX XXXXXXXX0000XXXXXXXXXXXXXXX XXXXXXXX0000XXXXXXXXXXXXXXX', b'0'),
('cinema_a', 20, 27, 1, 'xxxxxxx1xx11111111xxxxxx xxx1111111111111111xxxxx xxx111xxxx1111111111xxxx xxxx2xxxxxxxxxxxxxxxxxxx xx3x3x333311xxxxxxxxxx11 xx3333333311111111111111 xx3333333311111111111111 xx3333333311111111122111 xx3333333311x22222222111 xx3333333311x22222222111 xx3333333311xxxxxxxxx111 xx3333333311111111111111 xx3333333311111111111111 xx3333333311111111111111 xx3333333311111xxxx11111 xx3333333311111xxxx11111 xx3333333311111xxxx11111 xx3333333311111xxxx11111 xx3333333311111xxxx11111 xx3333333311111xxxx11111 xx3333333311111xxxx11111 333333332111111xxxx11111 333333332111111111111111 333333332111111111111111 333333332111111111111111 xx3333332111111111111111 xxxxxxxxxxxxxxxxxxx11111 xxxxxxxxxxxxxxxxxxx11111 xxxxxxxxxxxxxxxxxxx11111', b'0'),
('sport', 0, 0, 1, '111222222222222222x2222 x11222222222222222x2222 x11222222222222222x2222 xx1x2222222222222211111 x11xx222222222222211111 x11xx222222x22222211111 x11xx222222x222222x1111 x11xx222222x222222x1111 x11xx2222222222222x1111 x11xxxxxxxxxxxxxxxx1111 x1111111111111111111111 x1111111111111111111111 x1111111111111111111111 x1111111111111111111111 xxxx1111111111111x1111x 111x1111111111111x1111x 111x1111111111111x1111x 111x1111111111111x1111x 111x11111xxxxxxxxxxxxxx x11x1111xxxxxxxxxxxxxxx xxxx111xxxxxxxxxxxxxxxx', b'0'),
('old_skool0', 2, 1, 0, 'xx0xxxxxxxxxxxxxx 0000000xxx00000xx 0000000x0000000xx 0000000xxxxxxxxxx 0000000000000000x 0000000000000000x 0000000000000000x 0000000000000000x 0000000000000000x 0000000000000000x 0000000000000000x 0000000000000000x 0000000000000000x 0000000000000000x 0000000000000000x 0000000000000000x 0000000000000000x 0000000000000000x 00000000000000000 0000000000000000x 0000000000000000x 0000000000000000x 0000000000000000x 0000000000000000x 0000000000000000x', b'0'),
('old_skool1', 1, 7, 6, 'x6666666665432100 x6666666665432100 x6600000000000x00 x6600000000000000 x6600000000000000 x6600000000000000 x660000000000x000 666000000000x1111 x66000000000xx111 x66000000000x1111 x66000000000x1111 x55000000000x1111 x44000000000x1111 x33000000000x1111 x22000000000xx111 x11x00000000x1111 x00000000000x1111 x00000000000xx111', b'0'),
('malja_bar_a', 4, 24, 1, 'xxxxxxxxxxx44444 xxxx444444444444 xxxx444444444444 xxxx444444444444 xxxx444444444444 xxxx444444444444 xxxxxxxxxxxxx333 1111111111111222 1111111111111111 1111111111111111 1111111111111111 1111111111111111 1111111111111111 1111111111111111 1111111111111111 1111111111111111 1111111111111111 1111111111111111 1111111111111111 111111111xxxxxxx xxx11111xxxxxxxx 11111111xxxxxxxx 11111111xxxxxxxx 11111111xxxxxxxx 11111111xxxxxxxx', b'0'),
('malja_bar_b', 4, 24, 3, '6666333333333333 6666333333333333 6666333333333333 7766333333333333 7755333333333333 8855333333332223 8844333311111111 9944333311111111 9933333311111111 9933333311111111 9933333311111111 9933333311111111 9933333311111111 9933333311111111 9933333211111111 9933333211111111 9933333211111111 9933333311111111 99333333xxxxxxxx 99333333xxxxxxxx xxx33333xxxxxxxx xxx33333xxxxxxxx 3xx33333xxxxxxxx xxx33333xxxxxxxx xxx33333xxxxxxxx xxx33333xxxxxxxx', b'0'),
('bar_a', 5, 1, 7, 'xxxx8888xxxxxxxxxxx xxxx7777xxxxxxxxxxx xxxx6666xxxxxxxxxxx xxx6666666555555555 xxx6666666555555555 xxx6666666555555555 xxx6666666555555555 xxx6666666555555555 xxx6666666555555555 xxx6666666555555555 xxx6666666555xxxxxx xxx6666666555555555 xxx5555555555555555 xxx5555555555555555 xxx5555555555555555 xxx5555555555555555 xxx5555555555xxxxxx xxx5555555555555555 xxx5555555555555555 xxx5555555555555555 xxx5555555555555555 xxx5555555555555555 xxx5555555555xxxxxx xxxx555555555555555 55xx555555555555555 55xx555555555555555 5555555555555555555 5555555555555555555 xxxxxxxx55555xxxxxx xxxxxxxxx5555xxxxxx xxxxxxxxx5555xxxxxx xxxxxxxxx5555xxxxxx xxxxxxxxx4444xxxxxx xxxxxxxxx3333xxxxxx', b'0'),
('bar_b', 2, 12, 4, 'xxxxx4xxxxxxxxxxxx xxxx4444444xxxxxxx xxxx4444444xxxxxxx xxx444444444444444 xxx444444444444444 xxx444444444444444 xxx444444444444444 xxx444444444444444 xxx444444444444444 xxx444444444444444 654444444444444444 654444444444444444 654444444444444444 654444444444444444 xxx444444444444444 xxx444444444444444 xxx444444444444444 xxx444444444444444 xxx444444444444444 xxxx44444444444444 xxxx33444444444444 xxxx22444444444444 xxxx2222222222xx44 xxxx2222222222xx44 xxxxx222222222xxxx xxxxxx22222222xxxx xxxxxx22222222xxxx xxxxxx22222222xxxx xxxxxx22222222xxxx xxxxxx22222222xxxx xxxxxx22222222xxxx', b'0'),
('habburger', 22, 10, 0, '22222222222222222222xxx 22222222222222222222xxx 22222222222222222222xxx 22222222222222222222xxx xxxxxxxxxxxxxxxx1111xxx xxxxxxxxxxxxxxxx0000xxx xxx00000000000000000xxx 00000000000000000000xxx 00000000000000000000xxx 00000000000000000000000 00000000000000000000000 00000000000000000000xxx 00000000000000000000xxx 00000000000000000000xxx xxx00000000000000000xxx', b'0'),
('pizza', 5, 27, 1, 'xxxxxxxxx0000000 x11111x1xx000000 11xxxxx111x00000 11x1111111xx0000 11x1111111100000 xxx1111111100000 1111111111100000 1111111111100000 1111111111100000 1111111111100000 1111111111100000 1111111111100000 1111111111100000 1111111111100000 1111111111100000 1111111111100000 1111111111100000 11111111111xxxxx 1111111111xxxxxx 1111111111111111 1111111111111111 1111111111111111 1111111111111111 1111111111111111 1111111111111111 11xx11xx11111111 xxxx11xxxxxxxxxx xxxx11xxxxxxxxxx', b'0'),
('bb_lobby_1', 14, 19, 0, 'xxx2222222222222222x xxx2222222222222222x xxx2222222222222222x xxx2222222222222222x xxx11111111111111111 11x11111111111111111 11x11111111111111111 11x11111111111111111 x1x11111111111111111 xxx11111111111111111 xxx11111111111111111 xxx11111111111111111 xxx11111111111111111 xxx11111111111111111 xxxxxxxxx00000000000 xxxxxxxxx00000000000 xxxxxxxxx00000000000 xxxxxxxxx00000000000 xxxxxxxxx00000000000 xxxxxxxxx00000000000 xxxxxxxxxxxxx000xxxx xxxxxxxxxxxxx000xxxx xxxxxxxxxxxxx000xxxx', b'0'),
('snowwar_lobby_1', 41, 36, 1, 'xxxxxxxxxxxxxxxxxxxxxxxxxxxxxxxxxxxxxxxxxxxxxxxxxx xxxxxxxxxxxxxxxxxxxxxxxxxxxxxxxxxxxxxxxxxxxxxxxxxx xxxxxxxxxxxxxxxxxxxxxxxxxxxxxxxxxxxxxxxxxxxxxxxxxx xxxxxxxxxxxxxxxxxxxxxxxxxxxxxxxxxxxxxxxxxxxxxxxxxx xxxxxxxxxxxxxxxxxxxxxxxxxxxxxxxxxxxxxxxxxxxxxxxxxx xxxxxxxxxxxxxxxxxxxxxxxxxxxxxxxxxxxxxxxxxxxxxxxxxx xxxxxxxxxxxxxxxxxxxxxxxxxxxxxxxxxxxxxxxxxxxxxxxxxx xxxxxxxxxxxxxxxxxxxxxxxxxxxxxxxxxxxxxxxxxxxxxxxxxx xxxxxxxxxxxxxxxxxxxxxxxxxxxxxxxxxxxxxxxxxxxxxxxxxx xxxxxxxxxxxxxxxxxxxxxxxxxxxxxxxxxxxxxxxxxxxxxxxxxx xxxxxxxxxxxxxxxxxxxxxxxxxxxxxxxxxxxxxxxxxxxxxxxxxx xxxxxxxxxxxxxxxxxxxxxxxxxxxxxxxxxxxxxxxxxxxxxxxxxx xxxxxxxxxxxxxxxxxxxxxxxxxxxxxxxxxxxxxxxxxxxxxxxxxx xxxxxxxxxxxxxxxxxxxxxxxxxxxxxxxxxxxxxxxxxxxxxxxxxx xxxxxxxxxxxxxxxxxxxxxxxxxxxxxxxxxxxxxxxxxxxxxxxxxx xxxxxxxxxxxxxxxxxxxxxxxxxxxxxxxxxxxxxxxxxxxxxxxxxx xxxxxxxxxxxxxxxxxxxxxxxxxxxxxxxxxxxxxxxxxxxxxxxxxx xxxxxxxxxxxxxxxxxxxxxxxxxxxxxx11111xx1xxxxxxxxxxxx xxxxxxxxxxxxxxxxxxxxxxxxxxxxxx11111xx1111xxxxxxxxx xxxxxxxxxxxxxxxxxxxxxxxxxxxxx111111xxxxxxxxxxxxxxx xxxxxxxxxxxxxxxxxxxxxxxxxxx1111111111111111xxxxxxx xxxxxxxxxxxxxxxxxxxxxxxxxxx1111111111111111xxxxxxx xxxxxxxxxxxxxxxxxxxxxxxxxxx1111111111111111xxxxxxx xxxxxxxxxxxxxxxxxxxxxxxxxxx1111111111111111xxxxxxx xxxxxxxxxxxxxxxxxxxxxxxxxxx1111111111111111xxxxxxx xxxxxxxxxxxxxxxxxxxxxxxxxxx1111111111111111xxxxxxx xxxxxxxxxxxxxxxxxxxxxxxxxxx1111111111111111xxxxxxx xxxxxxxxxxxxxxxxxxxxxxxxxxx1111111111111111xxxxxxx xxxxxxxxxxxxxxxxxxxxxxxxxxx1111111111111111xxxxxxx xxxxxxxxxxxxxxxxxxxxxxxxxxx1111111111111111xxxxxxx xxxxxxxxxxxxxxxxxxxxxxxxxxx1111111111111111xxxxxxx xxxxxxxxxxxxxxxxxxxxxxxxxxxx111111111111111xxxxxxx xxxxxxxxxxxxxxxxxxxxxxxxxxx1111111111111111xxxxxxx xxxxxxxxxxxxxxxxxxxxxxxxxxx1111111111111111xxxxxxx xxxxxxxxxxxxxxxxxxxxxxxxxxx1111111111111111xxxxxxx xxxxxxxxxxxxxxxxxxxxxxxxxxxx111111111111111xxxxxxx xxxxxxxxxxxxxxxxxxxxxxxxxxxx1111x1111111111xxxxxxx xxxxxxxxxxxxxxxxxxxxxxxxxxxxxxxxxxxxxxxxxxxxxxxxxx xxxxxxxxxxxxxxxxxxxxxxxxxxxxxxxxxxxxxxxxxxxxxxxxxx xxxxxxxxxxxxxxxxxxxxxxxxxxxxxxxxxxxxxxxxxxxxxxxxxx xxxxxxxxxxxxxxxxxxxxxxxxxxxxxxxxxxxxxxxxxxxxxxxxxx xxxxxxxxxxxxxxxxxxxxxxxxxxxxxxxxxxxxxxxxxxxxxxxxxx xxxxxxxxxxxxxxxxxxxxxxxxxxxxxxxxxxxxxxxxxxxxxxxxxx xxxxxxxxxxxxxxxxxxxxxxxxxxxxxxxxxxxxxxxxxxxxxxxxxx xxxxxxxxxxxxxxxxxxxxxxxxxxxxxxxxxxxxxxxxxxxxxxxxxx xxxxxxxxxxxxxxxxxxxxxxxxxxxxxxxxxxxxxxxxxxxxxxxxxx xxxxxxxxxxxxxxxxxxxxxxxxxxxxxxxxxxxxxxxxxxxxxxxxxx xxxxxxxxxxxxxxxxxxxxxxxxxxxxxxxxxxxxxxxxxxxxxxxxxx xxxxxxxxxxxxxxxxxxxxxxxxxxxxxxxxxxxxxxxxxxxxxxxxxx xxxxxxxxxxxxxxxxxxxxxxxxxxxxxxxxxxxxxxxxxxxxxxxxxx', b'0');
INSERT INTO `spaces_models` (`model`, `doorx`, `doory`, `doorz`, `heightmap`, `haspool`) VALUES
('model_z', 4, 7, 0, 'xxxxxxxxxxxx xxxxxxxxxxxx xxxxxxxxxxxx 000000000000 000000000000 000000000000 000000000000 000000000000 000000000000 000000000000 000000000000 000000000000 xxxxxxxxxxxx xxxxxxxxxxxx xxxxxxxxxxxx xxxxxxxxxxxx', b'0'),
('cr_kitchen', 7, 21, 0, 'X0XXXX000XXXX000X0X X000000000000000000 X000000000000000000 X000000000000000XXX X00XXXX00XXXX000XXX X00XXXX00XXXX00XXXX X00000000000000XXXX X00000000000000XXXX X00000000000000XXXX X00XXXXXXXXXX00XXXX X00XXXXXXXXXX00XXXX X00XXXXXXXXXX000XXX 0000000000000000XXX 000000000000000XXXX 000000000000000XXXX 000XXX0000XXX00XXXX 000XXX0000XXX00XXXX 000000000000000XXXX 000000000000000XXXX 000000000000000XXXX XXXXXXX00XXXXXXXXXX XXXXXXX00XXXXXXXXXX XXXXXXX00XXXXXXXXXX', b'0');

-- --------------------------------------------------------

--
-- Table structure for table `spaces_models_objects`
--

CREATE TABLE IF NOT EXISTS `spaces_models_objects` (
  `id` int(10) NOT NULL AUTO_INCREMENT,
  `definitionid` int(10) NOT NULL,
  `model` varchar(100) NOT NULL,
  `x` smallint(3) NOT NULL,
  `y` smallint(3) NOT NULL,
  `z` float NOT NULL,
  `rotation` tinyint(1) NOT NULL,
  `object` varchar(255) DEFAULT NULL,
  `data` varchar(255) DEFAULT NULL,
  PRIMARY KEY (`id`),
  KEY `uni` (`id`)
) ENGINE=MyISAM  DEFAULT CHARSET=latin1 AUTO_INCREMENT=1442 ;

--
-- Dumping data for table `spaces_models_objects`
--

INSERT INTO `spaces_models_objects` (`id`, `definitionid`, `model`, `x`, `y`, `z`, `rotation`, `object`, `data`) VALUES
(1, 1, 'model_a', 3, 1, 0, 0, NULL, NULL),
(2, 1, 'model_a', 3, 2, 0, 0, NULL, NULL),
(3, 1, 'model_a', 3, 3, 0, 0, NULL, NULL),
(4, 1, 'model_a', 3, 4, 0, 0, NULL, NULL),
(5, 1, 'model_a', 3, 6, 0, 0, NULL, NULL),
(6, 1, 'model_a', 3, 7, 0, 0, NULL, NULL),
(7, 1, 'model_a', 3, 8, 0, 0, NULL, NULL),
(8, 1, 'model_a', 3, 9, 0, 0, NULL, NULL),
(9, 1, 'model_a', 3, 10, 0, 0, NULL, NULL),
(10, 1, 'model_a', 3, 11, 0, 0, NULL, NULL),
(11, 1, 'model_a', 3, 12, 0, 0, NULL, NULL),
(12, 9, 'model_a', 3, 13, 0, 0, NULL, NULL),
(13, 2, 'model_a', 3, 5, 0, 0, NULL, NULL),
(14, 3, 'model_a', 4, 0, 0, 2, NULL, NULL),
(15, 3, 'model_a', 5, 0, 0, 2, NULL, NULL),
(16, 3, 'model_a', 6, 0, 0, 2, NULL, NULL),
(17, 3, 'model_a', 5, 0, 0, 2, NULL, NULL),
(18, 3, 'model_a', 7, 0, 0, 2, NULL, NULL),
(19, 3, 'model_a', 8, 0, 0, 2, NULL, NULL),
(20, 3, 'model_a', 9, 0, 0, 2, NULL, NULL),
(21, 3, 'model_a', 10, 0, 0, 2, NULL, NULL),
(22, 10, 'model_a', 11, 0, 0, 2, NULL, NULL),
(23, 3, 'model_c', 5, 4, 0, 2, NULL, NULL),
(24, 3, 'model_c', 6, 4, 0, 2, NULL, NULL),
(25, 3, 'model_c', 7, 4, 0, 2, NULL, NULL),
(26, 3, 'model_c', 8, 4, 0, 2, NULL, NULL),
(27, 3, 'model_c', 9, 4, 0, 2, NULL, NULL),
(28, 10, 'model_c', 10, 4, 0, 2, NULL, NULL),
(29, 1, 'model_c', 4, 5, 0, 0, NULL, NULL),
(30, 1, 'model_c', 4, 6, 0, 0, NULL, NULL),
(31, 2, 'model_c', 4, 7, 0, 0, NULL, NULL),
(32, 1, 'model_c', 4, 8, 0, 0, NULL, NULL),
(33, 1, 'model_c', 4, 9, 0, 0, NULL, NULL),
(34, 9, 'model_c', 4, 10, 0, 0, NULL, NULL),
(401, 501, 'pool_a', 17, 11, 0, 0, 'curtains1', '19,11'),
(402, 501, 'pool_a', 17, 9, 0, 0, 'curtains2', '19,9'),
(403, 502, 'pool_a', 20, 28, 0, 0, 'Splash0', '21,28 22,28'),
(404, 503, 'pool_a', 21, 28, 0, 0, 'Splash0', '20,28 19,28'),
(405, 502, 'pool_b', 17, 21, 0, 0, 'Splash0', '17,22 17,23'),
(406, 503, 'pool_b', 17, 22, 0, 0, 'Splash0', '17,21 17,20'),
(407, 502, 'pool_b', 31, 10, 0, 0, 'Splash2', '31,11 31,12'),
(408, 503, 'pool_b', 31, 11, 0, 0, 'Splash2', '31,10 31,9'),
(409, 503, 'pool_b', 20, 19, 0, 0, 'Splash1', '19,19 18,19'),
(410, 504, 'pool_b', 26, 4, 0, 0, 'door', '20,19'),
(411, 501, 'md_a', 8, 0, 0, 0, 'curtains1', '8,2'),
(412, 501, 'md_a', 9, 0, 0, 0, 'curtains2', '9,2'),
(413, 502, 'md_a', 11, 11, 0, 0, 'Splash0', '12,11 13,11'),
(414, 503, 'md_a', 12, 11, 0, 0, 'Splash0', '11,11 10,11'),
(415, 502, 'md_a', 11, 12, 0, 0, 'Splash0', '12,12 13,12'),
(416, 503, 'md_a', 12, 12, 0, 0, 'Splash0', '11,12 10,12'),
(430, 510, 'md_a', 21, 15, 8, 0, 'wsQueueTile', '21,14'),
(431, 510, 'md_a', 21, 16, 8, 0, 'wsQueueTile', '21,15'),
(432, 510, 'md_a', 21, 17, 8, 0, 'wsQueueTile', '21,16'),
(433, 510, 'md_a', 21, 18, 8, 0, 'wsQueueTile', '21,17'),
(434, 511, 'md_a', 21, 12, 8, 0, 'wsSetPlayer', '1'),
(435, 511, 'md_a', 21, 13, 8, 0, NULL, NULL),
(436, 511, 'md_a', 21, 14, 8, 0, 'wsSetPlayer', '0'),
(437, 512, 'md_a', 21, 8, 8, 0, 'wsQueueTile', '21,9'),
(438, 512, 'md_a', 21, 9, 8, 0, 'wsQueueTile', '21,10'),
(439, 512, 'md_a', 21, 10, 8, 0, 'wsQueueTile', '21,11'),
(440, 512, 'md_a', 21, 11, 8, 0, 'wsQueueTile', '21,12'),
(441, 513, 'md_a', 21, 19, 0, 0, 'qstart', '21,18'),
(442, 513, 'md_a', 21, 7, 0, 0, 'qstart', '21,8'),
(443, 2415, 'lobby_a', 9, 0, 7, 0, NULL, NULL),
(444, 2416, 'lobby_a', 11, 0, 7, 4, NULL, NULL),
(445, 2417, 'lobby_a', 12, 0, 7, 4, NULL, NULL),
(446, 2418, 'lobby_a', 13, 0, 7, 2, NULL, NULL),
(447, 2416, 'lobby_a', 14, 0, 7, 4, NULL, NULL),
(448, 2417, 'lobby_a', 15, 0, 7, 4, NULL, NULL),
(449, 2419, 'lobby_a', 16, 0, 7, 4, NULL, NULL),
(450, 2420, 'lobby_a', 9, 2, 7, 2, NULL, NULL),
(451, 2415, 'lobby_a', 9, 3, 7, 0, NULL, NULL),
(452, 2421, 'lobby_a', 11, 3, 7, 0, NULL, NULL),
(453, 2417, 'lobby_a', 12, 3, 7, 0, NULL, NULL),
(454, 2418, 'lobby_a', 13, 3, 7, 2, NULL, NULL),
(455, 2421, 'lobby_a', 14, 3, 7, 0, NULL, NULL),
(456, 2417, 'lobby_a', 15, 3, 7, 0, NULL, NULL),
(457, 2415, 'lobby_a', 12, 4, 3, 0, NULL, NULL),
(458, 2415, 'lobby_a', 16, 4, 3, 0, NULL, NULL),
(459, 2416, 'lobby_a', 0, 7, 3, 4, NULL, NULL),
(460, 2417, 'lobby_a', 1, 7, 3, 4, NULL, NULL),
(461, 2421, 'lobby_a', 0, 10, 3, 0, NULL, NULL),
(462, 2417, 'lobby_a', 1, 10, 3, 0, NULL, NULL),
(463, 2422, 'lobby_a', 21, 12, 1, 4, NULL, NULL),
(464, 2422, 'lobby_a', 22, 12, 1, 4, NULL, NULL),
(465, 2422, 'lobby_a', 23, 12, 1, 4, NULL, NULL),
(466, 2422, 'lobby_a', 24, 12, 1, 4, NULL, NULL),
(467, 2416, 'lobby_a', 0, 14, 3, 4, NULL, NULL),
(468, 2417, 'lobby_a', 1, 14, 3, 4, NULL, NULL),
(469, 2419, 'lobby_a', 13, 14, 1, 2, NULL, NULL),
(470, 2419, 'lobby_a', 12, 15, 1, 4, NULL, NULL),
(471, 2423, 'lobby_a', 19, 16, 1, 4, NULL, NULL),
(472, 2424, 'lobby_a', 21, 16, 1, 2, NULL, NULL),
(473, 2423, 'lobby_a', 23, 16, 1, 4, NULL, NULL),
(474, 2421, 'lobby_a', 0, 17, 3, 0, NULL, NULL),
(475, 2417, 'lobby_a', 1, 17, 3, 0, NULL, NULL),
(476, 2425, 'lobby_a', 21, 17, 1, 2, NULL, NULL),
(477, 2423, 'lobby_a', 19, 18, 1, 0, NULL, NULL),
(478, 2426, 'lobby_a', 21, 18, 1, 2, NULL, NULL),
(479, 2423, 'lobby_a', 23, 18, 1, 0, NULL, NULL),
(480, 2416, 'lobby_a', 7, 21, 2, 2, NULL, NULL),
(481, 2427, 'lobby_a', 7, 22, 2, 2, NULL, NULL),
(482, 2427, 'lobby_a', 7, 23, 2, 2, NULL, NULL),
(483, 2427, 'lobby_a', 7, 24, 2, 2, NULL, NULL),
(484, 2417, 'lobby_a', 7, 25, 2, 2, NULL, NULL),
(485, 2418, 'lobby_a', 7, 26, 2, 2, NULL, NULL),
(486, 2428, 'lobby_a', 10, 26, 1, 2, NULL, NULL),
(487, 2429, 'cinema_a', 2, 4, 3, 0, NULL, NULL),
(488, 2430, 'cinema_a', 7, 4, 3, 2, NULL, NULL),
(489, 2431, 'cinema_a', 8, 4, 3, 0, NULL, NULL),
(490, 2430, 'cinema_a', 9, 4, 3, 6, NULL, NULL),
(491, 2430, 'cinema_a', 2, 5, 3, 4, NULL, NULL),
(492, 2430, 'cinema_a', 7, 5, 3, 2, NULL, NULL),
(493, 2432, 'cinema_a', 8, 5, 3, 0, NULL, NULL),
(494, 2430, 'cinema_a', 9, 5, 3, 6, NULL, NULL),
(495, 2433, 'cinema_a', 2, 6, 3, 0, NULL, NULL),
(496, 2430, 'cinema_a', 2, 7, 3, 0, NULL, NULL),
(497, 2434, 'cinema_a', 13, 7, 1, 0, NULL, NULL),
(498, 2434, 'cinema_a', 14, 7, 1, 0, NULL, NULL),
(499, 2434, 'cinema_a', 15, 7, 1, 0, NULL, NULL),
(500, 2434, 'cinema_a', 16, 7, 1, 0, NULL, NULL),
(501, 2434, 'cinema_a', 17, 7, 1, 0, NULL, NULL),
(502, 2434, 'cinema_a', 18, 7, 1, 0, NULL, NULL),
(503, 2435, 'cinema_a', 21, 7, 1, 0, NULL, NULL),
(504, 2436, 'cinema_a', 9, 8, 3, 0, NULL, NULL),
(505, 2437, 'cinema_a', 13, 8, 2, 2, NULL, NULL),
(506, 2437, 'cinema_a', 14, 8, 2, 0, NULL, NULL),
(507, 2437, 'cinema_a', 15, 8, 2, 0, NULL, NULL),
(508, 2437, 'cinema_a', 16, 8, 2, 0, NULL, NULL),
(509, 2437, 'cinema_a', 17, 8, 2, 0, NULL, NULL),
(510, 2437, 'cinema_a', 18, 8, 2, 0, NULL, NULL),
(511, 2437, 'cinema_a', 19, 8, 2, 1, NULL, NULL),
(512, 2435, 'cinema_a', 21, 8, 1, 0, NULL, NULL),
(513, 2429, 'cinema_a', 2, 9, 3, 0, NULL, NULL),
(514, 2434, 'cinema_a', 13, 9, 2, 0, NULL, NULL),
(515, 2434, 'cinema_a', 14, 9, 2, 0, NULL, NULL),
(516, 2434, 'cinema_a', 15, 9, 2, 0, NULL, NULL),
(517, 2434, 'cinema_a', 16, 9, 2, 0, NULL, NULL),
(518, 2434, 'cinema_a', 17, 9, 2, 0, NULL, NULL),
(519, 2434, 'cinema_a', 18, 9, 2, 0, NULL, NULL),
(520, 2434, 'cinema_a', 19, 9, 2, 0, NULL, NULL),
(521, 2434, 'cinema_a', 20, 9, 2, 0, NULL, NULL),
(522, 2435, 'cinema_a', 21, 9, 1, 0, NULL, NULL),
(523, 2430, 'cinema_a', 2, 10, 3, 4, NULL, NULL),
(524, 2430, 'cinema_a', 9, 10, 3, 4, NULL, NULL),
(525, 2433, 'cinema_a', 2, 11, 3, 0, NULL, NULL),
(526, 2433, 'cinema_a', 9, 11, 3, 0, NULL, NULL),
(527, 2430, 'cinema_a', 2, 12, 3, 0, NULL, NULL),
(528, 2430, 'cinema_a', 9, 12, 3, 0, NULL, NULL),
(529, 2438, 'cinema_a', 17, 12, 1, 6, NULL, NULL),
(530, 2439, 'cinema_a', 19, 12, 1, 2, NULL, NULL),
(531, 2438, 'cinema_a', 15, 13, 1, 2, NULL, NULL),
(532, 2436, 'cinema_a', 19, 13, 1, 0, NULL, NULL),
(533, 2438, 'cinema_a', 20, 13, 1, 6, NULL, NULL),
(534, 2436, 'cinema_a', 9, 14, 3, 0, NULL, NULL),
(535, 2430, 'cinema_a', 2, 15, 3, 4, NULL, NULL),
(536, 2438, 'cinema_a', 14, 15, 1, 4, NULL, NULL),
(537, 2439, 'cinema_a', 19, 15, 1, 4, NULL, NULL),
(538, 2433, 'cinema_a', 2, 16, 3, 0, NULL, NULL),
(539, 2430, 'cinema_a', 7, 16, 3, 2, NULL, NULL),
(540, 2433, 'cinema_a', 8, 16, 3, 2, NULL, NULL),
(541, 2430, 'cinema_a', 9, 16, 3, 6, NULL, NULL),
(542, 2438, 'cinema_a', 13, 16, 1, 2, NULL, NULL),
(543, 2438, 'cinema_a', 14, 16, 1, 6, NULL, NULL),
(544, 2429, 'cinema_a', 19, 16, 1, 0, NULL, NULL),
(545, 2430, 'cinema_a', 2, 17, 3, 0, NULL, NULL),
(546, 2430, 'cinema_a', 7, 17, 3, 2, NULL, NULL),
(547, 2433, 'cinema_a', 8, 17, 3, 2, NULL, NULL),
(548, 2430, 'cinema_a', 9, 17, 3, 6, NULL, NULL),
(549, 2438, 'cinema_a', 19, 17, 1, 2, NULL, NULL),
(550, 2429, 'cinema_a', 2, 18, 3, 0, NULL, NULL),
(551, 2438, 'cinema_a', 14, 18, 1, 4, NULL, NULL),
(552, 2440, 'cinema_a', 2, 19, 3, 0, NULL, NULL),
(553, 2440, 'cinema_a', 2, 20, 3, 1, NULL, NULL),
(554, 2441, 'cinema_a', 3, 20, 3, 6, NULL, NULL),
(555, 2436, 'cinema_a', 9, 20, 3, 0, NULL, NULL),
(556, 2438, 'cinema_a', 14, 20, 1, 0, NULL, NULL),
(557, 2438, 'cinema_a', 19, 20, 1, 2, NULL, NULL),
(558, 2439, 'cinema_a', 20, 20, 1, 6, NULL, NULL),
(559, 2440, 'cinema_a', 2, 21, 3, 1, NULL, NULL),
(560, 2441, 'cinema_a', 3, 21, 3, 6, NULL, NULL),
(561, 2438, 'cinema_a', 19, 21, 1, 0, NULL, NULL),
(562, 2440, 'cinema_a', 2, 22, 3, 1, NULL, NULL),
(563, 2441, 'cinema_a', 3, 22, 3, 6, NULL, NULL),
(564, 2436, 'cinema_a', 16, 22, 1, 0, NULL, NULL),
(565, 2439, 'cinema_a', 18, 22, 1, 0, NULL, NULL),
(566, 2440, 'cinema_a', 2, 23, 3, 1, NULL, NULL),
(567, 2441, 'cinema_a', 3, 23, 3, 6, NULL, NULL),
(568, 2440, 'cinema_a', 2, 24, 3, 1, NULL, NULL),
(569, 2441, 'cinema_a', 3, 24, 3, 6, NULL, NULL),
(570, 2440, 'cinema_a', 2, 25, 3, 2, NULL, NULL),
(571, 2442, 'theater', 11, 10, 1, 0, NULL, NULL),
(572, 2443, 'theater', 2, 11, 4, 2, NULL, NULL),
(573, 2443, 'theater', 2, 12, 4, 2, NULL, NULL),
(574, 2443, 'theater', 2, 15, 4, 2, NULL, NULL),
(575, 2444, 'theater', 6, 15, 0, 0, NULL, NULL),
(576, 2444, 'theater', 7, 15, 0, 0, NULL, NULL),
(577, 2444, 'theater', 8, 15, 0, 0, NULL, NULL),
(578, 2444, 'theater', 9, 15, 0, 0, NULL, NULL),
(579, 2444, 'theater', 10, 15, 0, 0, NULL, NULL),
(580, 2444, 'theater', 12, 15, 0, 0, NULL, NULL),
(581, 2444, 'theater', 13, 15, 0, 0, NULL, NULL),
(582, 2444, 'theater', 14, 15, 0, 0, NULL, NULL),
(583, 2444, 'theater', 15, 15, 0, 0, NULL, NULL),
(584, 2444, 'theater', 16, 15, 0, 0, NULL, NULL),
(585, 2443, 'theater', 2, 16, 4, 2, NULL, NULL),
(586, 2444, 'theater', 6, 20, 1, 0, NULL, NULL),
(587, 2444, 'theater', 7, 20, 1, 0, NULL, NULL),
(588, 2444, 'theater', 8, 20, 1, 0, NULL, NULL),
(589, 2444, 'theater', 9, 20, 1, 0, NULL, NULL),
(590, 2444, 'theater', 10, 20, 1, 0, NULL, NULL),
(591, 2444, 'theater', 12, 20, 1, 0, NULL, NULL),
(592, 2444, 'theater', 13, 20, 1, 0, NULL, NULL),
(593, 2444, 'theater', 14, 20, 1, 0, NULL, NULL),
(594, 2444, 'theater', 15, 20, 1, 0, NULL, NULL),
(595, 2444, 'theater', 16, 20, 1, 0, NULL, NULL),
(596, 2444, 'theater', 6, 23, 1, 0, NULL, NULL),
(597, 2444, 'theater', 7, 23, 1, 0, NULL, NULL),
(598, 2444, 'theater', 8, 23, 1, 0, NULL, NULL),
(599, 2444, 'theater', 9, 23, 1, 0, NULL, NULL),
(600, 2444, 'theater', 10, 23, 1, 0, NULL, NULL),
(601, 2444, 'theater', 12, 23, 1, 0, NULL, NULL),
(602, 2444, 'theater', 13, 23, 1, 0, NULL, NULL),
(603, 2444, 'theater', 14, 23, 1, 0, NULL, NULL),
(604, 2444, 'theater', 15, 23, 1, 0, NULL, NULL),
(605, 2444, 'theater', 16, 23, 1, 0, NULL, NULL),
(606, 2444, 'theater', 6, 26, 1, 0, NULL, NULL),
(607, 2444, 'theater', 7, 26, 1, 0, NULL, NULL),
(608, 2444, 'theater', 8, 26, 1, 0, NULL, NULL),
(609, 2444, 'theater', 9, 26, 1, 0, NULL, NULL),
(610, 2444, 'theater', 10, 26, 1, 0, NULL, NULL),
(611, 2444, 'theater', 12, 26, 1, 0, NULL, NULL),
(612, 2444, 'theater', 13, 26, 1, 0, NULL, NULL),
(613, 2444, 'theater', 14, 26, 1, 0, NULL, NULL),
(614, 2444, 'theater', 15, 26, 1, 0, NULL, NULL),
(615, 2444, 'theater', 16, 26, 1, 0, NULL, NULL),
(616, 2446, 'habburger', 0, 0, 2, 2, NULL, NULL),
(617, 2447, 'habburger', 1, 0, 2, 4, NULL, NULL),
(618, 2446, 'habburger', 2, 0, 2, 6, NULL, NULL),
(619, 2446, 'habburger', 6, 0, 2, 2, NULL, NULL),
(620, 2448, 'habburger', 7, 0, 2, 4, NULL, NULL),
(621, 2446, 'habburger', 8, 0, 2, 6, NULL, NULL),
(622, 2446, 'habburger', 12, 0, 2, 2, NULL, NULL),
(623, 2447, 'habburger', 13, 0, 2, 4, NULL, NULL),
(624, 2446, 'habburger', 14, 0, 2, 6, NULL, NULL),
(625, 2449, 'habburger', 15, 0, 2, 0, NULL, NULL),
(626, 2450, 'habburger', 0, 1, 2, 2, NULL, NULL),
(627, 2426, 'habburger', 1, 1, 2, 4, NULL, NULL),
(628, 2450, 'habburger', 2, 1, 2, 6, NULL, NULL),
(629, 2450, 'habburger', 6, 1, 2, 2, NULL, NULL),
(630, 2426, 'habburger', 7, 1, 2, 4, NULL, NULL),
(631, 2450, 'habburger', 8, 1, 2, 6, NULL, NULL),
(632, 2450, 'habburger', 12, 1, 2, 2, NULL, NULL),
(633, 2426, 'habburger', 13, 1, 2, 4, NULL, NULL),
(634, 2450, 'habburger', 14, 1, 2, 6, NULL, NULL),
(635, 2451, 'habburger', 2, 7, 0, 0, NULL, NULL),
(636, 2446, 'habburger', 7, 7, 0, 4, NULL, NULL),
(637, 2450, 'habburger', 8, 7, 0, 4, NULL, NULL),
(638, 2446, 'habburger', 12, 7, 0, 4, NULL, NULL),
(639, 2450, 'habburger', 13, 7, 0, 4, NULL, NULL),
(640, 2452, 'habburger', 2, 8, 0, 0, NULL, NULL),
(641, 2448, 'habburger', 7, 8, 0, 2, NULL, NULL),
(642, 2426, 'habburger', 8, 8, 0, 2, NULL, NULL),
(643, 2447, 'habburger', 12, 8, 0, 2, NULL, NULL),
(644, 2426, 'habburger', 13, 8, 0, 2, NULL, NULL),
(645, 2453, 'habburger', 2, 9, 0, 0, NULL, NULL),
(646, 2446, 'habburger', 7, 9, 0, 0, NULL, NULL),
(647, 2450, 'habburger', 8, 9, 0, 0, NULL, NULL),
(648, 2446, 'habburger', 12, 9, 0, 0, NULL, NULL),
(649, 2450, 'habburger', 13, 9, 0, 0, NULL, NULL),
(650, 2454, 'habburger', 2, 10, 0, 0, NULL, NULL),
(651, 2453, 'habburger', 2, 11, 0, 0, NULL, NULL),
(652, 2453, 'habburger', 2, 12, 0, 0, NULL, NULL),
(653, 2446, 'habburger', 7, 12, 0, 4, NULL, NULL),
(654, 2450, 'habburger', 8, 12, 0, 4, NULL, NULL),
(655, 2446, 'habburger', 12, 12, 0, 4, NULL, NULL),
(656, 2450, 'habburger', 13, 12, 0, 4, NULL, NULL),
(657, 2453, 'habburger', 2, 13, 0, 0, NULL, NULL),
(658, 2447, 'habburger', 7, 13, 0, 2, NULL, NULL),
(659, 2426, 'habburger', 8, 13, 0, 2, NULL, NULL),
(660, 2448, 'habburger', 12, 13, 0, 2, NULL, NULL),
(661, 2426, 'habburger', 13, 13, 0, 2, NULL, NULL),
(662, 2446, 'habburger', 7, 14, 0, 0, NULL, NULL),
(663, 2450, 'habburger', 8, 14, 0, 0, NULL, NULL),
(664, 2446, 'habburger', 12, 14, 0, 0, NULL, NULL),
(665, 2450, 'habburger', 13, 14, 0, 0, NULL, NULL),
(666, 2455, 'pool_a', 2, 28, 7, 0, NULL, NULL),
(667, 2456, 'pool_a', 2, 29, 7, 0, NULL, NULL),
(668, 2455, 'pool_a', 19, 30, 7, 0, NULL, NULL),
(669, 2456, 'pool_a', 19, 31, 7, 0, NULL, NULL),
(670, 2457, 'pool_a', 6, 32, 7, 0, NULL, NULL),
(671, 2415, 'pool_a', 13, 33, 7, 0, NULL, NULL),
(672, 2458, 'pool_a', 10, 34, 7, 4, NULL, NULL),
(673, 2459, 'pool_a', 8, 35, 7, 0, NULL, NULL),
(674, 2458, 'pool_a', 9, 35, 7, 2, NULL, NULL),
(675, 2460, 'pool_a', 10, 35, 7, 0, NULL, NULL),
(676, 2458, 'pool_a', 11, 35, 7, 6, NULL, NULL),
(677, 2461, 'pool_a', 15, 35, 7, 0, NULL, NULL),
(678, 2458, 'pool_a', 10, 36, 7, 0, NULL, NULL),
(679, 2462, 'pool_a', 15, 36, 7, 4, NULL, NULL),
(680, 2463, 'pool_a', 22, 36, 7, 4, NULL, NULL),
(681, 2462, 'pool_a', 14, 37, 7, 2, NULL, NULL),
(682, 2464, 'pool_a', 15, 37, 7, 0, NULL, NULL),
(683, 2462, 'pool_a', 16, 37, 7, 6, NULL, NULL),
(684, 2465, 'pool_a', 20, 37, 7, 0, NULL, NULL),
(685, 2463, 'pool_a', 21, 37, 7, 2, NULL, NULL),
(686, 2466, 'pool_a', 22, 37, 7, 0, NULL, NULL),
(687, 2463, 'pool_a', 22, 38, 7, 0, NULL, NULL),
(688, 2467, 'pool_a', 18, 42, 7, 4, NULL, NULL),
(689, 2468, 'pool_a', 16, 43, 7, 0, NULL, NULL),
(690, 2467, 'pool_a', 17, 43, 7, 2, NULL, NULL),
(691, 2469, 'pool_a', 18, 43, 7, 0, NULL, NULL),
(692, 2467, 'pool_a', 19, 43, 7, 6, NULL, NULL),
(693, 2467, 'pool_a', 18, 44, 7, 0, NULL, NULL),
(694, 2470, 'pool_b', 33, 2, 7, 0, NULL, NULL),
(695, 2471, 'pool_b', 18, 3, 8, 4, NULL, NULL),
(696, 2472, 'pool_b', 19, 3, 8, 4, NULL, NULL),
(697, 2471, 'pool_b', 20, 3, 8, 4, NULL, NULL),
(698, 2472, 'pool_b', 21, 3, 8, 4, NULL, NULL),
(699, 2471, 'pool_b', 22, 3, 8, 4, NULL, NULL),
(700, 2472, 'pool_b', 23, 3, 8, 4, NULL, NULL),
(701, 2473, 'pool_b', 33, 3, 7, 4, NULL, NULL),
(702, 2473, 'pool_b', 32, 4, 7, 2, NULL, NULL),
(703, 2474, 'pool_b', 33, 4, 7, 0, NULL, NULL),
(704, 2473, 'pool_b', 34, 4, 7, 6, NULL, NULL),
(705, 2471, 'pool_b', 16, 5, 8, 2, NULL, NULL),
(706, 2473, 'pool_b', 33, 5, 7, 0, NULL, NULL),
(707, 2472, 'pool_b', 16, 6, 8, 2, NULL, NULL),
(708, 2471, 'pool_b', 16, 7, 8, 2, NULL, NULL),
(709, 2473, 'pool_b', 35, 7, 7, 4, NULL, NULL),
(710, 2415, 'pool_b', 14, 8, 9, 0, NULL, NULL),
(711, 2472, 'pool_b', 16, 8, 8, 2, NULL, NULL),
(712, 2470, 'pool_b', 33, 8, 7, 0, NULL, NULL),
(713, 2473, 'pool_b', 34, 8, 7, 2, NULL, NULL),
(714, 2474, 'pool_b', 35, 8, 7, 0, NULL, NULL),
(715, 2473, 'pool_b', 36, 8, 7, 6, NULL, NULL),
(716, 2471, 'pool_b', 14, 9, 9, 2, NULL, NULL),
(717, 2471, 'pool_b', 16, 9, 8, 2, NULL, NULL),
(718, 2473, 'pool_b', 35, 9, 7, 0, NULL, NULL),
(719, 2472, 'pool_b', 14, 10, 9, 2, NULL, NULL),
(720, 2472, 'pool_b', 16, 10, 8, 2, NULL, NULL),
(721, 2471, 'pool_b', 14, 11, 9, 2, NULL, NULL),
(722, 2471, 'pool_b', 16, 11, 8, 2, NULL, NULL),
(723, 2472, 'pool_b', 14, 12, 9, 2, NULL, NULL),
(724, 2472, 'pool_b', 16, 12, 8, 2, NULL, NULL),
(725, 2455, 'pool_b', 3, 13, 7, 2, NULL, NULL),
(726, 2456, 'pool_b', 4, 13, 7, 2, NULL, NULL),
(727, 2471, 'pool_b', 14, 13, 9, 2, NULL, NULL),
(728, 2471, 'pool_b', 16, 13, 8, 2, NULL, NULL),
(729, 2472, 'pool_b', 14, 14, 9, 2, NULL, NULL),
(730, 2472, 'pool_b', 16, 14, 8, 2, NULL, NULL),
(731, 2475, 'floorlobby_a', 3, 2, 0, 0, NULL, NULL),
(732, 2422, 'floorlobby_a', 5, 2, 0, 4, NULL, NULL),
(733, 2422, 'floorlobby_a', 7, 2, 0, 4, NULL, NULL),
(734, 2422, 'floorlobby_a', 9, 2, 0, 4, NULL, NULL),
(735, 2422, 'floorlobby_a', 11, 2, 0, 4, NULL, NULL),
(736, 2422, 'floorlobby_a', 13, 2, 0, 4, NULL, NULL),
(737, 2419, 'floorlobby_a', 26, 2, 0, 4, NULL, NULL),
(738, 2476, 'floorlobby_a', 3, 8, 1, 0, NULL, NULL),
(739, 2477, 'floorlobby_a', 14, 8, 1, 6, NULL, NULL),
(740, 2477, 'floorlobby_a', 15, 8, 1, 0, NULL, NULL),
(741, 2477, 'floorlobby_a', 16, 8, 1, 0, NULL, NULL),
(742, 2477, 'floorlobby_a', 17, 8, 1, 0, NULL, NULL),
(743, 2477, 'floorlobby_a', 18, 8, 1, 0, NULL, NULL),
(744, 2477, 'floorlobby_a', 19, 8, 1, 0, NULL, NULL),
(745, 2477, 'floorlobby_a', 20, 8, 1, 0, NULL, NULL),
(746, 2477, 'floorlobby_a', 21, 8, 1, 0, NULL, NULL),
(747, 2477, 'floorlobby_a', 22, 8, 1, 0, NULL, NULL),
(748, 2477, 'floorlobby_a', 23, 8, 1, 0, NULL, NULL),
(749, 2477, 'floorlobby_a', 24, 8, 1, 0, NULL, NULL),
(750, 2477, 'floorlobby_a', 25, 8, 1, 0, NULL, NULL),
(751, 2477, 'floorlobby_a', 26, 8, 1, 2, NULL, NULL),
(752, 2423, 'floorlobby_a', 3, 9, 1, 2, NULL, NULL),
(753, 2423, 'floorlobby_a', 5, 9, 1, 6, NULL, NULL),
(754, 2475, 'floorlobby_a', 15, 9, 1, 0, NULL, NULL),
(755, 2416, 'floorlobby_a', 16, 9, 1, 4, NULL, NULL),
(756, 2427, 'floorlobby_a', 17, 9, 1, 4, NULL, NULL),
(757, 2417, 'floorlobby_a', 18, 9, 1, 4, NULL, NULL),
(758, 2475, 'floorlobby_a', 19, 9, 1, 4, NULL, NULL),
(759, 2475, 'floorlobby_a', 21, 9, 1, 0, NULL, NULL),
(760, 2416, 'floorlobby_a', 22, 9, 1, 4, NULL, NULL),
(761, 2427, 'floorlobby_a', 23, 9, 1, 4, NULL, NULL),
(762, 2417, 'floorlobby_a', 24, 9, 1, 4, NULL, NULL),
(763, 2475, 'floorlobby_a', 25, 9, 1, 4, NULL, NULL),
(764, 2423, 'floorlobby_a', 3, 11, 1, 2, NULL, NULL),
(765, 2423, 'floorlobby_a', 5, 11, 1, 6, NULL, NULL),
(766, 2478, 'floorlobby_a', 3, 12, 1, 0, NULL, NULL),
(767, 2423, 'floorlobby_a', 16, 14, 1, 4, NULL, NULL),
(768, 2423, 'floorlobby_a', 18, 14, 1, 4, NULL, NULL),
(769, 2423, 'floorlobby_a', 22, 14, 1, 4, NULL, NULL),
(770, 2423, 'floorlobby_a', 24, 14, 1, 4, NULL, NULL),
(771, 2478, 'floorlobby_a', 17, 15, 1, 0, NULL, NULL),
(772, 2478, 'floorlobby_a', 23, 15, 1, 0, NULL, NULL),
(773, 2478, 'floorlobby_a', 3, 16, 1, 0, NULL, NULL),
(774, 2423, 'floorlobby_a', 16, 16, 1, 0, NULL, NULL),
(775, 2423, 'floorlobby_a', 18, 16, 1, 0, NULL, NULL),
(776, 2423, 'floorlobby_a', 22, 16, 1, 0, NULL, NULL),
(777, 2423, 'floorlobby_a', 24, 16, 1, 0, NULL, NULL),
(778, 2423, 'floorlobby_a', 3, 17, 1, 2, NULL, NULL),
(779, 2423, 'floorlobby_a', 5, 17, 1, 6, NULL, NULL),
(780, 2476, 'floorlobby_a', 3, 18, 1, 0, NULL, NULL),
(781, 2479, 'floorlobby_a', 14, 18, 1, 6, NULL, NULL),
(782, 2479, 'floorlobby_a', 15, 18, 1, 0, NULL, NULL),
(783, 2479, 'floorlobby_a', 16, 18, 1, 0, NULL, NULL),
(784, 2479, 'floorlobby_a', 17, 18, 1, 0, NULL, NULL),
(785, 2479, 'floorlobby_a', 18, 18, 1, 0, NULL, NULL),
(786, 2479, 'floorlobby_a', 19, 18, 1, 0, NULL, NULL),
(787, 2479, 'floorlobby_a', 20, 18, 1, 0, NULL, NULL),
(788, 2479, 'floorlobby_a', 21, 18, 1, 0, NULL, NULL),
(789, 2479, 'floorlobby_a', 22, 18, 1, 0, NULL, NULL),
(790, 2479, 'floorlobby_a', 23, 18, 1, 0, NULL, NULL),
(791, 2479, 'floorlobby_a', 24, 18, 1, 0, NULL, NULL),
(792, 2479, 'floorlobby_a', 25, 18, 1, 0, NULL, NULL),
(793, 2479, 'floorlobby_a', 26, 18, 1, 2, NULL, NULL),
(794, 2475, 'floorlobby_b', 3, 2, 0, 0, NULL, NULL),
(795, 2422, 'floorlobby_b', 5, 2, 0, 4, NULL, NULL),
(796, 2422, 'floorlobby_b', 7, 2, 0, 4, NULL, NULL),
(797, 2422, 'floorlobby_b', 9, 2, 0, 4, NULL, NULL),
(798, 2422, 'floorlobby_b', 11, 2, 0, 4, NULL, NULL),
(799, 2422, 'floorlobby_b', 13, 2, 0, 4, NULL, NULL),
(800, 2419, 'floorlobby_b', 26, 2, 0, 4, NULL, NULL),
(801, 2476, 'floorlobby_b', 3, 8, 1, 0, NULL, NULL),
(802, 2480, 'floorlobby_b', 14, 8, 1, 6, NULL, NULL),
(803, 2480, 'floorlobby_b', 15, 8, 1, 0, NULL, NULL),
(804, 2480, 'floorlobby_b', 16, 8, 1, 0, NULL, NULL),
(805, 2480, 'floorlobby_b', 17, 8, 1, 0, NULL, NULL),
(806, 2480, 'floorlobby_b', 18, 8, 1, 0, NULL, NULL),
(807, 2480, 'floorlobby_b', 19, 8, 1, 0, NULL, NULL),
(808, 2480, 'floorlobby_b', 20, 8, 1, 0, NULL, NULL),
(809, 2480, 'floorlobby_b', 21, 8, 1, 0, NULL, NULL),
(810, 2480, 'floorlobby_b', 22, 8, 1, 0, NULL, NULL),
(811, 2480, 'floorlobby_b', 23, 8, 1, 0, NULL, NULL),
(812, 2480, 'floorlobby_b', 24, 8, 1, 0, NULL, NULL),
(813, 2480, 'floorlobby_b', 25, 8, 1, 0, NULL, NULL),
(814, 2480, 'floorlobby_b', 26, 8, 1, 2, NULL, NULL),
(815, 2416, 'floorlobby_b', 3, 9, 1, 4, NULL, NULL),
(816, 2427, 'floorlobby_b', 4, 9, 1, 4, NULL, NULL),
(817, 2417, 'floorlobby_b', 5, 9, 1, 4, NULL, NULL),
(818, 2475, 'floorlobby_b', 15, 9, 1, 0, NULL, NULL),
(819, 2416, 'floorlobby_b', 16, 9, 1, 4, NULL, NULL),
(820, 2427, 'floorlobby_b', 17, 9, 1, 4, NULL, NULL),
(821, 2417, 'floorlobby_b', 18, 9, 1, 4, NULL, NULL),
(822, 2475, 'floorlobby_b', 19, 9, 1, 4, NULL, NULL),
(823, 2475, 'floorlobby_b', 21, 9, 1, 0, NULL, NULL),
(824, 2416, 'floorlobby_b', 22, 9, 1, 4, NULL, NULL),
(825, 2427, 'floorlobby_b', 23, 9, 1, 4, NULL, NULL),
(826, 2417, 'floorlobby_b', 24, 9, 1, 4, NULL, NULL),
(827, 2475, 'floorlobby_b', 25, 9, 1, 4, NULL, NULL),
(828, 2423, 'floorlobby_b', 3, 11, 1, 0, NULL, NULL),
(829, 2478, 'floorlobby_b', 4, 11, 1, 0, NULL, NULL),
(830, 2423, 'floorlobby_b', 5, 11, 1, 0, NULL, NULL),
(831, 2423, 'floorlobby_b', 16, 14, 1, 2, NULL, NULL),
(832, 2423, 'floorlobby_b', 18, 14, 1, 6, NULL, NULL),
(833, 2423, 'floorlobby_b', 22, 14, 1, 2, NULL, NULL),
(834, 2423, 'floorlobby_b', 24, 14, 1, 6, NULL, NULL),
(835, 2478, 'floorlobby_b', 17, 15, 1, 0, NULL, NULL),
(836, 2478, 'floorlobby_b', 23, 15, 1, 0, NULL, NULL),
(837, 2478, 'floorlobby_b', 3, 16, 1, 0, NULL, NULL),
(838, 2423, 'floorlobby_b', 16, 16, 1, 2, NULL, NULL),
(839, 2423, 'floorlobby_b', 18, 16, 1, 6, NULL, NULL),
(840, 2423, 'floorlobby_b', 22, 16, 1, 2, NULL, NULL),
(841, 2423, 'floorlobby_b', 24, 16, 1, 6, NULL, NULL),
(842, 2423, 'floorlobby_b', 3, 17, 1, 2, NULL, NULL),
(843, 2423, 'floorlobby_b', 5, 17, 1, 6, NULL, NULL),
(844, 2476, 'floorlobby_b', 3, 18, 1, 0, NULL, NULL),
(845, 2481, 'floorlobby_b', 14, 18, 1, 6, NULL, NULL),
(846, 2481, 'floorlobby_b', 15, 18, 1, 0, NULL, NULL),
(847, 2481, 'floorlobby_b', 16, 18, 1, 0, NULL, NULL),
(848, 2481, 'floorlobby_b', 17, 18, 1, 0, NULL, NULL),
(849, 2481, 'floorlobby_b', 18, 18, 1, 0, NULL, NULL),
(850, 2481, 'floorlobby_b', 19, 18, 1, 0, NULL, NULL),
(851, 2481, 'floorlobby_b', 20, 18, 1, 0, NULL, NULL),
(852, 2481, 'floorlobby_b', 21, 18, 1, 0, NULL, NULL),
(853, 2481, 'floorlobby_b', 22, 18, 1, 0, NULL, NULL),
(854, 2481, 'floorlobby_b', 23, 18, 1, 0, NULL, NULL),
(855, 2481, 'floorlobby_b', 24, 18, 1, 0, NULL, NULL),
(856, 2481, 'floorlobby_b', 25, 18, 1, 0, NULL, NULL),
(857, 2481, 'floorlobby_b', 26, 18, 1, 2, NULL, NULL),
(858, 2475, 'floorlobby_c', 3, 2, 0, 0, NULL, NULL),
(859, 2422, 'floorlobby_c', 5, 2, 0, 4, NULL, NULL),
(860, 2422, 'floorlobby_c', 7, 2, 0, 4, NULL, NULL),
(861, 2422, 'floorlobby_c', 9, 2, 0, 4, NULL, NULL),
(862, 2422, 'floorlobby_c', 11, 2, 0, 4, NULL, NULL),
(863, 2422, 'floorlobby_c', 13, 2, 0, 4, NULL, NULL),
(864, 2419, 'floorlobby_c', 26, 2, 0, 4, NULL, NULL),
(865, 2482, 'floorlobby_c', 14, 8, 1, 6, NULL, NULL),
(866, 2482, 'floorlobby_c', 15, 8, 1, 0, NULL, NULL),
(867, 2482, 'floorlobby_c', 16, 8, 1, 0, NULL, NULL),
(868, 2482, 'floorlobby_c', 17, 8, 1, 0, NULL, NULL),
(869, 2482, 'floorlobby_c', 18, 8, 1, 0, NULL, NULL),
(870, 2482, 'floorlobby_c', 19, 8, 1, 0, NULL, NULL),
(871, 2482, 'floorlobby_c', 20, 8, 1, 0, NULL, NULL),
(872, 2482, 'floorlobby_c', 21, 8, 1, 0, NULL, NULL),
(873, 2482, 'floorlobby_c', 22, 8, 1, 0, NULL, NULL),
(874, 2482, 'floorlobby_c', 23, 8, 1, 0, NULL, NULL),
(875, 2482, 'floorlobby_c', 24, 8, 1, 0, NULL, NULL),
(876, 2482, 'floorlobby_c', 25, 8, 1, 0, NULL, NULL),
(877, 2482, 'floorlobby_c', 26, 8, 1, 2, NULL, NULL),
(878, 2483, 'floorlobby_c', 3, 9, 1, 2, NULL, NULL),
(879, 2483, 'floorlobby_c', 5, 9, 1, 6, NULL, NULL),
(880, 2475, 'floorlobby_c', 15, 9, 1, 0, NULL, NULL),
(881, 2484, 'floorlobby_c', 16, 9, 1, 4, NULL, NULL),
(882, 2485, 'floorlobby_c', 17, 9, 1, 4, NULL, NULL),
(883, 2486, 'floorlobby_c', 18, 9, 1, 4, NULL, NULL),
(884, 2475, 'floorlobby_c', 19, 9, 1, 4, NULL, NULL),
(885, 2475, 'floorlobby_c', 21, 9, 1, 0, NULL, NULL),
(886, 2484, 'floorlobby_c', 22, 9, 1, 4, NULL, NULL),
(887, 2485, 'floorlobby_c', 23, 9, 1, 4, NULL, NULL),
(888, 2486, 'floorlobby_c', 24, 9, 1, 4, NULL, NULL),
(889, 2475, 'floorlobby_c', 25, 9, 1, 4, NULL, NULL),
(890, 2483, 'floorlobby_c', 3, 11, 1, 2, NULL, NULL),
(891, 2483, 'floorlobby_c', 5, 11, 1, 6, NULL, NULL),
(892, 2487, 'floorlobby_c', 3, 12, 1, 0, NULL, NULL),
(893, 2483, 'floorlobby_c', 16, 14, 1, 4, NULL, NULL),
(894, 2483, 'floorlobby_c', 18, 14, 1, 4, NULL, NULL),
(895, 2483, 'floorlobby_c', 22, 14, 1, 4, NULL, NULL),
(896, 2483, 'floorlobby_c', 24, 14, 1, 4, NULL, NULL),
(897, 2487, 'floorlobby_c', 17, 15, 1, 0, NULL, NULL),
(898, 2487, 'floorlobby_c', 23, 15, 1, 0, NULL, NULL),
(899, 2487, 'floorlobby_c', 3, 16, 1, 0, NULL, NULL),
(900, 2483, 'floorlobby_c', 16, 16, 1, 0, NULL, NULL),
(901, 2483, 'floorlobby_c', 18, 16, 1, 0, NULL, NULL),
(902, 2483, 'floorlobby_c', 22, 16, 1, 0, NULL, NULL),
(903, 2483, 'floorlobby_c', 24, 16, 1, 0, NULL, NULL),
(904, 2483, 'floorlobby_c', 3, 17, 1, 2, NULL, NULL),
(905, 2483, 'floorlobby_c', 5, 17, 1, 6, NULL, NULL),
(906, 2488, 'floorlobby_c', 14, 18, 1, 6, NULL, NULL),
(907, 2488, 'floorlobby_c', 15, 18, 1, 0, NULL, NULL),
(908, 2488, 'floorlobby_c', 16, 18, 1, 0, NULL, NULL),
(909, 2488, 'floorlobby_c', 17, 18, 1, 0, NULL, NULL),
(910, 2488, 'floorlobby_c', 18, 18, 1, 0, NULL, NULL),
(911, 2488, 'floorlobby_c', 19, 18, 1, 0, NULL, NULL),
(912, 2488, 'floorlobby_c', 20, 18, 1, 0, NULL, NULL),
(913, 2488, 'floorlobby_c', 21, 18, 1, 0, NULL, NULL),
(914, 2488, 'floorlobby_c', 22, 18, 1, 0, NULL, NULL),
(915, 2488, 'floorlobby_c', 23, 18, 1, 0, NULL, NULL),
(916, 2488, 'floorlobby_c', 24, 18, 1, 0, NULL, NULL),
(917, 2488, 'floorlobby_c', 25, 18, 1, 0, NULL, NULL),
(918, 2488, 'floorlobby_c', 26, 18, 1, 2, NULL, NULL),
(919, 2489, 'bar_a', 12, 3, 5, 2, NULL, NULL),
(920, 2490, 'bar_a', 13, 3, 5, 0, NULL, NULL),
(921, 2489, 'bar_a', 14, 3, 5, 6, NULL, NULL),
(922, 2489, 'bar_a', 13, 4, 5, 0, NULL, NULL),
(923, 2489, 'bar_a', 18, 5, 5, 4, NULL, NULL),
(924, 2489, 'bar_a', 17, 6, 5, 2, NULL, NULL),
(925, 2490, 'bar_a', 18, 6, 5, 0, NULL, NULL),
(926, 2489, 'bar_a', 18, 7, 5, 0, NULL, NULL),
(927, 2491, 'bar_a', 13, 11, 5, 3, NULL, NULL),
(928, 2492, 'bar_a', 14, 11, 5, 4, NULL, NULL),
(929, 2492, 'bar_a', 15, 11, 5, 4, NULL, NULL),
(930, 2492, 'bar_a', 16, 11, 5, 4, NULL, NULL),
(931, 2492, 'bar_a', 17, 11, 5, 4, NULL, NULL),
(932, 2491, 'bar_a', 18, 11, 5, 5, NULL, NULL),
(933, 2493, 'bar_a', 18, 12, 5, 6, NULL, NULL),
(934, 2494, 'bar_a', 14, 13, 5, 0, NULL, NULL),
(935, 2495, 'bar_a', 15, 13, 5, 0, NULL, NULL),
(936, 2496, 'bar_a', 16, 13, 5, 0, NULL, NULL),
(937, 2493, 'bar_a', 18, 13, 5, 6, NULL, NULL),
(938, 2493, 'bar_a', 18, 14, 5, 6, NULL, NULL),
(939, 2497, 'bar_a', 13, 15, 5, 1, NULL, NULL),
(940, 2493, 'bar_a', 14, 15, 5, 0, NULL, NULL),
(941, 2493, 'bar_a', 15, 15, 5, 0, NULL, NULL),
(942, 2493, 'bar_a', 16, 15, 5, 0, NULL, NULL),
(943, 2493, 'bar_a', 17, 15, 5, 0, NULL, NULL),
(944, 2497, 'bar_a', 18, 15, 5, 7, NULL, NULL),
(945, 2489, 'bar_a', 3, 16, 5, 4, NULL, NULL),
(946, 2489, 'bar_a', 8, 16, 5, 4, NULL, NULL),
(947, 2490, 'bar_a', 3, 17, 5, 0, NULL, NULL),
(948, 2489, 'bar_a', 4, 17, 5, 6, NULL, NULL),
(949, 2489, 'bar_a', 7, 17, 5, 2, NULL, NULL),
(950, 2490, 'bar_a', 8, 17, 5, 0, NULL, NULL),
(951, 2489, 'bar_a', 9, 17, 5, 6, NULL, NULL),
(952, 2497, 'bar_a', 13, 17, 5, 3, NULL, NULL),
(953, 2493, 'bar_a', 14, 17, 5, 4, NULL, NULL),
(954, 2493, 'bar_a', 15, 17, 5, 4, NULL, NULL),
(955, 2493, 'bar_a', 16, 17, 5, 4, NULL, NULL),
(956, 2493, 'bar_a', 17, 17, 5, 4, NULL, NULL),
(957, 2497, 'bar_a', 18, 17, 5, 5, NULL, NULL),
(958, 2489, 'bar_a', 3, 18, 5, 0, NULL, NULL),
(959, 2489, 'bar_a', 8, 18, 5, 0, NULL, NULL),
(960, 2493, 'bar_a', 18, 18, 5, 6, NULL, NULL),
(961, 2494, 'bar_a', 14, 19, 5, 0, NULL, NULL),
(962, 2495, 'bar_a', 15, 19, 5, 0, NULL, NULL),
(963, 2496, 'bar_a', 16, 19, 5, 0, NULL, NULL),
(964, 2493, 'bar_a', 18, 19, 5, 6, NULL, NULL),
(965, 2493, 'bar_a', 18, 20, 5, 6, NULL, NULL),
(966, 2497, 'bar_a', 13, 21, 5, 1, NULL, NULL),
(967, 2493, 'bar_a', 14, 21, 5, 0, NULL, NULL),
(968, 2493, 'bar_a', 15, 21, 5, 0, NULL, NULL),
(969, 2493, 'bar_a', 16, 21, 5, 0, NULL, NULL),
(970, 2493, 'bar_a', 17, 21, 5, 0, NULL, NULL),
(971, 2497, 'bar_a', 18, 21, 5, 7, NULL, NULL),
(972, 2498, 'bar_a', 4, 23, 5, 6, NULL, NULL),
(973, 2498, 'bar_a', 5, 23, 5, 5, NULL, NULL),
(974, 2498, 'bar_a', 6, 23, 5, 4, NULL, NULL),
(975, 2498, 'bar_a', 7, 23, 5, 3, NULL, NULL),
(976, 2497, 'bar_a', 13, 23, 5, 3, NULL, NULL),
(977, 2493, 'bar_a', 14, 23, 5, 4, NULL, NULL),
(978, 2493, 'bar_a', 15, 23, 5, 4, NULL, NULL),
(979, 2493, 'bar_a', 16, 23, 5, 4, NULL, NULL),
(980, 2493, 'bar_a', 17, 23, 5, 4, NULL, NULL),
(981, 2497, 'bar_a', 18, 23, 5, 5, NULL, NULL),
(982, 2498, 'bar_a', 7, 24, 5, 2, NULL, NULL),
(983, 2493, 'bar_a', 18, 24, 5, 6, NULL, NULL),
(984, 2498, 'bar_a', 7, 25, 5, 2, NULL, NULL),
(985, 2494, 'bar_a', 14, 25, 5, 0, NULL, NULL),
(986, 2495, 'bar_a', 15, 25, 5, 0, NULL, NULL),
(987, 2496, 'bar_a', 16, 25, 5, 0, NULL, NULL),
(988, 2493, 'bar_a', 18, 25, 5, 6, NULL, NULL),
(989, 2498, 'bar_a', 7, 26, 5, 2, NULL, NULL),
(990, 2493, 'bar_a', 18, 26, 5, 6, NULL, NULL),
(991, 2498, 'bar_a', 7, 27, 5, 2, NULL, NULL),
(992, 2497, 'bar_a', 13, 27, 5, 1, NULL, NULL),
(993, 2493, 'bar_a', 14, 27, 5, 0, NULL, NULL),
(994, 2493, 'bar_a', 15, 27, 5, 0, NULL, NULL),
(995, 2493, 'bar_a', 16, 27, 5, 0, NULL, NULL),
(996, 2493, 'bar_a', 17, 27, 5, 0, NULL, NULL),
(997, 2497, 'bar_a', 18, 27, 5, 7, NULL, NULL),
(1214, 2521, 'pub_a', 8, 12, 3, 0, NULL, NULL),
(1213, 2521, 'pub_a', 18, 11, 2, 0, NULL, NULL),
(1212, 2521, 'pub_a', 8, 11, 3, 1, NULL, NULL),
(1211, 2522, 'pub_a', 6, 11, 3, 4, NULL, NULL),
(1210, 2522, 'pub_a', 5, 11, 3, 4, NULL, NULL),
(1209, 2522, 'pub_a', 3, 11, 3, 4, NULL, NULL),
(1208, 2522, 'pub_a', 2, 11, 3, 4, NULL, NULL),
(1207, 2521, 'pub_a', 18, 10, 2, 0, NULL, NULL),
(1206, 2521, 'pub_a', 18, 9, 2, 0, NULL, NULL),
(1205, 2451, 'pub_a', 11, 9, 2, 0, NULL, NULL),
(1204, 2452, 'pub_a', 10, 9, 2, 0, NULL, NULL),
(1203, 2521, 'pub_a', 18, 8, 2, 0, NULL, NULL),
(1202, 2520, 'pub_a', 12, 8, 2, 6, NULL, NULL),
(1201, 2519, 'pub_a', 11, 8, 2, 0, NULL, NULL),
(1200, 2521, 'pub_a', 18, 7, 2, 0, NULL, NULL),
(1199, 2454, 'pub_a', 11, 7, 2, 0, NULL, NULL),
(1198, 2521, 'pub_a', 18, 6, 2, 0, NULL, NULL),
(1197, 2520, 'pub_a', 12, 6, 2, 6, NULL, NULL),
(1196, 2519, 'pub_a', 11, 6, 2, 0, NULL, NULL),
(1195, 2521, 'pub_a', 18, 5, 2, 1, NULL, NULL),
(1194, 2454, 'pub_a', 11, 5, 2, 0, NULL, NULL),
(1193, 2520, 'pub_a', 12, 4, 2, 6, NULL, NULL),
(1192, 2519, 'pub_a', 11, 4, 2, 0, NULL, NULL),
(1191, 2454, 'pub_a', 11, 3, 2, 0, NULL, NULL),
(1190, 2520, 'pub_a', 12, 2, 2, 6, NULL, NULL),
(1189, 2519, 'pub_a', 11, 2, 2, 0, NULL, NULL),
(1188, 2518, 'pub_a', 21, 1, 1, 4, NULL, NULL),
(1187, 2518, 'pub_a', 20, 1, 1, 4, NULL, NULL),
(1186, 2517, 'pub_a', 19, 1, 1, 4, NULL, NULL),
(1185, 2435, 'bar_b', 5, 21, 2, 0, NULL, NULL),
(1184, 2435, 'bar_b', 4, 21, 2, 0, NULL, NULL),
(1183, 2435, 'bar_b', 5, 20, 3, 0, NULL, NULL),
(1182, 2435, 'bar_b', 4, 20, 3, 0, NULL, NULL),
(1181, 2489, 'bar_b', 14, 19, 4, 6, NULL, NULL),
(1180, 2490, 'bar_b', 13, 19, 4, 0, NULL, NULL),
(1179, 2489, 'bar_b', 12, 19, 4, 2, NULL, NULL),
(1178, 2435, 'bar_b', 5, 19, 4, 0, NULL, NULL),
(1177, 2435, 'bar_b', 4, 19, 4, 0, NULL, NULL),
(1176, 2489, 'bar_b', 8, 18, 4, 0, NULL, NULL),
(1175, 2490, 'bar_b', 8, 17, 4, 0, NULL, NULL),
(1174, 2489, 'bar_b', 15, 16, 4, 0, NULL, NULL),
(1173, 2489, 'bar_b', 8, 16, 4, 4, NULL, NULL),
(1172, 2490, 'bar_b', 15, 15, 4, 0, NULL, NULL),
(1171, 2489, 'bar_b', 14, 15, 4, 2, NULL, NULL),
(1170, 2489, 'bar_b', 15, 14, 4, 4, NULL, NULL),
(1169, 2489, 'bar_b', 10, 13, 4, 0, NULL, NULL),
(1168, 2489, 'bar_b', 11, 12, 4, 6, NULL, NULL),
(1167, 2490, 'bar_b', 10, 12, 4, 0, NULL, NULL),
(1166, 2489, 'bar_b', 9, 12, 4, 2, NULL, NULL),
(1165, 2489, 'bar_b', 10, 11, 4, 4, NULL, NULL),
(1164, 2489, 'bar_b', 15, 10, 4, 0, NULL, NULL),
(1163, 2490, 'bar_b', 15, 9, 4, 0, NULL, NULL),
(1162, 2489, 'bar_b', 14, 9, 4, 2, NULL, NULL),
(1161, 2515, 'bar_b', 3, 9, 4, 6, NULL, NULL),
(1160, 2489, 'bar_b', 15, 8, 4, 4, NULL, NULL),
(1159, 2516, 'bar_b', 3, 8, 4, 2, NULL, NULL),
(1158, 2489, 'bar_b', 9, 7, 4, 0, NULL, NULL),
(1157, 2516, 'bar_b', 3, 7, 4, 2, NULL, NULL),
(1156, 2489, 'bar_b', 10, 6, 4, 6, NULL, NULL),
(1155, 2490, 'bar_b', 9, 6, 4, 0, NULL, NULL),
(1154, 2489, 'bar_b', 8, 6, 4, 2, NULL, NULL),
(1153, 2516, 'bar_b', 3, 6, 4, 2, NULL, NULL),
(1152, 2516, 'bar_b', 3, 5, 4, 2, NULL, NULL),
(1151, 2515, 'bar_b', 3, 4, 4, 2, NULL, NULL),
(1150, 2515, 'bar_b', 17, 3, 4, 0, NULL, NULL),
(1149, 2516, 'bar_b', 16, 3, 4, 4, NULL, NULL),
(1148, 2516, 'bar_b', 15, 3, 4, 4, NULL, NULL),
(1147, 2516, 'bar_b', 14, 3, 4, 4, NULL, NULL),
(1146, 2516, 'bar_b', 13, 3, 4, 4, NULL, NULL),
(1145, 2515, 'bar_b', 12, 3, 4, 4, NULL, NULL),
(1144, 2514, 'bar_b', 3, 3, 4, 0, NULL, NULL),
(1143, 2435, 'bar_b', 11, 2, 100000, 2, NULL, NULL),
(1142, 2435, 'bar_b', 10, 2, 4, 2, NULL, NULL),
(1141, 2435, 'bar_b', 9, 2, 4, 2, NULL, NULL),
(1140, 2435, 'bar_b', 8, 2, 4, 2, NULL, NULL),
(1139, 2435, 'bar_b', 7, 2, 4, 2, NULL, NULL),
(1138, 2435, 'bar_b', 6, 2, 4, 2, NULL, NULL),
(1137, 2435, 'bar_b', 5, 2, 4, 2, NULL, NULL),
(1136, 2435, 'bar_b', 4, 2, 4, 2, NULL, NULL),
(1077, 2499, 'cafe_taivas', 15, 0, 0, 4, NULL, NULL),
(1078, 2499, 'cafe_taivas', 16, 0, 0, 4, NULL, NULL),
(1079, 2499, 'cafe_taivas', 17, 0, 0, 4, NULL, NULL),
(1080, 2500, 'cafe_taivas', 3, 1, 1, 2, NULL, NULL),
(1081, 2501, 'cafe_taivas', 5, 1, 1, 0, NULL, NULL),
(1082, 2500, 'cafe_taivas', 6, 1, 1, 6, NULL, NULL),
(1083, 2502, 'cafe_taivas', 11, 1, 0, 4, NULL, NULL),
(1084, 2500, 'cafe_taivas', 3, 2, 1, 2, NULL, NULL),
(1085, 2503, 'cafe_taivas', 4, 2, 1, 2, NULL, NULL),
(1086, 2500, 'cafe_taivas', 6, 2, 1, 6, NULL, NULL),
(1087, 2502, 'cafe_taivas', 10, 2, 0, 2, NULL, NULL),
(1088, 2504, 'cafe_taivas', 12, 2, 0, 0, NULL, NULL),
(1089, 2502, 'cafe_taivas', 13, 2, 0, 6, NULL, NULL),
(1090, 2500, 'cafe_taivas', 3, 3, 1, 2, NULL, NULL),
(1091, 2500, 'cafe_taivas', 6, 3, 1, 6, NULL, NULL),
(1092, 2502, 'cafe_taivas', 10, 3, 0, 2, NULL, NULL),
(1093, 2505, 'cafe_taivas', 11, 3, 0, 2, NULL, NULL),
(1094, 2502, 'cafe_taivas', 13, 3, 0, 6, NULL, NULL),
(1095, 2500, 'cafe_taivas', 5, 4, 1, 0, NULL, NULL),
(1096, 2502, 'cafe_taivas', 10, 4, 0, 2, NULL, NULL),
(1097, 2502, 'cafe_taivas', 13, 4, 0, 6, NULL, NULL),
(1098, 2502, 'cafe_taivas', 12, 5, 0, 0, NULL, NULL),
(1099, 2500, 'cafe_taivas', 4, 7, 1, 4, NULL, NULL),
(1100, 2500, 'cafe_taivas', 3, 8, 1, 2, NULL, NULL),
(1101, 2506, 'cafe_taivas', 4, 8, 1, 2, NULL, NULL),
(1102, 2507, 'cafe_taivas', 1, 9, 1, 0, NULL, NULL),
(1103, 2500, 'cafe_taivas', 6, 9, 1, 6, NULL, NULL),
(1104, 2502, 'cafe_taivas', 15, 9, 0, 4, NULL, NULL),
(1105, 2508, 'cafe_taivas', 1, 10, 1, 0, NULL, NULL),
(1106, 2500, 'cafe_taivas', 5, 10, 1, 0, NULL, NULL),
(1107, 2502, 'cafe_taivas', 14, 10, 0, 2, NULL, NULL),
(1108, 2509, 'cafe_taivas', 15, 10, 0, 2, NULL, NULL),
(1109, 2508, 'cafe_taivas', 1, 11, 1, 0, NULL, NULL),
(1110, 2502, 'cafe_taivas', 17, 11, 0, 6, NULL, NULL),
(1111, 2508, 'cafe_taivas', 1, 12, 1, 0, NULL, NULL),
(1112, 2502, 'cafe_taivas', 15, 12, 0, 0, NULL, NULL),
(1113, 2508, 'cafe_taivas', 1, 13, 1, 0, NULL, NULL),
(1114, 2508, 'cafe_taivas', 1, 14, 1, 0, NULL, NULL),
(1115, 2500, 'cafe_taivas', 5, 14, 1, 4, NULL, NULL),
(1116, 2510, 'cafe_taivas', 1, 15, 1, 0, NULL, NULL),
(1117, 2500, 'cafe_taivas', 3, 15, 1, 2, NULL, NULL),
(1118, 2506, 'cafe_taivas', 4, 15, 1, 2, NULL, NULL),
(1119, 2500, 'cafe_taivas', 6, 16, 1, 6, NULL, NULL),
(1120, 2502, 'cafe_taivas', 15, 16, 0, 4, NULL, NULL),
(1121, 2500, 'cafe_taivas', 5, 17, 1, 0, NULL, NULL),
(1122, 2502, 'cafe_taivas', 14, 17, 0, 2, NULL, NULL),
(1123, 2509, 'cafe_taivas', 15, 17, 0, 2, NULL, NULL),
(1124, 2502, 'cafe_taivas', 17, 17, 0, 6, NULL, NULL),
(1125, 2502, 'cafe_taivas', 11, 18, 0, 4, NULL, NULL),
(1126, 2502, 'cafe_taivas', 10, 19, 0, 2, NULL, NULL),
(1127, 2509, 'cafe_taivas', 11, 19, 0, 2, NULL, NULL),
(1128, 2502, 'cafe_taivas', 16, 19, 0, 0, NULL, NULL),
(1129, 2511, 'cafe_taivas', 2, 20, 1, 2, NULL, NULL),
(1130, 2502, 'cafe_taivas', 13, 20, 0, 6, NULL, NULL),
(1131, 2512, 'cafe_taivas', 2, 21, 1, 2, NULL, NULL),
(1132, 2502, 'cafe_taivas', 11, 21, 0, 0, NULL, NULL),
(1133, 2511, 'cafe_taivas', 2, 22, 1, 2, NULL, NULL),
(1134, 2513, 'cafe_taivas', 8, 22, 0, 0, NULL, NULL),
(1135, 2512, 'cafe_taivas', 2, 23, 1, 2, NULL, NULL),
(1215, 2521, 'pub_a', 18, 12, 2, 0, NULL, NULL),
(1216, 2521, 'pub_a', 8, 13, 3, 0, NULL, NULL),
(1217, 2522, 'pub_a', 9, 13, 2, 2, NULL, NULL),
(1218, 2523, 'pub_a', 14, 13, 2, 2, NULL, NULL),
(1219, 2524, 'pub_a', 15, 13, 2, 1, NULL, NULL),
(1220, 2523, 'pub_a', 16, 13, 2, 6, NULL, NULL),
(1221, 2521, 'pub_a', 18, 13, 2, 0, NULL, NULL),
(1222, 2521, 'pub_a', 8, 14, 3, 2, NULL, NULL),
(1223, 2522, 'pub_a', 9, 14, 2, 2, NULL, NULL),
(1224, 2523, 'pub_a', 14, 14, 2, 2, NULL, NULL),
(1225, 2524, 'pub_a', 15, 14, 2, 2, NULL, NULL),
(1226, 2523, 'pub_a', 16, 14, 2, 6, NULL, NULL),
(1227, 2521, 'pub_a', 18, 14, 2, 0, NULL, NULL),
(1228, 2525, 'pub_a', 1, 15, 3, 0, NULL, NULL),
(1229, 2521, 'pub_a', 5, 15, 3, 1, NULL, NULL),
(1230, 2521, 'pub_a', 18, 15, 2, 0, NULL, NULL),
(1231, 2517, 'pub_a', 1, 16, 3, 2, NULL, NULL),
(1232, 2521, 'pub_a', 5, 16, 3, 0, NULL, NULL),
(1233, 2521, 'pub_a', 18, 16, 2, 0, NULL, NULL),
(1234, 2518, 'pub_a', 1, 17, 3, 2, NULL, NULL),
(1235, 2521, 'pub_a', 5, 17, 3, 0, NULL, NULL),
(1236, 2523, 'pub_a', 13, 17, 2, 4, NULL, NULL),
(1237, 2523, 'pub_a', 14, 17, 2, 4, NULL, NULL),
(1238, 2523, 'pub_a', 15, 17, 2, 4, NULL, NULL),
(1239, 2523, 'pub_a', 16, 17, 2, 4, NULL, NULL),
(1240, 2521, 'pub_a', 18, 17, 2, 0, NULL, NULL),
(1241, 2518, 'pub_a', 1, 18, 3, 2, NULL, NULL),
(1242, 2521, 'pub_a', 5, 18, 3, 0, NULL, NULL),
(1243, 2524, 'pub_a', 13, 18, 2, 5, NULL, NULL),
(1244, 2524, 'pub_a', 14, 18, 2, 6, NULL, NULL),
(1245, 2524, 'pub_a', 15, 18, 2, 6, NULL, NULL),
(1246, 2524, 'pub_a', 16, 18, 2, 4, NULL, NULL),
(1247, 2521, 'pub_a', 18, 18, 2, 0, NULL, NULL),
(1248, 2518, 'pub_a', 2, 19, 3, 0, NULL, NULL),
(1249, 2517, 'pub_a', 3, 19, 3, 0, NULL, NULL),
(1250, 2521, 'pub_a', 5, 19, 3, 0, NULL, NULL),
(1251, 2523, 'pub_a', 13, 19, 2, 0, NULL, NULL),
(1252, 2523, 'pub_a', 14, 19, 2, 0, NULL, NULL),
(1253, 2523, 'pub_a', 15, 19, 2, 0, NULL, NULL),
(1254, 2523, 'pub_a', 16, 19, 2, 0, NULL, NULL),
(1255, 2521, 'pub_a', 18, 19, 2, 0, NULL, NULL),
(1256, 2521, 'pub_a', 1, 20, 3, 5, NULL, NULL),
(1257, 2521, 'pub_a', 2, 20, 3, 6, NULL, NULL),
(1258, 2521, 'pub_a', 3, 20, 3, 6, NULL, NULL),
(1259, 2521, 'pub_a', 4, 20, 3, 6, NULL, NULL),
(1260, 2521, 'pub_a', 5, 20, 3, 3, NULL, NULL),
(1261, 2521, 'pub_a', 18, 20, 2, 0, NULL, NULL),
(1262, 2517, 'pub_a', 7, 21, 1, 4, NULL, NULL),
(1263, 2518, 'pub_a', 8, 21, 1, 4, NULL, NULL),
(1264, 2521, 'pub_a', 12, 21, 2, 5, NULL, NULL),
(1265, 2521, 'pub_a', 13, 21, 2, 6, NULL, NULL),
(1266, 2521, 'pub_a', 14, 21, 2, 6, NULL, NULL),
(1267, 2521, 'pub_a', 15, 21, 2, 6, NULL, NULL),
(1268, 2521, 'pub_a', 16, 21, 2, 6, NULL, NULL),
(1269, 2521, 'pub_a', 17, 21, 2, 6, NULL, NULL),
(1270, 2521, 'pub_a', 18, 21, 2, 3, NULL, NULL),
(1271, 2517, 'pub_a', 6, 22, 1, 2, NULL, NULL),
(1272, 2525, 'pub_a', 15, 22, 0, 0, NULL, NULL),
(1273, 2522, 'pub_a', 16, 22, 0, 4, NULL, NULL),
(1274, 2522, 'pub_a', 17, 22, 0, 4, NULL, NULL),
(1275, 2518, 'pub_a', 6, 23, 1, 2, NULL, NULL),
(1276, 2524, 'pub_a', 8, 23, 1, 1, NULL, NULL),
(1277, 2518, 'pub_a', 6, 24, 1, 2, NULL, NULL),
(1278, 2524, 'pub_a', 8, 24, 1, 0, NULL, NULL),
(1279, 2518, 'pub_a', 6, 25, 1, 2, NULL, NULL),
(1280, 2524, 'pub_a', 8, 25, 1, 2, NULL, NULL),
(1281, 2526, 'malja_bar_a', 13, 1, 4, 4, NULL, NULL),
(1282, 2526, 'malja_bar_a', 7, 2, 4, 4, NULL, NULL),
(1283, 2526, 'malja_bar_a', 5, 3, 4, 2, NULL, NULL),
(1284, 2527, 'malja_bar_a', 6, 3, 4, 2, NULL, NULL),
(1285, 2526, 'malja_bar_a', 8, 4, 4, 6, NULL, NULL),
(1286, 2526, 'malja_bar_a', 7, 5, 4, 0, NULL, NULL),
(1287, 2528, 'malja_bar_a', 10, 7, 1, 0, NULL, NULL),
(1288, 2529, 'malja_bar_a', 10, 8, 1, 0, NULL, NULL),
(1289, 2530, 'malja_bar_a', 0, 9, 1, 0, NULL, NULL),
(1290, 2531, 'malja_bar_a', 1, 9, 1, 0, NULL, NULL),
(1291, 2531, 'malja_bar_a', 2, 9, 1, 0, NULL, NULL),
(1292, 2531, 'malja_bar_a', 3, 9, 1, 0, NULL, NULL),
(1293, 2531, 'malja_bar_a', 4, 9, 1, 0, NULL, NULL),
(1294, 2531, 'malja_bar_a', 5, 9, 1, 0, NULL, NULL),
(1295, 2531, 'malja_bar_a', 6, 9, 1, 0, NULL, NULL),
(1296, 2531, 'malja_bar_a', 7, 9, 1, 0, NULL, NULL),
(1297, 2531, 'malja_bar_a', 8, 9, 1, 0, NULL, NULL),
(1298, 2531, 'malja_bar_a', 9, 9, 1, 0, NULL, NULL),
(1299, 2532, 'malja_bar_a', 10, 9, 1, 0, NULL, NULL),
(1300, 2526, 'malja_bar_a', 7, 13, 1, 4, NULL, NULL),
(1301, 2527, 'malja_bar_a', 7, 14, 1, 2, NULL, NULL),
(1302, 2526, 'malja_bar_a', 13, 14, 1, 4, NULL, NULL),
(1303, 2526, 'malja_bar_a', 1, 15, 1, 4, NULL, NULL),
(1304, 2526, 'malja_bar_a', 6, 15, 1, 2, NULL, NULL),
(1305, 2526, 'malja_bar_a', 9, 15, 1, 6, NULL, NULL),
(1306, 2527, 'malja_bar_a', 13, 15, 1, 2, NULL, NULL),
(1307, 2526, 'malja_bar_a', 0, 16, 1, 2, NULL, NULL),
(1308, 2527, 'malja_bar_a', 1, 16, 1, 2, NULL, NULL),
(1309, 2526, 'malja_bar_a', 7, 16, 1, 0, NULL, NULL),
(1310, 2526, 'malja_bar_a', 12, 16, 1, 2, NULL, NULL),
(1311, 2526, 'malja_bar_a', 15, 16, 1, 6, NULL, NULL),
(1312, 2526, 'malja_bar_a', 3, 17, 1, 6, NULL, NULL),
(1313, 2526, 'malja_bar_a', 14, 17, 1, 0, NULL, NULL),
(1314, 2526, 'malja_bar_a', 2, 18, 1, 0, NULL, NULL),
(1315, 2526, 'malja_bar_a', 0, 21, 1, 2, NULL, NULL),
(1316, 2533, 'malja_bar_b', 4, 0, 3, 4, NULL, NULL),
(1317, 2533, 'malja_bar_b', 8, 0, 3, 2, NULL, NULL),
(1318, 2534, 'malja_bar_b', 9, 0, 3, 0, NULL, NULL),
(1319, 2533, 'malja_bar_b', 10, 0, 3, 6, NULL, NULL),
(1320, 2535, 'malja_bar_b', 4, 1, 3, 2, NULL, NULL),
(1321, 2536, 'malja_bar_b', 13, 1, 3, 1, NULL, NULL),
(1322, 2533, 'malja_bar_b', 6, 2, 3, 6, NULL, NULL),
(1323, 2536, 'malja_bar_b', 13, 2, 3, 2, NULL, NULL),
(1324, 2536, 'malja_bar_b', 14, 2, 3, 3, NULL, NULL),
(1325, 2536, 'malja_bar_b', 15, 2, 3, 4, NULL, NULL),
(1326, 2435, 'malja_bar_b', 1, 3, 7, 0, NULL, NULL),
(1327, 2533, 'malja_bar_b', 4, 3, 3, 0, NULL, NULL),
(1328, 2435, 'malja_bar_b', 1, 4, 7, 0, NULL, NULL),
(1329, 2435, 'malja_bar_b', 2, 4, 5, 0, NULL, NULL),
(1330, 2435, 'malja_bar_b', 3, 4, 5, 0, NULL, NULL),
(1331, 2435, 'malja_bar_b', 12, 5, 2, 0, NULL, NULL),
(1332, 2435, 'malja_bar_b', 13, 5, 2, 0, NULL, NULL),
(1333, 2435, 'malja_bar_b', 14, 5, 2, 0, NULL, NULL),
(1334, 2435, 'malja_bar_b', 3, 6, 4, 0, NULL, NULL),
(1335, 2435, 'malja_bar_b', 12, 6, 1, 0, NULL, NULL),
(1336, 2435, 'malja_bar_b', 13, 6, 1, 0, NULL, NULL),
(1337, 2435, 'malja_bar_b', 14, 6, 1, 0, NULL, NULL),
(1338, 2435, 'malja_bar_b', 3, 7, 4, 0, NULL, NULL),
(1339, 2435, 'malja_bar_b', 2, 8, 3, 0, NULL, NULL),
(1340, 2435, 'malja_bar_b', 3, 8, 3, 0, NULL, NULL),
(1341, 2533, 'malja_bar_b', 7, 8, 3, 4, NULL, NULL),
(1342, 2534, 'malja_bar_b', 7, 9, 3, 0, NULL, NULL),
(1343, 2533, 'malja_bar_b', 7, 10, 3, 0, NULL, NULL),
(1344, 2533, 'malja_bar_b', 2, 11, 3, 4, NULL, NULL),
(1345, 2534, 'malja_bar_b', 2, 12, 3, 0, NULL, NULL),
(1346, 2533, 'malja_bar_b', 2, 13, 3, 0, NULL, NULL),
(1347, 2533, 'malja_bar_b', 0, 14, 9, 2, NULL, NULL),
(1348, 2533, 'malja_bar_b', 0, 15, 9, 2, NULL, NULL),
(1349, 2533, 'malja_bar_b', 0, 16, 9, 2, NULL, NULL),
(1350, 2533, 'malja_bar_b', 2, 16, 3, 4, NULL, NULL),
(1351, 2533, 'malja_bar_b', 3, 16, 3, 4, NULL, NULL),
(1352, 2533, 'malja_bar_b', 0, 17, 9, 2, NULL, NULL),
(1353, 2535, 'malja_bar_b', 2, 17, 3, 2, NULL, NULL),
(1354, 2533, 'malja_bar_b', 4, 17, 3, 6, NULL, NULL),
(1355, 2533, 'malja_bar_b', 0, 18, 9, 2, NULL, NULL),
(1356, 2533, 'malja_bar_b', 4, 18, 3, 6, NULL, NULL),
(1357, 2533, 'malja_bar_b', 0, 19, 9, 2, NULL, NULL),
(1358, 2533, 'malja_bar_b', 2, 19, 3, 0, NULL, NULL),
(1359, 2537, 'malja_bar_b', 0, 22, 3, 0, NULL, NULL),
(1360, 2538, 'cr_kitchen', 31, 0, 2111, 6, NULL, NULL),
(1361, 2, 'model_d', 4, 7, 0, 0, NULL, NULL),
(1362, 1, 'model_d', 4, 8, 0, 0, NULL, NULL),
(1363, 1, 'model_d', 4, 9, 0, 0, NULL, NULL),
(1364, 1, 'model_d', 4, 10, 0, 0, NULL, NULL),
(1365, 1, 'model_d', 4, 11, 0, 0, NULL, NULL),
(1366, 1, 'model_d', 4, 12, 0, 0, NULL, NULL),
(1367, 1, 'model_d', 4, 13, 0, 0, NULL, NULL),
(1368, 9, 'model_d', 4, 14, 0, 0, NULL, NULL),
(1369, 1, 'model_d', 4, 6, 0, 0, NULL, NULL),
(1370, 1, 'model_d', 4, 5, 0, 0, NULL, NULL),
(1371, 1, 'model_d', 4, 4, 0, 0, NULL, NULL),
(1372, 1, 'model_d', 4, 3, 0, 0, NULL, NULL),
(1373, 1, 'model_d', 4, 2, 0, 0, NULL, NULL),
(1374, 1, 'model_d', 4, 1, 0, 0, NULL, NULL),
(1377, 3, 'model_d', 5, 0, 0, 2, NULL, NULL),
(1378, 3, 'model_d', 6, 0, 0, 2, NULL, NULL),
(1379, 3, 'model_d', 7, 0, 0, 2, NULL, NULL),
(1380, 3, 'model_d', 8, 0, 0, 2, NULL, NULL),
(1381, 3, 'model_d', 9, 0, 0, 2, NULL, NULL),
(1382, 10, 'model_d', 10, 0, 0, 2, NULL, NULL),
(1383, 2, 'model_e', 1, 5, 0, 0, NULL, NULL),
(1384, 1, 'model_e', 1, 6, 0, 0, NULL, NULL),
(1385, 1, 'model_e', 1, 7, 0, 0, NULL, NULL),
(1386, 1, 'model_e', 1, 8, 0, 0, NULL, NULL),
(1387, 1, 'model_e', 1, 9, 0, 0, NULL, NULL),
(1388, 9, 'model_e', 1, 10, 0, 0, NULL, NULL),
(1389, 1, 'model_e', 1, 4, 0, 0, NULL, NULL),
(1390, 1, 'model_e', 1, 3, 0, 0, NULL, NULL),
(1391, 3, 'model_e', 2, 2, 0, 2, NULL, NULL),
(1392, 3, 'model_e', 3, 2, 0, 2, NULL, NULL),
(1393, 3, 'model_e', 4, 2, 0, 2, NULL, NULL),
(1394, 3, 'model_e', 5, 2, 0, 2, NULL, NULL),
(1395, 3, 'model_e', 6, 2, 0, 2, NULL, NULL),
(1396, 3, 'model_e', 7, 2, 0, 2, NULL, NULL),
(1397, 3, 'model_e', 8, 2, 0, 2, NULL, NULL),
(1398, 3, 'model_e', 9, 2, 0, 2, NULL, NULL),
(1399, 3, 'model_e', 10, 2, 0, 2, NULL, NULL),
(1400, 10, 'model_e', 11, 2, 0, 2, NULL, NULL),
(1401, 2, 'model_b', 0, 5, 0, 0, NULL, NULL),
(1402, 1, 'model_b', 0, 6, 0, 0, NULL, NULL),
(1403, 1, 'model_b', 0, 7, 0, 0, NULL, NULL),
(1404, 1, 'model_b', 0, 8, 0, 0, NULL, NULL),
(1405, 1, 'model_b', 0, 9, 0, 0, NULL, NULL),
(1406, 9, 'model_b', 0, 10, 0, 0, NULL, NULL),
(1407, 3, 'model_b', 1, 4, 0, 2, NULL, NULL),
(1408, 3, 'model_b', 2, 4, 0, 2, NULL, NULL),
(1409, 3, 'model_b', 3, 4, 0, 2, NULL, NULL),
(1410, 3, 'model_b', 4, 4, 0, 2, NULL, NULL),
(1411, 1, 'model_b', 4, 4, 0, 0, NULL, NULL),
(1412, 1, 'model_b', 4, 3, 0, 0, NULL, NULL),
(1413, 1, 'model_b', 4, 2, 0, 0, NULL, NULL),
(1414, 1, 'model_b', 4, 1, 0, 0, NULL, NULL),
(1415, 3, 'model_b', 5, 0, 0, 2, NULL, NULL),
(1416, 3, 'model_b', 6, 0, 0, 2, NULL, NULL),
(1417, 3, 'model_b', 7, 0, 0, 2, NULL, NULL),
(1418, 3, 'model_b', 8, 0, 0, 2, NULL, NULL),
(1419, 3, 'model_b', 9, 0, 0, 2, NULL, NULL),
(1420, 3, 'model_b', 10, 0, 0, 2, NULL, NULL),
(1421, 10, 'model_b', 11, 0, 0, 2, NULL, NULL),
(1422, 2, 'model_f', 2, 5, 0, 0, NULL, NULL),
(1423, 1, 'model_f', 2, 6, 0, 0, NULL, NULL),
(1424, 3, 'model_f', 2, 6, 0, 2, NULL, NULL),
(1425, 3, 'model_f', 1, 6, 0, 2, NULL, NULL),
(1426, 1, 'model_f', 0, 7, 0, 0, NULL, NULL),
(1427, 1, 'model_f', 0, 8, 0, 0, NULL, NULL),
(1428, 1, 'model_f', 0, 9, 0, 0, NULL, NULL),
(1429, 9, 'model_f', 0, 10, 0, 0, NULL, NULL),
(1430, 1, 'model_f', 2, 3, 0, 0, NULL, NULL),
(1431, 1, 'model_f', 2, 4, 0, 0, NULL, NULL),
(1432, 3, 'model_f', 3, 2, 0, 2, NULL, NULL),
(1433, 3, 'model_f', 4, 2, 0, 2, NULL, NULL),
(1434, 3, 'model_f', 5, 2, 0, 2, NULL, NULL),
(1435, 3, 'model_f', 6, 2, 0, 2, NULL, NULL),
(1436, 1, 'model_f', 6, 2, 0, 0, NULL, NULL),
(1437, 1, 'model_f', 6, 1, 0, 0, NULL, NULL),
(1438, 3, 'model_f', 7, 0, 0, 2, NULL, NULL),
(1439, 3, 'model_f', 8, 0, 0, 2, NULL, NULL),
(1440, 3, 'model_f', 9, 0, 0, 2, NULL, NULL),
(1441, 10, 'model_f', 10, 0, 0, 2, NULL, NULL);

-- --------------------------------------------------------

--
-- Table structure for table `system`
--

CREATE TABLE IF NOT EXISTS `system` (
  `ckey` varchar(255) NOT NULL,
  `cvalue` text NOT NULL,
  PRIMARY KEY (`ckey`)
) ENGINE=MyISAM DEFAULT CHARSET=latin1;

--
-- Dumping data for table `system`
--

INSERT INTO `system` (`ckey`, `cvalue`) VALUES
('motd', 'Welcome back in Habbo Hotel,\r\rThere is no news at the moment.'),
('lasteconomyupdate', '2010-01-02 04:07:22');

-- --------------------------------------------------------

--
-- Table structure for table `users`
--

CREATE TABLE IF NOT EXISTS `users` (
  `id` int(11) NOT NULL AUTO_INCREMENT,
  `name` varchar(25) NOT NULL,
  `password` varchar(25) NOT NULL,
  `email` varchar(60) NOT NULL,
  `dob` char(10) NOT NULL,
  `phonenumber` varchar(40) NOT NULL,
  `registered` datetime NOT NULL,
  `role` tinyint(2) NOT NULL,
  `motto` varchar(60) NOT NULL,
  `figure` varchar(255) NOT NULL,
  `sex` char(1) NOT NULL DEFAULT 'M',
  `poolfigure` varchar(20) NOT NULL,
  `credits` int(11) NOT NULL,
  `gametickets` int(11) NOT NULL,
  `motto_messenger` varchar(45) NOT NULL,
  `lastactivity` timestamp NOT NULL DEFAULT '2009-04-04 09:59:36' ON UPDATE CURRENT_TIMESTAMP,
  PRIMARY KEY (`id`,`name`),
  UNIQUE KEY `identification` (`id`,`name`)
) ENGINE=MyISAM  DEFAULT CHARSET=latin1 AUTO_INCREMENT=135 ;

--
-- Dumping data for table `users`
--

INSERT INTO `users` (`id`, `name`, `password`, `email`, `dob`, `phonenumber`, `registered`, `role`, `motto`, `figure`, `sex`, `poolfigure`, `credits`, `gametickets`, `motto_messenger`, `lastactivity`) VALUES
(1, 'Nillus', 'test1', 'nils@nillus.net', '26.03.1992', '', '2010-02-07 01:10:16', 6, 'esprit omit', 'sd=001/0&hr=005/223,218,190&hd=002/255,204,153&ey=003/0&fc=001/255,204,153&bd=001/255,204,153&lh=001/255,204,153&rh=001/255,204,153&ch=003/51,51,51&ls=002/51,51,51&rs=002/51,51,51&lg=002/104,116,80&sh=002/255,255,255', 'M', '', 1217, 30, 'ekakkeros...', '2010-02-21 16:15:45'),
(2, 'aapo', 'test', 'address@host.com', '01.01.1970', '', '2010-02-07 11:52:40', 1, 'to mak da fruniz', 'sd=001/0&hr=004/115,99,70&hd=002/255,204,153&ey=001/0&fc=001/255,204,153&bd=001/255,204,153&lh=001/255,204,153&rh=001/255,204,153&ch=001/199,69,217&ls=002/199,69,217&rs=002/199,69,217&lg=001/119,159,187&sh=001/175,220,223', 'M', '', 1134, 30, 'ekakkeros...', '2010-02-07 19:24:54'),
(3, 'sampo', 'lol123', 'sampo@sulake.com', '01.01.1970', '', '2010-02-07 16:06:58', 1, 'hax!', 'sd=001/0&hr=002/224,186,120&hd=001/255,204,153&ey=001/0&fc=001/255,204,153&bd=001/255,204,153&lh=001/255,204,153&rh=001/255,204,153&ch=003/232,177,55&ls=001/232,177,55&rs=001/232,177,55&lg=002/198,179,214&sh=003/121,94,83', 'M', '', 1295, 30, 'ekakkeros...', '2010-02-08 07:13:35'),
(4, 'Antares', 'GVmKc7', 'Lamersdennis@hotmail.com', '06.04.1995', '', '2010-02-07 17:34:17', 1, 'Regional Director', 'sd=001/0&hr=010/165,90,24&hd=002/216,176,126&ey=001/0&fc=001/216,176,126&bd=001/216,176,126&lh=001/216,176,126&rh=001/216,176,126&ch=001/255,255,255&ls=001/255,255,255&rs=001/255,255,255&lg=006/51,51,51&sh=001/255,255,255', 'M', '', 1248, 30, 'Hai there', '2010-02-21 11:44:28'),
(5, 'Architect', 'S4f3p3S5!', 'dominic.gunn@makedev.net', '18.12.1992', '', '2010-02-07 17:38:06', 6, 'The Architect', 'sd=001/0&hr=007/255,255,255&hd=002/255,204,153&ey=003/0&fc=001/255,204,153&bd=001/255,204,153&lh=001/255,204,153&rh=001/255,204,153&ch=001/255,255,255&ls=002/255,255,255&rs=002/255,255,255&lg=004/51,51,51&sh=002/255,255,255', 'M', '', 953, 30, '???gjoasjd', '2010-02-21 18:44:19'),
(6, 'Arths', 'A1t2u3', 'arthmx45@gmail.com', '04.05.1995', '', '2010-02-07 19:05:43', 1, 'Also know as                         ''Arthmx''', 'sd=001/0&hr=015/45,165,233&hd=002/255,204,153&ey=001/0&fc=001/255,204,153&bd=001/255,204,153&lh=001/255,204,153&rh=001/255,204,153&ch=010/179,252,255&ls=001/179,252,255&rs=001/179,252,255&lg=004/102,102,102&sh=001/255,255,255', 'M', '', 0, 30, '', '2010-02-08 19:42:38'),
(7, 'SuxUrDix', '123', 'lol@live.nl', '06-04-1995', '', '2010-02-07 19:10:41', 1, 'das', 'sd=001/0&hr=001/255,255,255&hd=002/255,204,153&ey=001/0&fc=001/255,204,153&bd=001/255,204,153&lh=001/255,204,153&rh=001/255,204,153&ch=001/232,177,55&ls=001/232,177,55&rs=001/232,177,55&lg=001/119,159,187&sh=001/175,220,223', 'M', '', 20, 30, 'ekakkeros...', '2010-02-07 20:26:40'),
(8, 'maarten', 'lol123', 'meep@hotty.nl', '01.01.1991', '', '2010-02-07 19:12:05', 1, 'Yea euhh..', 'sd=001/0&hr=001/255,255,255&hd=002/255,204,153&ey=001/0&fc=001/255,204,153&bd=001/255,204,153&lh=001/255,204,153&rh=001/255,204,153&ch=001/232,177,55&ls=001/232,177,55&rs=001/232,177,55&lg=001/119,159,187&sh=001/175,220,223', 'M', '', 20, 30, 'ekakkeros...', '2010-02-07 20:26:41'),
(9, 'Tester', 'test123', 'meep@meep.com', '01.01.1970', '', '2010-02-07 21:41:57', 1, 'bier!', 'sd=001/0&hr=005/223,218,190&hd=002/255,204,153&ey=001/0&fc=001/255,204,153&bd=001/255,204,153&lh=001/255,204,153&rh=001/255,204,153&ch=003/232,177,55&ls=002/232,177,55&rs=002/232,177,55&lg=001/119,159,187&sh=001/175,220,223', 'M', '', 1000, 30, 'net.nillus.waldkorn', '2009-04-04 09:59:36'),
(10, 'DarkSilk', 'aker11', 'DarkSilk@live.nl', '05.09.1991', '', '2010-02-07 21:42:22', 1, 'Dutch :)', 'sd=001/0&hr=005/223,218,190&hd=002/255,204,153&ey=001/0&fc=001/255,204,153&bd=001/255,204,153&lh=001/255,204,153&rh=001/255,204,153&ch=005/69,98,131&ls=001/69,98,131&rs=001/69,98,131&lg=004/102,102,102&sh=003/121,94,83', 'M', '', 1000, 30, 'net.nillus.waldkorn', '2009-04-04 09:59:36'),
(11, 'Lew', 'cityk8', 'lewis.woolley@hotmail.co.uk', '16june1990', '', '2010-02-07 21:51:21', 1, 'Hey', 'sd=001/0&hr=001/255,255,255&hd=002/203,188,144&ey=001/0&fc=001/203,188,144&bd=001/203,188,144&lh=001/203,188,144&rh=001/203,188,144&ch=001/59,122,192&ls=001/59,122,192&rs=001/59,122,192&lg=001/255,255,255&sh=001/255,237,179', 'M', '', 996, 30, 'Homo', '2010-02-07 22:03:15'),
(12, 'Habber', 'lol123', 'lol@hotmail.com', '01.01.1990', '', '2010-02-07 21:52:34', 1, 'Habber is Here too!', 'sd=001/0&hr=015/50,50,53&hd=002/238,231,224&ey=003/0&fc=001/238,231,224&bd=001/238,231,224&lh=001/238,231,224&rh=001/238,231,224&ch=001/51,51,51&ls=002/51,51,51&rs=002/51,51,51&lg=006/119,159,187&sh=003/255,255,255', 'M', '', 950, 30, 'net.nillus.waldkorn', '2010-02-07 22:05:43'),
(13, 'FlavorWave', 'roller909', 'lexvaassen@hotmail.com', '14.06.1995', '', '2010-02-07 21:52:39', 1, 'I Liek To Fuck Mie Dock', 'sd=001/0&hr=005/100,109,108&hd=002/255,204,153&ey=003/0&fc=001/255,204,153&bd=001/255,204,153&lh=001/255,204,153&rh=001/255,204,153&ch=010/255,255,102&ls=001/255,255,102&rs=001/255,255,102&lg=002/102,102,102&sh=002/192,180,199', 'M', '', 963, 30, 'net.nillus.waldkorn', '2010-02-21 16:00:02'),
(14, 'MOD-Mark', 'unknown54', 'probabletsunami@hotmail.com', '01.01.1990', '', '2010-02-07 21:53:25', 1, 'Omgawd :P', 'sd=001/0&hr=004/115,99,70&hd=002/100,70,40&ey=001/0&fc=001/100,70,40&bd=001/100,70,40&lh=001/100,70,40&rh=001/100,70,40&ch=010/51,51,51&ls=001/51,51,51&rs=001/51,51,51&lg=004/51,51,51&sh=003/47,45,38', 'M', '', 1000, 30, 'net.nillus.waldkorn', '2009-04-04 09:59:36'),
(15, 'Kaz', 'qazwsx1', 'keirantaylor@hotmail.com', '03.01.1981', '', '2010-02-07 21:54:04', 1, '', 'sd=001/0&hr=001/255,255,255&hd=002/255,204,153&ey=001/0&fc=001/255,204,153&bd=001/255,204,153&lh=001/255,204,153&rh=001/255,204,153&ch=001/232,177,55&ls=001/232,177,55&rs=001/232,177,55&lg=001/119,159,187&sh=001/175,220,223', 'M', '', 889, 30, 'net.nillus.waldkorn', '2010-02-21 16:41:45'),
(16, 'Shit-Head', 'qwerty123', 'meetmeinhabbo@hotmail.com', '17.12.1995', '', '2010-02-07 22:01:12', 1, 'Please, call me Nick.', 'sd=001/0&hr=001/255,255,255&hd=002/255,204,153&ey=001/0&fc=001/255,204,153&bd=001/255,204,153&lh=001/255,204,153&rh=001/255,204,153&ch=001/232,177,55&ls=001/232,177,55&rs=001/232,177,55&lg=001/119,159,187&sh=001/175,220,223', 'M', '', 1000, 30, 'net.nillus.waldkorn', '2009-04-04 09:59:36'),
(17, 'Conn', 'master1', 'Connor-600@hotmail.com', '22.08.1990', '', '2010-02-07 22:05:43', 1, 'This Seat Is Thilthy', 'sd=001/0&hr=001/255,255,255&hd=002/255,204,153&ey=001/0&fc=001/255,204,153&bd=001/255,204,153&lh=001/255,204,153&rh=001/255,204,153&ch=001/199,69,217&ls=002/199,69,217&rs=002/199,69,217&lg=002/198,179,214&sh=002/192,180,199', 'M', '', 980, 30, 'net.nillus.waldkorn', '2010-02-07 22:39:27'),
(18, 'Larry', '142536', 'e@mail.com', '01.05.1996', '', '2010-02-07 22:14:07', 1, 'Hello Motto', 'sd=001/0&hr=005/223,218,190&hd=002/255,204,153&ey=001/0&fc=001/255,204,153&bd=001/255,204,153&lh=001/255,204,153&rh=001/255,204,153&ch=001/101,106,64&ls=001/101,106,64&rs=001/101,106,64&lg=001/119,159,187&sh=004/255,255,255', 'M', '', 743, 30, 'Hello Motto', '2010-02-08 22:00:56'),
(19, 'why', 'komodo1', 'autokorg@ahoo.com', '12.12.1987', '', '2010-02-07 23:05:17', 1, '>:)', 'sd=001/0&hr=024/255,234,173&hd=002/255,204,153&ey=001/0&fc=001/255,204,153&bd=001/255,204,153&lh=001/255,204,153&rh=001/255,204,153&ch=010/69,98,131&ls=001/69,98,131&rs=001/69,98,131&lg=006/255,255,255&sh=002/255,255,255', 'M', '', 1000, 30, 'Memoriesssssssssssssss', '2010-02-07 23:04:53'),
(20, 'Asc.', 'team1n', 'joku_hullu@netti.fi', '01.01.1991', '', '2010-02-08 17:08:26', 1, 'No description.', 'sd=523/0&hr=966/255,255,255&hd=001/0,150,0&ey=666/0&fc=001/0,150,0&bd=001/0,150,0&lh=001/0,150,0&rh=001/0,150,0&ch=900/51,51,51&ls=001/51,51,51&rs=001/51,51,51&lg=006/51,51,51&sh=003/47,45,38', 'M', '', 877, 30, 'Sottapytty.', '2010-02-21 16:02:46'),
(21, 'Maxwell', 'penis1', 'Maxwell@Therapist.net', '08.12.1994', '', '2010-02-08 17:16:27', 1, '', 'sd=001/0&hr=016/224,186,120&hd=001/255,204,153&ey=001/0&fc=001/255,204,153&bd=001/255,204,153&lh=001/255,204,153&rh=001/255,204,153&ch=005/199,69,217&ls=001/199,69,217&rs=001/199,69,217&lg=004/102,102,102&sh=002/192,180,199', 'M', '', 967, 30, 'net.nillus.waldkorn', '2010-02-08 17:24:07'),
(22, 'duckroll', '111', 'anon.of.bro@gmail.com', '22.11.1980', '', '2010-02-08 17:18:49', 1, 'none', 'sd=001/0&hr=900/255,255,255&hd=665/255,204,153&ey=000/0&fc=001/255,204,153&bd=001/255,204,153&lh=001/255,204,153&rh=001/255,204,153&ch=999/232,177,55&ls=526/232,177,55&rs=526/232,177,55&lg=001/119,159,187&sh=523/175,220,223', 'M', '', 997, 30, 'net.nillus.waldkorn', '2010-02-08 22:12:26'),
(23, 'Zepto', '852456D', 'sfront_vl@hotmail.com', '28.10.1990', '', '2010-02-08 17:20:45', 1, 'Barba non facit philosophum ', 'sd=001/0&hr=005/223,218,190&hd=002/255,204,153&ey=001/0&fc=001/255,204,153&bd=001/255,204,153&lh=001/255,204,153&rh=001/255,204,153&ch=010/106,64,92&ls=001/106,64,92&rs=001/106,64,92&lg=006/119,159,187&sh=003/255,255,255', 'M', '', 975, 30, 'net.nillus.waldkorn', '2010-02-08 18:00:54'),
(24, 'SlayeR', '123321xd', 'lacosa09@hotmail.com', '10.12.1990', '', '2010-02-08 17:46:12', 1, 'Hotel Manager ', 'sd=001/0&hr=023/202,90,51&hd=002/216,176,126&ey=001/0&fc=001/216,176,126&bd=001/216,176,126&lh=001/216,176,126&rh=001/216,176,126&ch=001/255,255,255&ls=001/255,255,255&rs=001/255,255,255&lg=006/51,51,51&sh=001/255,255,255', 'M', '', 920, 30, 'Hotel Manager', '2010-02-21 18:38:04'),
(25, 'ducktroll', '123', '12@asdas.com', '12.1.1980', '', '2010-02-08 18:35:40', 1, '', 'sd=001/0&hr=001/255,255,255&hd=002/255,204,153&ey=001/0&fc=001/255,204,153&bd=001/255,204,153&lh=001/255,204,153&rh=001/255,204,153&ch=001/232,177,55&ls=001/232,177,55&rs=001/232,177,55&lg=001/119,159,187&sh=001/175,220,223', 'M', '', 1000, 30, 'net.nillus.waldkorn', '2009-04-04 09:59:36'),
(26, 'Jeax', '123321xd', 'iJeax@axed.com', '12.10.1992', '', '2010-02-08 18:46:18', 1, 'Axed 7.0 [www.iJeax.com]', 'sd=001/0&hr=015/45,165,233&hd=002/255,204,153&ey=003/0&fc=001/255,204,153&bd=001/255,204,153&lh=001/255,204,153&rh=001/255,204,153&ch=010/51,51,51&ls=001/51,51,51&rs=001/51,51,51&lg=006/104,116,80&sh=003/255,255,255', 'M', '', 1000, 30, 'net.nillus.waldkorn', '2009-04-04 09:59:36'),
(27, 'MOD-SlayeR', '123321xd', 'lacosa09@hotmail.com', '20.10.1992', '', '2010-02-08 18:51:35', 1, 'Manager', 'sd=001/0&hr=023/255,76,47&hd=002/248,229,218&ey=003/0&fc=001/248,229,218&bd=001/248,229,218&lh=001/248,229,218&rh=001/248,229,218&ch=001/51,51,51&ls=002/51,51,51&rs=002/51,51,51&lg=004/102,102,102&sh=001/255,255,255', 'M', '', 1000, 30, 'net.nillus.waldkorn', '2010-02-08 18:53:58'),
(28, 'SleyaR', 'xddd', 'ss@adssfd.com', '10.10.1990', '', '2010-02-08 18:56:47', 1, 'xD', 'sd=001/0&hr=023/87,158,31&hd=002/248,229,218&ey=003/0&fc=001/248,229,218&bd=001/248,229,218&lh=001/248,229,218&rh=001/248,229,218&ch=001/51,51,51&ls=002/51,51,51&rs=002/51,51,51&lg=004/102,102,102&sh=001/255,255,255', 'M', '', 1000, 30, 'net.nillus.waldkorn', '2009-04-04 09:59:36'),
(29, 'Project', 'hoihoi1', 'Bart@evationstudios.com', '24.09.1992', '', '2010-02-08 18:59:49', 1, '', 'sd=001/0&hr=001/255,255,255&hd=002/255,204,153&ey=001/0&fc=001/255,204,153&bd=001/255,204,153&lh=001/255,204,153&rh=001/255,204,153&ch=001/232,177,55&ls=001/232,177,55&rs=001/232,177,55&lg=001/119,159,187&sh=001/175,220,223', 'M', '', 1000, 30, 'net.nillus.waldkorn', '2009-04-04 09:59:36'),
(30, 'SlayerxD', 'xddd', 'fghfhgf@sdsd.com', '1.10.1990', '', '2010-02-08 19:00:15', 1, 'xddd', 'sd=001/0&hr=023/255,188,66&hd=002/248,229,218&ey=003/0&fc=001/248,229,218&bd=001/248,229,218&lh=001/248,229,218&rh=001/248,229,218&ch=001/51,51,51&ls=002/51,51,51&rs=002/51,51,51&lg=004/102,102,102&sh=001/255,255,255', 'M', '', 1000, 30, 'net.nillus.waldkorn', '2009-04-04 09:59:36'),
(31, 'yopp', 'qazwsx123', 'yfrancomaciel@gmail.com', '05.07.1994', '', '2010-02-08 21:21:57', 1, 'Vai Jamaik', 'sd=001/0&hr=005/223,218,190&hd=002/255,204,153&ey=001/0&fc=001/255,204,153&bd=001/255,204,153&lh=001/255,204,153&rh=001/255,204,153&ch=010/51,51,51&ls=001/51,51,51&rs=001/51,51,51&lg=002/149,120,78&sh=002/192,180,199', 'M', '', 959, 30, 'net.nillus.waldkorn', '2010-02-08 21:34:13'),
(51, 'reddraken99', 'kkkkk12', 'rmbvd@quicknet.nl', '28.06.1996', '', '2010-02-17 16:36:42', 1, 'nothing', 'sd=001/0&hr=001/255,255,255&hd=002/255,204,153&ey=001/0&fc=001/255,204,153&bd=001/255,204,153&lh=001/255,204,153&rh=001/255,204,153&ch=001/232,177,55&ls=001/232,177,55&rs=001/232,177,55&lg=001/119,159,187&sh=001/175,220,223', 'M', '', 978, 30, 'Habbo Hotel', '2010-02-18 17:04:37'),
(32, 'Androik', '757051998', 'crazo@live.it', '10.06.1990', '', '2010-02-13 12:28:45', 1, 'Italian Androik', 'sd=001/0&hr=005/212,91,10&hd=002/255,204,153&ey=001/0&fc=001/255,204,153&bd=001/255,204,153&lh=001/255,204,153&rh=001/255,204,153&ch=010/102,102,102&ls=001/102,102,102&rs=001/102,102,102&lg=006/119,159,187&sh=004/255,255,255', 'M', '', 990, 30, 'Habbo Hotel', '2010-02-13 12:37:09'),
(33, 'Jordan', 'lol123!', 'dominic@loves.cocks', '09.09.1973', '', '2010-02-13 12:37:32', 1, 'Im a Panda', 'sd=001/0&hr=001/255,255,255&hd=002/255,204,153&ey=001/0&fc=001/255,204,153&bd=001/255,204,153&lh=001/255,204,153&rh=001/255,204,153&ch=001/232,177,55&ls=001/232,177,55&rs=001/232,177,55&lg=001/119,159,187&sh=001/175,220,223', 'M', '', 1000, 30, 'Habbo Hotel', '2010-02-13 12:37:32'),
(34, 'Rusty', 'w1lliam', 'dawsoking2@hotmail.com', '22.04.1996', '', '2010-02-13 12:50:19', 1, 'To Win, -Rusty', 'sd=001/0&hr=005/223,218,190&hd=002/255,204,153&ey=001/0&fc=001/255,204,153&bd=001/255,204,153&lh=001/255,204,153&rh=001/255,204,153&ch=010/51,51,51&ls=001/51,51,51&rs=001/51,51,51&lg=006/119,159,187&sh=001/255,255,255', 'M', '', 998, 30, 'Habbo Hotel', '2010-02-13 13:16:23'),
(35, 'gin123', 'cod4life', 'sla@sla.com', '07.04.1996', '', '2010-02-13 12:52:47', 1, '', 'sd=001/0&hr=004/115,99,70&hd=002/255,204,153&ey=003/0&fc=001/255,204,153&bd=001/255,204,153&lh=001/255,204,153&rh=001/255,204,153&ch=005/199,69,217&ls=001/199,69,217&rs=001/199,69,217&lg=006/119,159,187&sh=001/175,220,223', 'M', '', 1000, 30, 'Habbo Hotel', '2010-02-13 12:52:47'),
(36, 'Paul', 'celtic1', 'cairns18@hotmail.co.uk', '1/11/1993', '', '2010-02-13 12:54:38', 1, ';O', 'sd=001/0&hr=007/255,255,255&hd=001/202,144,114&ey=001/0&fc=001/202,144,114&bd=001/202,144,114&lh=001/202,144,114&rh=001/202,144,114&ch=001/232,177,55&ls=001/232,177,55&rs=001/232,177,55&lg=001/119,159,187&sh=001/175,220,223', 'M', '', 1000, 30, 'Habbo Hotel', '2010-02-13 12:54:38'),
(37, 'Alper', 'heja123', 'danskhabbo@gmail.com', '14.1.1994', '', '2010-02-13 12:55:17', 1, 'wat', 'sd=001/0&hr=015/45,165,233&hd=002/255,204,153&ey=003/0&fc=001/255,204,153&bd=001/255,204,153&lh=001/255,204,153&rh=001/255,204,153&ch=001/255,255,255&ls=002/255,255,255&rs=002/255,255,255&lg=002/51,51,51&sh=002/121,94,83', 'M', '', 963, 30, 'Habbo Hotel', '2010-02-13 13:09:22'),
(38, 'Tanis', '101poo', 'pilot@mod-x.co', '24.03.1992', '', '2010-02-13 13:00:10', 1, 'Hai', 'sd=001/0&hr=001/255,255,255&hd=002/255,204,153&ey=001/0&fc=001/255,204,153&bd=001/255,204,153&lh=001/255,204,153&rh=001/255,204,153&ch=001/232,177,55&ls=001/232,177,55&rs=001/232,177,55&lg=001/119,159,187&sh=001/175,220,223', 'M', '', 1000, 30, 'Habbo Hotel', '2010-02-13 13:00:10'),
(39, 'winterpar1', 'qwerty1', 'd2w@c.com', '06.07.1993', '', '2010-02-13 14:07:31', 1, '', 'sd=001/0&hr=004/115,99,70&hd=002/255,204,153&ey=001/0&fc=001/255,204,153&bd=001/255,204,153&lh=001/255,204,153&rh=001/255,204,153&ch=001/232,177,55&ls=001/232,177,55&rs=001/232,177,55&lg=001/119,159,187&sh=001/175,220,223', 'M', '', 1000, 30, 'Habbo Hotel', '2010-02-13 14:07:31'),
(40, 'Jamie', 'gilbert11', 'jamie@hotmail.com', '29.09.1988', '', '2010-02-13 14:12:42', 1, '', 'sd=001/0&hr=008/248,229,218&hd=001/255,204,153&ey=001/0&fc=001/255,204,153&bd=001/255,204,153&lh=001/255,204,153&rh=001/255,204,153&ch=001/255,255,255&ls=001/255,255,255&rs=001/255,255,255&lg=006/119,159,187&sh=002/121,94,83', 'M', '', 1000, 30, 'Habbo Hotel', '2010-02-13 14:12:42'),
(41, 'Ceejay', 'Curtis1', 'CJRP@live.co.uk', '21.05.1996', '', '2010-02-13 14:13:05', 1, 'Ceejay is ftw.', 'sd=001/0&hr=001/255,255,255&hd=002/255,204,153&ey=001/0&fc=001/255,204,153&bd=001/255,204,153&lh=001/255,204,153&rh=001/255,204,153&ch=001/232,177,55&ls=001/232,177,55&rs=001/232,177,55&lg=001/119,159,187&sh=001/175,220,223', 'M', '', 1000, 30, 'Habbo Hotel', '2010-02-13 14:13:05'),
(42, 'Shenk', 'po0po0', 'P@myHead.com', '17.06.1990', '', '2010-02-13 14:16:06', 1, '[ShenkX.co.uk]', 'sd=001/0&hr=024/87,158,31&hd=002/255,204,153&ey=001/0&fc=001/255,204,153&bd=001/255,204,153&lh=001/255,204,153&rh=001/255,204,153&ch=010/51,51,51&ls=001/51,51,51&rs=001/51,51,51&lg=001/51,51,51&sh=003/255,255,255', 'M', '', 1000, 30, 'Habbo Hotel', '2010-02-13 14:16:06'),
(43, 'Jayden', '11011101', '1@msn.com', '10.10.1990', '', '2010-02-13 14:21:57', 1, 'Kicking ass and taking names.', 'sd=001/0&hr=016/224,186,120&hd=002/255,204,153&ey=001/0&fc=001/255,204,153&bd=001/255,204,153&lh=001/255,204,153&rh=001/255,204,153&ch=001/232,177,55&ls=001/232,177,55&rs=001/232,177,55&lg=001/119,159,187&sh=001/175,220,223', 'M', '', 1000, 30, 'Habbo Hotel', '2010-02-13 14:21:57'),
(44, 'mirkobouma', 'mirko1', 'kl.bouma@hotmuil.com', '01-01-2000', '', '2010-02-13 14:24:38', 1, '', 'sd=001/0&hr=024/160,140,100&hd=002/146,99,56&ey=005/0&fc=001/146,99,56&bd=001/146,99,56&lh=001/146,99,56&rh=001/146,99,56&ch=003/232,177,55&ls=002/232,177,55&rs=002/232,177,55&lg=006/215,193,135&sh=003/121,94,83', 'M', '', 883, 30, 'mark', '2010-02-20 19:27:00'),
(45, 'Dan', 'dan7fj', 'firstaider123@hotmail.co.uk', '19.1.1990', '', '2010-02-13 14:34:48', 1, 'I''m a new guy ', 'sd=001/0&hr=024/255,188,66&hd=001/255,204,153&ey=001/0&fc=001/255,204,153&bd=001/255,204,153&lh=001/255,204,153&rh=001/255,204,153&ch=001/232,177,55&ls=001/232,177,55&rs=001/232,177,55&lg=001/119,159,187&sh=001/175,220,223', 'M', '', 1000, 30, 'Habbo Hotel', '2010-02-13 14:34:48'),
(46, 'Rav4eG', 'roflage', 'Rav4eG@Gmail.com', '24.05.1996', '', '2010-02-13 14:38:00', 1, 'Da B00M!', 'sd=001/0&hr=009/50,150,250&hd=002/255,204,153&ey=001/0&fc=001/255,204,153&bd=001/255,204,153&lh=001/255,204,153&rh=001/255,204,153&ch=005/76,136,43&ls=002/76,136,43&rs=002/76,136,43&lg=002/51,51,51&sh=003/47,45,38', 'M', '', 982, 30, 'Habbo Hotel', '2010-02-13 14:55:29'),
(47, 'Mart', 'Lol123', 'i@i.com', '22.1.1990', '', '2010-02-13 14:40:42', 1, '', 'sd=001/0&hr=010/224,186,120&hd=001/216,176,126&ey=001/0&fc=001/216,176,126&bd=001/216,176,126&lh=001/216,176,126&rh=001/216,176,126&ch=001/255,255,255&ls=002/255,255,255&rs=002/255,255,255&lg=002/51,51,51&sh=001/255,255,255', 'M', '', 1000, 30, 'Habbo Hotel', '2010-02-13 14:43:28'),
(48, 'Xius', 'skittles1', 'h@h.com', '05.05.1985', '', '2010-02-13 15:06:15', 1, 'Hello :>', 'sd=001/0&hr=024/200,210,230&hd=002/216,176,126&ey=001/0&fc=001/216,176,126&bd=001/216,176,126&lh=001/216,176,126&rh=001/216,176,126&ch=003/51,51,51&ls=001/51,51,51&rs=001/51,51,51&lg=004/51,51,51&sh=001/255,255,255', 'M', '', 1000, 30, 'Habbo Hotel', '2010-02-13 15:06:40'),
(49, 'Reeceel', 'cpac123', 'lolz@lmao.cow', '12.09.1990', '', '2010-02-13 15:12:49', 1, 'Hey.', 'sd=001/0&hr=005/223,218,190&hd=002/255,204,153&ey=001/0&fc=001/255,204,153&bd=001/255,204,153&lh=001/255,204,153&rh=001/255,204,153&ch=010/255,255,255&ls=001/255,255,255&rs=001/255,255,255&lg=004/102,102,102&sh=003/121,94,83', 'M', '', 998, 30, 'Habbo Hotel', '2010-02-13 15:17:52'),
(50, 'Ryno', 'hello123', 'ryan@themcevoys.net', '23.04.1990', '', '2010-02-17 15:55:48', 1, 'The Ryno.', 'sd=001/0&hr=005/100,109,108&hd=002/203,188,144&ey=001/0&fc=001/203,188,144&bd=001/203,188,144&lh=001/203,188,144&rh=001/203,188,144&ch=001/101,106,64&ls=001/101,106,64&rs=001/101,106,64&lg=001/152,134,62&sh=003/123,88,24', 'M', '', 905, 30, 'Habbo Hotel', '2010-02-17 16:27:06'),
(52, 'malacababa', 'mierda!', 'jorge-alvarez18@hotmail.com', '18.5.1980', '', '2010-02-17 22:37:09', 1, '', 'sd=001/0&hr=010/224,186,120&hd=002/224,189,145&ey=003/0&fc=001/224,189,145&bd=001/224,189,145&lh=001/224,189,145&rh=001/224,189,145&ch=001/199,69,217&ls=002/199,69,217&rs=002/199,69,217&lg=001/119,159,187&sh=001/175,220,223', 'M', '', 980, 30, 'Habbo Hotel', '2010-02-17 22:40:11'),
(53, 'Xorx', 'changeme', 'bobbyisapsycho@hotmail.co.uk', '02.05.1994', '', '2010-02-17 23:35:33', 1, 'Success.', 'sd=001/0&hr=016/45,165,233&hd=002/248,229,218&ey=003/0&fc=001/248,229,218&bd=001/248,229,218&lh=001/248,229,218&rh=001/248,229,218&ch=010/51,51,51&ls=001/51,51,51&rs=001/51,51,51&lg=004/102,102,102&sh=002/192,180,199', 'M', '', 626, 30, 'Obsession.', '2010-02-18 00:28:31'),
(54, 'King', 'lol123', 'rewrwrewr@msn.com', '13.7.1991', '', '2010-02-17 23:37:46', 1, '[C] Jake Hitchens; Gangrel Seneschal.', 'sd=001/0&hr=024/50,50,53&hd=002/248,229,218&ey=003/0&fc=001/248,229,218&bd=001/248,229,218&lh=001/248,229,218&rh=001/248,229,218&ch=010/106,64,92&ls=001/106,64,92&rs=001/106,64,92&lg=006/51,51,51&sh=001/255,255,255', 'M', '', 876, 30, 'I fucked Lew''s bitch.', '2010-02-21 18:36:04'),
(55, 'Peacecraft', 'fk0ffm8', 'zeb-hb@hotmail.co.uk', '08.10.1992', '', '2010-02-17 23:37:53', 2, 'Marco dLorenzi, Lasombra', 'sd=001/0&hr=005/45,165,233&hd=002/248,229,218&ey=003/0&fc=001/248,229,218&bd=001/248,229,218&lh=001/248,229,218&rh=001/248,229,218&ch=008/255,237,179&ls=002/255,237,179&rs=002/255,237,179&lg=004/51,51,51&sh=001/255,255,255', 'M', '', 522, 30, 'handbags + the gladrags', '2010-02-21 20:16:54'),
(56, 'Lewis', 'hotdog5', 'nex_@live.co.uk', '10.02.1992', '', '2010-02-17 23:40:22', 1, 'Cale Saldio - Tremere ', 'sd=001/0&hr=005/205,153,199&hd=002/238,231,224&ey=003/0&fc=001/238,231,224&bd=001/238,231,224&lh=001/238,231,224&rh=001/238,231,224&ch=010/51,51,51&ls=001/51,51,51&rs=001/51,51,51&lg=006/54,94,138&sh=001/255,255,255', 'M', '', 481, 30, 'R U GUNNA SPAM DOE?!', '2010-02-21 20:08:34'),
(57, 'Sim', '123456', 'asdasd@hotmail.com', '15.07.1960', '', '2010-02-17 23:59:11', 1, '', 'sd=001/0&hr=024/87,158,31&hd=002/224,189,145&ey=001/0&fc=001/224,189,145&bd=001/224,189,145&lh=001/224,189,145&rh=001/224,189,145&ch=010/255,255,255&ls=001/255,255,255&rs=001/255,255,255&lg=006/255,255,255&sh=003/255,255,255', 'M', '', 970, 30, 'Habbo Hotel', '2010-02-18 00:16:27'),
(58, 'coolboy1574', 'c7z35b', 'andrebobbel@yahoo.de', '29.04.1997', '', '2010-02-18 13:57:27', 1, 'From Germany!', 'sd=001/0&hr=014/50,50,53&hd=002/255,204,153&ey=001/0&fc=001/255,204,153&bd=001/255,204,153&lh=001/255,204,153&rh=001/255,204,153&ch=010/51,51,51&ls=001/51,51,51&rs=001/51,51,51&lg=004/51,51,51&sh=003/47,45,38', 'M', '', 1000, 30, 'Habbo Hotel', '2010-02-21 18:49:14'),
(59, 'Kyle', 'kudkud1', 'smithy-1994@live.co.uk', '04.10.1994', '', '2010-02-18 14:12:18', 1, 'Nayte Tristen - Nosferatu', 'sd=001/0&hr=008/248,229,218&hd=002/238,231,224&ey=003/0&fc=001/238,231,224&bd=001/238,231,224&lh=001/238,231,224&rh=001/238,231,224&ch=010/217,113,69&ls=001/217,113,69&rs=001/217,113,69&lg=004/51,51,51&sh=002/255,255,255', 'M', '', 1909, 30, 'Habbo Hotel', '2010-02-21 17:15:36'),
(60, 'lucapp', 'polo12', 'hirondellebelge@hotmail.com', '21.04.1988', '', '2010-02-18 14:59:55', 1, '', 'sd=001/0&hr=001/255,255,255&hd=002/255,204,153&ey=001/0&fc=001/255,204,153&bd=001/255,204,153&lh=001/255,204,153&rh=001/255,204,153&ch=001/232,177,55&ls=001/232,177,55&rs=001/232,177,55&lg=001/119,159,187&sh=001/175,220,223', 'M', '', 994, 30, 'Habbo Hotel', '2010-02-19 11:23:31'),
(61, 'began', 'habbo12', 'began_h@hotmail.com', '21.1.1995', '', '2010-02-18 15:31:12', 1, 'h', 'sd=001/0&hr=007/255,255,255&hd=001/255,204,153&ey=001/0&fc=001/255,204,153&bd=001/255,204,153&lh=001/255,204,153&rh=001/255,204,153&ch=001/199,69,217&ls=002/199,69,217&rs=002/199,69,217&lg=004/102,102,102&sh=004/255,255,255', 'M', '', 976, 30, 'Habbo Hotel', '2010-02-18 15:35:48'),
(62, '=MK', 'yesyesyes', 'fuckoff@hotmail.com', '11.01.1992', '', '2010-02-18 15:56:42', 1, 'hi guis!', 'sd=001/0&hr=008/238,231,224&hd=002/238,231,224&ey=003/0&fc=001/238,231,224&bd=001/238,231,224&lh=001/238,231,224&rh=001/238,231,224&ch=010/51,51,51&ls=001/51,51,51&rs=001/51,51,51&lg=006/119,159,187&sh=001/119,159,187', 'M', '', 1000, 30, 'Habbo Hotel', '2010-02-18 16:25:54'),
(63, 'Dipsy', 'boobies12', 'pedw@inorbit.com', '01.02.1990', '', '2010-02-18 16:02:59', 1, 'Raphael Vidine, Toreador Antitribu.', 'sd=001/0&hr=010/255,167,114&hd=002/226,219,185&ey=001/0&fc=001/226,219,185&bd=001/226,219,185&lh=001/226,219,185&rh=001/226,219,185&ch=005/255,179,215&ls=001/255,179,215&rs=001/255,179,215&lg=006/119,159,187&sh=001/255,255,255', 'M', '', 1000, 30, 'fuked yer maw', '2010-02-18 19:19:03'),
(64, 'Mark', 'yesyesyes', 'yes@hotmail.net', '11.01.1992', '', '2010-02-18 16:14:10', 1, 'Sean ''Obi'' O''Brien - Brujah Antitribu', 'sd=001/0&hr=008/224,189,145&hd=002/224,189,145&ey=003/0&fc=001/224,189,145&bd=001/224,189,145&lh=001/224,189,145&rh=001/224,189,145&ch=001/51,51,51&ls=002/51,51,51&rs=002/51,51,51&lg=004/51,51,51&sh=003/47,45,38', 'M', '', 793, 30, 'fuck da matrix _\\l/_', '2010-02-21 19:37:30'),
(65, 'SL4YA98', 'aodhan', 'astro_aodhan@hotmail.com', '23.02.1990', '', '2010-02-18 18:20:32', 1, 'To rule the world and enslave all idiots!', 'sd=001/0&hr=014/50,50,53&hd=002/248,229,218&ey=003/0&fc=001/248,229,218&bd=001/248,229,218&lh=001/248,229,218&rh=001/248,229,218&ch=010/187,36,48&ls=001/187,36,48&rs=001/187,36,48&lg=004/51,51,51&sh=004/255,255,255', 'M', '', 936, 30, 'Chillin''', '2010-02-18 18:27:59'),
(66, 'skard123', 'lolol2', 'bah_its_nick@hotmail.com', '30.05.1993', '', '2010-02-18 18:46:58', 1, 'Nick.', 'sd=001/0&hr=008/169,124,68&hd=002/238,231,224&ey=001/0&fc=001/238,231,224&bd=001/238,231,224&lh=001/238,231,224&rh=001/238,231,224&ch=001/69,98,131&ls=001/69,98,131&rs=001/69,98,131&lg=004/51,51,51&sh=002/121,94,83', 'M', '', 1000, 30, 'Habbo Hotel', '2010-02-18 18:46:58'),
(67, 'Kevin', 'gngpp', 'yeah@maybe.com', '11.11.1911', '', '2010-02-18 18:50:12', 1, 'Tzimisce', 'sd=001/0&hr=024/255,255,255&hd=002/238,231,224&ey=003/0&fc=001/238,231,224&bd=001/238,231,224&lh=001/238,231,224&rh=001/238,231,224&ch=001/255,255,255&ls=002/255,255,255&rs=002/255,255,255&lg=004/51,51,51&sh=002/255,255,255', 'M', '', 1000, 30, '', '2010-02-21 13:49:02'),
(68, 'Nick', 'lolol2', 'bah_its_nick@hotmail.com', '30.05.1993', '', '2010-02-18 18:51:54', 1, 'Women should be in the kitchen.', 'sd=001/0&hr=008/169,124,68&hd=002/238,231,224&ey=003/0&fc=001/238,231,224&bd=001/238,231,224&lh=001/238,231,224&rh=001/238,231,224&ch=001/51,102,51&ls=001/51,102,51&rs=001/51,102,51&lg=004/51,51,51&sh=002/121,94,83', 'M', '', 991, 30, 'Habbo Hotel', '2010-02-18 19:17:57'),
(69, 'ales', 'diego212', 'diego22oktober@hotmail.com', '1.jan.1994', '', '2010-02-18 19:07:35', 1, 'Help you', 'sd=001/0&hr=010/165,90,24&hd=002/169,124,68&ey=001/0&fc=001/169,124,68&bd=001/169,124,68&lh=001/169,124,68&rh=001/169,124,68&ch=005/255,237,179&ls=002/255,237,179&rs=002/255,237,179&lg=001/119,159,187&sh=004/255,255,255', 'M', '', 988, 30, 'Habbo Hotel', '2010-02-18 19:11:42'),
(70, 'Josh', '123', '1@1jab.nl', '23-06-1998', '', '2010-02-18 19:15:56', 1, 'test', 'sd=001/0&hr=001/255,255,255&hd=002/255,204,153&ey=001/0&fc=001/255,204,153&bd=001/255,204,153&lh=001/255,204,153&rh=001/255,204,153&ch=001/232,177,55&ls=001/232,177,55&rs=001/232,177,55&lg=001/119,159,187&sh=001/175,220,223', 'M', '', 881, 30, '', '2010-02-21 08:36:39'),
(71, 'Twix', 'joshua1', 'cyberkid@yahoo.com', '06.04.1995', '', '2010-02-18 19:22:36', 1, '* * * Hotel Manger * * *', 'sd=001/0&hr=010/181,139,92&hd=002/255,204,153&ey=001/0&fc=001/255,204,153&bd=001/255,204,153&lh=001/255,204,153&rh=001/255,204,153&ch=001/255,255,255&ls=001/255,255,255&rs=001/255,255,255&lg=006/104,116,80&sh=002/121,94,83', 'M', '', 924, 30, '* * * Manger * * *', '2010-02-18 19:41:48'),
(72, 'Gem', 'hello123', 'xoxgemgemxox@hotmail.com', '20.08.1993', '', '2010-02-18 20:10:45', 1, 'Renée Toscani - Toreador', 'sd=001/0&hr=017/234,89,89&hd=002/248,229,218&ey=002/0&fc=001/248,229,218&bd=001/248,229,218&lh=001/248,229,218&rh=001/248,229,218&ch=006/51,51,51&ls=001/51,51,51&rs=001/51,51,51&lg=004/152,62,79&sh=002/124,143,125', 'F', '', 870, 30, 'Habbo Hotel', '2010-02-19 00:29:22'),
(73, 'Matty', 'powpow1', 'mattyjones5@hotmail.co.uk', '27.03.1993', '', '2010-02-18 20:48:40', 1, 'Robert Butler - Brujah', 'sd=001/0&hr=005/115,99,70&hd=002/241,214,180&ey=003/0&fc=001/241,214,180&bd=001/241,214,180&lh=001/241,214,180&rh=001/241,214,180&ch=001/51,51,51&ls=001/51,51,51&rs=001/51,51,51&lg=006/54,94,138&sh=001/255,255,255', 'M', '', 1000, 30, 'doin ya mom', '2010-02-21 20:51:38'),
(74, 'Pyreflies', 'fk0ffm8', 'fuck@fuck.com', '08.10.1992', '', '2010-02-18 20:56:58', 1, 'wanna b the very best lyk no1 eva was', 'sd=001/0&hr=005/45,165,233&hd=002/248,229,218&ey=003/0&fc=001/248,229,218&bd=001/248,229,218&lh=001/248,229,218&rh=001/248,229,218&ch=008/51,51,51&ls=002/51,51,51&rs=002/51,51,51&lg=004/152,62,79&sh=001/255,255,255', 'M', '', 1000, 30, 'Habbo Hotel', '2010-02-18 20:57:01'),
(75, 'Chloe', 'clo123', 'chloe-pop-08@hotmail.co.uk', '20.1.1993', '', '2010-02-18 21:21:49', 1, 'Hello!', 'sd=001/0&hr=006/224,186,120&hd=002/100,70,40&ey=002/0&fc=001/100,70,40&bd=001/100,70,40&lh=001/100,70,40&rh=001/100,70,40&ch=006/64,106,101&ls=002/64,106,101&rs=002/64,106,101&lg=004/186,157,115&sh=001/223,203,175', 'F', '', 1000, 30, 'Habbo Hotel', '2010-02-18 21:21:49'),
(76, 'N0THiiNG', 'JustMe', 'tk@tk.tk', '01.10.1994', '', '2010-02-18 21:24:58', 1, '', 'sd=001/0&hr=014/50,50,53&hd=001/255,204,153&ey=001/0&fc=001/255,204,153&bd=001/255,204,153&lh=001/255,204,153&rh=001/255,204,153&ch=010/51,51,51&ls=001/51,51,51&rs=001/51,51,51&lg=001/119,159,187&sh=001/175,220,223', 'M', '', 981, 30, 'Habbo Hotel', '2010-02-18 21:37:32'),
(77, 'kevinette3d', 'lolmdr', 'kevinette3d@hotmail.fr', '03.02.1997', '', '2010-02-18 21:37:22', 1, '', 'sd=001/0&hr=010/224,186,120&hd=002/255,204,153&ey=001/0&fc=001/255,204,153&bd=001/255,204,153&lh=001/255,204,153&rh=001/255,204,153&ch=005/199,69,217&ls=001/199,69,217&rs=001/199,69,217&lg=006/119,159,187&sh=003/223,203,175', 'M', '', 1000, 30, 'Habbo Hotel', '2010-02-18 21:37:22'),
(78, 'Ossryian', 'fighter20', 'HiTeckGeek@yahoo.com', '12.02.1999', '', '2010-02-18 23:16:17', 1, '', 'sd=001/0&hr=005/223,218,190&hd=002/255,204,153&ey=001/0&fc=001/255,204,153&bd=001/255,204,153&lh=001/255,204,153&rh=001/255,204,153&ch=003/187,36,48&ls=002/187,36,48&rs=002/187,36,48&lg=001/119,159,187&sh=003/121,94,83', 'M', '', 150, 30, 'Habbo Hotel', '2010-02-18 23:16:17'),
(79, 'Azeox', 'sasuke', 'daneeldefret@hotmail.com', '03.02.1997', '', '2010-02-19 00:20:00', 1, 'Retro', 'sd=001/0&hr=016/120,109,90&hd=002/255,204,153&ey=001/0&fc=001/255,204,153&bd=001/255,204,153&lh=001/255,204,153&rh=001/255,204,153&ch=001/199,69,217&ls=002/199,69,217&rs=002/199,69,217&lg=006/119,159,187&sh=004/255,255,255', 'M', '', 150, 30, 'Habbo Hotel', '2010-02-19 00:20:00'),
(80, 'Chris', 'australia', 'kriztofa@live.com', '14 08 1993', '', '2010-02-19 00:21:00', 1, '"Winchester" - Vampire Hunter', 'sd=001/0&hr=010/224,186,120&hd=002/255,204,153&ey=003/0&fc=001/255,204,153&bd=001/255,204,153&lh=001/255,204,153&rh=001/255,204,153&ch=010/102,102,102&ls=001/102,102,102&rs=001/102,102,102&lg=006/104,116,80&sh=001/255,255,255', 'M', '', 45, 30, 'Habbo Hotel is gr8!', '2010-02-20 15:25:34'),
(81, 'Test', 'gngpp', '10@hotten.com', '10.10.1910', '', '2010-02-19 01:21:18', 1, '', 'sd=001/0&hr=001/255,255,255&hd=002/255,204,153&ey=001/0&fc=001/255,204,153&bd=001/255,204,153&lh=001/255,204,153&rh=001/255,204,153&ch=001/232,177,55&ls=001/232,177,55&rs=001/232,177,55&lg=001/119,159,187&sh=001/175,220,223', 'M', '', 150, 30, 'Habbo Hotel', '2010-02-19 01:21:18'),
(82, 'wetzin', 'er1234', 'wetzin_powerz@hotmail.com', '12.02.1990', '', '2010-02-19 02:52:34', 1, 'ilove habbo', 'sd=001/0&hr=005/223,218,190&hd=002/255,204,153&ey=001/0&fc=001/255,204,153&bd=001/255,204,153&lh=001/255,204,153&rh=001/255,204,153&ch=003/255,255,255&ls=001/255,255,255&rs=001/255,255,255&lg=006/119,159,187&sh=004/255,255,255', 'M', '', 130, 30, 'hi', '2010-02-21 03:36:09'),
(83, 'Chaos', 'lol123', '1@2.com', '18.12.1992', '', '2010-02-19 03:39:37', 1, '', 'sd=001/0&hr=001/255,255,255&hd=002/255,204,153&ey=001/0&fc=001/255,204,153&bd=001/255,204,153&lh=001/255,204,153&rh=001/255,204,153&ch=001/232,177,55&ls=001/232,177,55&rs=001/232,177,55&lg=001/119,159,187&sh=001/175,220,223', 'M', '', 150, 30, 'Habbo Hotel', '2010-02-19 03:39:37'),
(84, 'Omega', 'lol123', '1@2.com', '18.12.1992', '', '2010-02-19 03:43:19', 1, '', 'sd=001/0&hr=001/255,255,255&hd=002/255,204,153&ey=001/0&fc=001/255,204,153&bd=001/255,204,153&lh=001/255,204,153&rh=001/255,204,153&ch=001/232,177,55&ls=001/232,177,55&rs=001/232,177,55&lg=001/119,159,187&sh=001/175,220,223', 'M', '', 150, 30, 'Habbo Hotel', '2010-02-19 03:43:19'),
(85, 'Santa', 'lol123', '1@2.com', '18.12.1992', '', '2010-02-19 03:45:14', 1, '', 'sd=001/0&hr=001/255,255,255&hd=002/255,204,153&ey=001/0&fc=001/255,204,153&bd=001/255,204,153&lh=001/255,204,153&rh=001/255,204,153&ch=001/232,177,55&ls=001/232,177,55&rs=001/232,177,55&lg=001/119,159,187&sh=001/175,220,223', 'M', '', 150, 30, 'Habbo Hotel', '2010-02-19 03:45:14'),
(86, 'Twizler', '888', 'cyberkid@yahoo.com', '06.05.1995', '', '2010-02-19 03:53:33', 1, 'Hotel Man * * ', 'sd=001/0&hr=001/255,255,255&hd=002/255,204,153&ey=001/0&fc=001/255,204,153&bd=001/255,204,153&lh=001/255,204,153&rh=001/255,204,153&ch=001/232,177,55&ls=001/232,177,55&rs=001/232,177,55&lg=001/119,159,187&sh=001/175,220,223', 'M', '', 150, 30, 'Habbo Hotel', '2010-02-19 03:53:33'),
(87, 'boomer1211', 'boomer08', 'samruss11@yahoo.com', '13.8.1977', '', '2010-02-19 06:55:48', 1, 'idk', 'sd=001/0&hr=014/200,210,230&hd=002/255,204,153&ey=001/0&fc=001/255,204,153&bd=001/255,204,153&lh=001/255,204,153&rh=001/255,204,153&ch=003/232,177,55&ls=002/232,177,55&rs=002/232,177,55&lg=006/119,159,187&sh=003/168,129,57', 'M', '', 150, 30, 'Habbo Hotel', '2010-02-19 06:55:48'),
(88, 'mustafa595', 'batman2', 'mustafa505505@hotmail.com', '8.12.1974', '', '2010-02-19 12:01:55', 1, 'FastFoward=False Loading=True Diving= -', 'sd=001/0&hr=005/223,218,190&hd=002/241,214,180&ey=001/0&fc=001/241,214,180&bd=001/241,214,180&lh=001/241,214,180&rh=001/241,214,180&ch=010/255,255,102&ls=001/255,255,102&rs=001/255,255,102&lg=004/102,102,102&sh=004/255,255,255', 'M', '', 150, 30, 'Habbo Hotel', '2010-02-19 12:02:35'),
(89, 'Mustafa', 'batman2', 'mustafa505505@hotmail.com', '9.12.2000', '', '2010-02-19 12:08:27', 1, 'Dirty Boy/Girl How Dare u Ate my motto!!!!!!!!!!', 'sd=001/0&hr=014/156,240,104&hd=002/255,204,153&ey=001/0&fc=001/255,204,153&bd=001/255,204,153&lh=001/255,204,153&rh=001/255,204,153&ch=010/255,255,102&ls=001/255,255,102&rs=001/255,255,102&lg=004/102,102,102&sh=004/255,255,255', 'M', '', 47, 30, 'Habbo Hotel', '2010-02-21 15:28:16'),
(90, 'Michael', 'test123', 'michaelduits@hotmail.com', '10.06.1992', '', '2010-02-20 11:59:39', 1, 'hey ik ben Michael :D', 'sd=001/0&hr=024/160,140,100&hd=002/255,204,153&ey=001/0&fc=001/255,204,153&bd=001/255,204,153&lh=001/255,204,153&rh=001/255,204,153&ch=001/187,36,48&ls=001/187,36,48&rs=001/187,36,48&lg=004/51,51,51&sh=004/255,255,255', 'M', '', 117, 30, 'Habbo Hotel First Version', '2010-02-20 12:23:25'),
(91, 'jim', 'noob', 'pony@msn.com', '12.12.2012', '', '2010-02-20 12:50:24', 1, 'jim', 'sd=001/0&hr=001/255,255,255&hd=002/255,204,153&ey=001/0&fc=001/255,204,153&bd=001/255,204,153&lh=001/255,204,153&rh=001/255,204,153&ch=001/232,177,55&ls=001/232,177,55&rs=001/232,177,55&lg=001/119,159,187&sh=001/175,220,223', 'M', '', 150, 30, 'Habbo Hotel', '2010-02-20 12:50:24'),
(92, 'Tenebra', 'lolhond33', 'misstenebra@hotmail.com', '06.05.1992', '', '2010-02-20 13:14:38', 1, '', 'sd=001/0&hr=006/224,186,120&hd=002/255,204,153&ey=002/0&fc=001/255,204,153&bd=001/255,204,153&lh=001/255,204,153&rh=001/255,204,153&ch=015/69,98,131&ls=003/69,98,131&rs=003/69,98,131&lg=004/102,102,102&sh=002/121,94,83', 'F', '', 82, 30, 'Habbo Hotel', '2010-02-20 16:46:16'),
(93, 'imme10', 'merlin9', 'kierajames9@hotmail.co.uk', '15.5.1999', '', '2010-02-20 13:46:29', 1, '', 'sd=001/0&hr=017/165,90,24&hd=002/248,229,218&ey=002/0&fc=001/248,229,218&bd=001/248,229,218&lh=001/248,229,218&rh=001/248,229,218&ch=002/102,102,102&ls=002/102,102,102&rs=002/102,102,102&lg=002/152,62,79&sh=002/175,220,223', 'F', '', 150, 30, 'Habbo Hotel', '2010-02-20 13:49:42'),
(94, 'zodiackiller', 'ZOD321', 'aaa@hotmail.com', '01.01.1969', '', '2010-02-20 15:17:48', 1, 'Don''t know', 'sd=001/0&hr=005/212,91,10&hd=001/248,229,218&ey=003/0&fc=001/248,229,218&bd=001/248,229,218&lh=001/248,229,218&rh=001/248,229,218&ch=001/55,139,232&ls=001/55,139,232&rs=001/55,139,232&lg=001/215,193,135&sh=001/124,143,125', 'M', '', 150, 30, 'Habbo Hotel', '2010-02-20 15:17:48'),
(95, 'Nyno', 'Kakhoofd1', 'nino-zone333@live.nl', '25.06.1997', '', '2010-02-20 16:00:28', 1, 'Just be myself ;)', 'sd=001/0&hr=024/160,140,100&hd=002/216,176,126&ey=001/0&fc=001/216,176,126&bd=001/216,176,126&lh=001/216,176,126&rh=001/216,176,126&ch=003/102,102,102&ls=001/102,102,102&rs=001/102,102,102&lg=001/119,159,187&sh=003/255,255,255', 'M', '', 150, 30, 'Habbo Hotel', '2010-02-20 16:00:28'),
(96, 'Lollylock', 'pizza4', 'icklemiznaughty@hotmail.com', '12.08.1994', '', '2010-02-20 18:47:01', 1, 'Mission Impossible', 'sd=001/0&hr=017/40,40,40&hd=002/169,124,68&ey=002/0&fc=001/169,124,68&bd=001/169,124,68&lh=001/169,124,68&rh=001/169,124,68&ch=004/64,106,101&ls=002/64,106,101&rs=002/64,106,101&lg=005/255,255,255&sh=001/255,255,255', 'F', '', 150, 30, 'Habbo Hotel', '2010-02-20 18:47:01'),
(97, 'Tobi', 'lol123', 'tobiasboes@hotmail.de', '27.11.1995', '', '2010-02-20 19:26:47', 1, 'Lolig', 'sd=001/0&hr=001/255,255,255&hd=002/255,204,153&ey=001/0&fc=001/255,204,153&bd=001/255,204,153&lh=001/255,204,153&rh=001/255,204,153&ch=001/232,177,55&ls=001/232,177,55&rs=001/232,177,55&lg=001/119,159,187&sh=001/175,220,223', 'M', '', 127, 30, 'Habbo Hotel', '2010-02-20 19:33:17'),
(98, 'Karem', 'lol123', 'lol@a.de', '06.06.1994', '', '2010-02-20 19:30:50', 1, 'LOL', 'sd=001/0&hr=001/255,255,255&hd=002/255,204,153&ey=001/0&fc=001/255,204,153&bd=001/255,204,153&lh=001/255,204,153&rh=001/255,204,153&ch=001/232,177,55&ls=001/232,177,55&rs=001/232,177,55&lg=001/119,159,187&sh=001/175,220,223', 'M', '', 140, 30, 'Habbo Hotel', '2010-02-20 19:31:45'),
(99, 'Perfection', 'samsam123', 'fe.efw@gmx.ch', '02.03.1992', '', '2010-02-20 21:03:54', 1, 'wdwede', 'sd=001/0&hr=001/255,255,255&hd=002/255,204,153&ey=001/0&fc=001/255,204,153&bd=001/255,204,153&lh=001/255,204,153&rh=001/255,204,153&ch=001/232,177,55&ls=001/232,177,55&rs=001/232,177,55&lg=001/119,159,187&sh=001/175,220,223', 'M', '', 149, 30, 'Habbo Hotel', '2010-02-20 21:04:09'),
(100, 'Epic', 'prishtina', 'spaz_kid@hotmail.co.uk', '16/12/1991', '', '2010-02-20 21:34:03', 1, '', 'sd=001/0&hr=001/255,255,255&hd=002/255,204,153&ey=001/0&fc=001/255,204,153&bd=001/255,204,153&lh=001/255,204,153&rh=001/255,204,153&ch=001/232,177,55&ls=001/232,177,55&rs=001/232,177,55&lg=001/119,159,187&sh=001/175,220,223', 'M', '', 150, 30, 'Habbo Hotel', '2010-02-20 21:34:03'),
(101, 'hihi24', 'cadeogame', '24hihi1@gmail.com', '23.09.1980', '', '2010-02-20 22:15:44', 1, 'Antiga Versão', 'sd=001/0&hr=001/255,255,255&hd=002/255,204,153&ey=001/0&fc=001/255,204,153&bd=001/255,204,153&lh=001/255,204,153&rh=001/255,204,153&ch=001/232,177,55&ls=001/232,177,55&rs=001/232,177,55&lg=001/119,159,187&sh=001/175,220,223', 'M', '', 147, 30, 'Habbo Hotel', '2010-02-20 22:17:32'),
(102, 'Thata', 'kakary98', 'sakurahah@hotmail.com', '07.08.1990', '', '2010-02-20 23:03:11', 1, 'eu sou linda', 'sd=001/0&hr=006/224,186,120&hd=002/253,218,207&ey=002/0&fc=001/253,218,207&bd=001/253,218,207&lh=001/253,218,207&rh=001/253,218,207&ch=015/199,69,217&ls=003/199,69,217&rs=003/199,69,217&lg=006/54,94,138&sh=002/223,175,209', 'F', '', 72, 30, 'Habbo Hotel', '2010-02-20 23:14:28'),
(103, 'xNicolas', 'xd1234', 'df@hotmail.com', '28.01.1991', '', '2010-02-21 00:59:30', 1, ':D!', 'sd=001/0&hr=016/224,186,120&hd=002/216,176,126&ey=001/0&fc=001/216,176,126&bd=001/216,176,126&lh=001/216,176,126&rh=001/216,176,126&ch=010/55,232,197&ls=001/55,232,197&rs=001/55,232,197&lg=006/119,159,187&sh=001/175,220,223', 'M', '', 113, 30, 'Habbo Hotel', '2010-02-21 01:09:51'),
(104, 'hehe12', '23h654', 'f@hotmail.com', '08.08.1989', '', '2010-02-21 01:22:42', 1, 'hehe', 'sd=001/0&hr=005/223,218,190&hd=002/255,204,153&ey=001/0&fc=001/255,204,153&bd=001/255,204,153&lh=001/255,204,153&rh=001/255,204,153&ch=001/232,177,55&ls=001/232,177,55&rs=001/232,177,55&lg=001/119,159,187&sh=001/175,220,223', 'M', '', 38, 30, ':D', '2010-02-21 09:15:19'),
(105, 'Brasileiro', 'zxcvbnm12', 'habbbotis2009@hotmail.com', '19.07.1996', '', '2010-02-21 03:11:21', 1, 'Brasil', 'sd=001/0&hr=010/224,186,120&hd=002/255,204,153&ey=001/0&fc=001/255,204,153&bd=001/255,204,153&lh=001/255,204,153&rh=001/255,204,153&ch=001/255,255,255&ls=001/255,255,255&rs=001/255,255,255&lg=001/119,159,187&sh=001/255,255,255', 'M', '', 150, 30, 'Habbo Hotel', '2010-02-21 03:11:21'),
(106, 'Mads', 'mads007', 'm.bisgaard@hotmail.com', '12.ap.1999', '', '2010-02-21 08:16:22', 1, 'Altid Dansker', 'sd=001/0&hr=014/231,233,45&hd=001/255,204,153&ey=001/0&fc=001/255,204,153&bd=001/255,204,153&lh=001/255,204,153&rh=001/255,204,153&ch=010/55,232,197&ls=001/55,232,197&rs=001/55,232,197&lg=006/193,210,219&sh=001/255,255,255', 'M', '', 150, 30, 'Hej', '2010-02-21 08:18:24'),
(107, 'Yoshi', 'phipho18', 'phipho18@yahoo.ca', '12.13.1995', '', '2010-02-21 08:44:44', 1, '* * * Hotel Manager * * *', 'sd=001/0&hr=005/223,218,190&hd=002/209,167,140&ey=005/0&fc=001/209,167,140&bd=001/209,167,140&lh=001/209,167,140&rh=001/209,167,140&ch=001/187,36,48&ls=001/187,36,48&rs=001/187,36,48&lg=006/51,51,51&sh=003/47,45,38', 'M', '', 150, 30, 'Habbo Hotel', '2010-02-21 08:44:44'),
(108, '.axe.', 'gangster1', 'muc@live.nl', 'dd.mm.1993', '', '2010-02-21 12:14:47', 1, 'jo', 'sd=001/0&hr=001/255,255,255&hd=002/255,204,153&ey=001/0&fc=001/255,204,153&bd=001/255,204,153&lh=001/255,204,153&rh=001/255,204,153&ch=001/232,177,55&ls=001/232,177,55&rs=001/232,177,55&lg=001/119,159,187&sh=001/175,220,223', 'M', '', 127, 30, '*-* ijgenaar *-*', '2010-02-21 12:27:02'),
(109, 'TurkishBoy', 'pixelen90', 'baris-tutumlu@live.nl', '09.06.1996', '', '2010-02-21 12:32:36', 1, 'hé waar is pery', 'sd=001/0&hr=005/223,218,190&hd=002/255,204,153&ey=001/0&fc=001/255,204,153&bd=001/255,204,153&lh=001/255,204,153&rh=001/255,204,153&ch=001/232,177,55&ls=001/232,177,55&rs=001/232,177,55&lg=001/119,159,187&sh=001/175,220,223', 'M', '', 150, 30, 'Habbo Hotel', '2010-02-21 12:32:36'),
(110, 'Alessandro', 'alex99', 'Alex.Bonura@live.de', '12.12.1999', '', '2010-02-21 13:05:59', 1, 'Youuuu german', 'sd=001/0&hr=015/231,233,45&hd=002/189,149,98&ey=001/0&fc=001/189,149,98&bd=001/189,149,98&lh=001/189,149,98&rh=001/189,149,98&ch=001/232,177,55&ls=001/232,177,55&rs=001/232,177,55&lg=004/152,134,62&sh=004/255,201,43', 'M', '', 150, 30, 'Habbo Hotel', '2010-02-21 13:05:59'),
(111, 'Superfun', 'awesome', 'frank@ajravindiran.com', '07-09-1980', '', '2010-02-21 14:24:47', 1, 'nillus is mijn homo''tje', 'sd=001/0&hr=007/255,255,255&hd=002/255,204,153&ey=001/0&fc=001/255,204,153&bd=001/255,204,153&lh=001/255,204,153&rh=001/255,204,153&ch=001/232,177,55&ls=001/232,177,55&rs=001/232,177,55&lg=001/119,159,187&sh=001/175,220,223', 'M', '', 150, 30, 'Habbo Hotel', '2010-02-21 14:24:47'),
(112, '+_+', 'lol1', 'googled@live.co.uk', '20.09.1990', '', '2010-02-21 14:28:08', 1, '', 'sd=001/0&hr=005/223,218,190&hd=002/255,204,153&ey=001/0&fc=001/255,204,153&bd=001/255,204,153&lh=001/255,204,153&rh=001/255,204,153&ch=009/55,139,232&ls=002/55,139,232&rs=002/55,139,232&lg=001/54,94,138&sh=001/255,255,255', 'M', '', 150, 30, 'Habbo Hotel', '2010-02-21 14:28:08'),
(113, '<B>', 'ownage123', 'purple_pudding@hotmail.co.uk', '20.09.1990', '', '2010-02-21 14:33:40', 1, 'And you are?', 'sd=001/0&hr=008/248,229,218&hd=002/255,204,153&ey=005/0&fc=001/255,204,153&bd=001/255,204,153&lh=001/255,204,153&rh=001/255,204,153&ch=010/101,106,64&ls=001/101,106,64&rs=001/101,106,64&lg=004/102,102,102&sh=001/175,220,223', 'M', '', 107, 30, 'Habbo Hotel', '2010-02-21 14:48:11'),
(114, 'lean', 'erik333', 'lean.mag@hotmail.com', '37.38.2009', '', '2010-02-21 14:34:04', 1, 'gemes', 'sd=001/0&hr=010/255,255,255&hd=001/238,231,224&ey=001/0&fc=001/238,231,224&bd=001/238,231,224&lh=001/238,231,224&rh=001/238,231,224&ch=001/255,255,255&ls=002/255,255,255&rs=002/255,255,255&lg=002/255,255,255&sh=002/255,255,255', 'M', '', 93, 30, 'Habbo Hotel', '2010-02-21 16:51:53'),
(115, 'pierre1995', 'maus11', 'pluto15@live.de', '30.11.1990', '', '2010-02-21 14:36:32', 1, 'cool', 'sd=001/0&hr=001/255,255,255&hd=002/255,204,153&ey=001/0&fc=001/255,204,153&bd=001/255,204,153&lh=001/255,204,153&rh=001/255,204,153&ch=001/232,177,55&ls=001/232,177,55&rs=001/232,177,55&lg=001/119,159,187&sh=001/175,220,223', 'M', '', 150, 30, 'Habbo Hotel', '2010-02-21 14:36:32'),
(116, 'Habbo', 'lol1', 'l@l.com', '20.09.1990', '', '2010-02-21 15:00:34', 1, '', 'sd=001/0&hr=001/255,255,255&hd=002/255,204,153&ey=001/0&fc=001/255,204,153&bd=001/255,204,153&lh=001/255,204,153&rh=001/255,204,153&ch=001/232,177,55&ls=001/232,177,55&rs=001/232,177,55&lg=001/119,159,187&sh=001/175,220,223', 'M', '', 145, 30, 'Habbo Hotel', '2010-02-21 15:15:01'),
(119, 'Stef', 'abc123', 'steffy_is_da_best@hotmail.com', '22 05 1993', '', '2010-02-21 15:27:46', 1, 'Uilleam - Nosferatu', 'sd=001/0&hr=008/237,215,187&hd=002/238,231,224&ey=003/0&fc=001/238,231,224&bd=001/238,231,224&lh=001/238,231,224&rh=001/238,231,224&ch=010/64,106,101&ls=001/64,106,101&rs=001/64,106,101&lg=004/51,51,51&sh=001/255,255,255', 'M', '', 150, 30, 'A coon in a fridge.', '2010-02-21 16:34:21'),
(117, 'Drakorine', 'abc123', 'steffy_is_da_best@hotmail.com', '22 05 1993', '', '2010-02-21 15:10:44', 1, '', 'sd=001/0&hr=023/236,255,237&hd=002/237,215,187&ey=003/0&fc=001/237,215,187&bd=001/237,215,187&lh=001/237,215,187&rh=001/237,215,187&ch=001/101,106,64&ls=002/101,106,64&rs=002/101,106,64&lg=004/51,51,51&sh=002/255,255,255', 'M', '', 150, 30, 'Habbo Hotel', '2010-02-21 15:11:46'),
(118, 'Luke', 'wut123', 'dfdf@dfdfd.com', '01.04.1993', '', '2010-02-21 15:18:00', 1, 'Wut?!!', 'sd=001/0&hr=016/45,165,233&hd=002/216,176,126&ey=003/0&fc=001/216,176,126&bd=001/216,176,126&lh=001/216,176,126&rh=001/216,176,126&ch=010/51,51,51&ls=001/51,51,51&rs=001/51,51,51&lg=004/102,102,102&sh=001/255,255,255', 'M', '', 150, 30, 'Habbo Hotel', '2010-02-21 15:36:38'),
(120, 'millsrock', 'mills1', 'millsrock@hotmail.com', '10.06.1994', '', '2010-02-21 15:48:13', 1, 'Behind every smiling Habbo is a crying emo', 'sd=001/0&hr=001/255,255,255&hd=002/248,229,218&ey=001/0&fc=001/248,229,218&bd=001/248,229,218&lh=001/248,229,218&rh=001/248,229,218&ch=010/187,36,48&ls=001/187,36,48&rs=001/187,36,48&lg=004/51,51,51&sh=003/47,45,38', 'M', '', 150, 30, 'Habbo Hotel', '2010-02-21 15:48:13'),
(121, 'qwerty99', 'polo0909', 'lol@lol.nl', '06.12.1987', '', '2010-02-21 15:57:23', 1, 'Suelake.', 'sd=001/0&hr=015/200,210,230&hd=001/255,204,153&ey=001/0&fc=001/255,204,153&bd=001/255,204,153&lh=001/255,204,153&rh=001/255,204,153&ch=555/255,255,255&ls=001/255,255,255&rs=001/255,255,255&lg=001/51,51,51&sh=001/175,220,223', 'M', '', 150, 30, 'Habbo Hotel', '2010-02-21 16:05:14'),
(122, 'God', 'omaigud12', 'loool@hotmail.com', '12.12.1991', '', '2010-02-21 15:58:40', 1, '', 'sd=001/0&hr=001/255,255,255&hd=002/255,204,153&ey=001/0&fc=001/255,204,153&bd=001/255,204,153&lh=001/255,204,153&rh=001/255,204,153&ch=001/232,177,55&ls=001/232,177,55&rs=001/232,177,55&lg=001/119,159,187&sh=001/175,220,223', 'M', '', 150, 30, 'Habbo Hotel', '2010-02-21 15:58:40'),
(123, 'z3r0x', '000000', 'angelmp2@hotmail.es', '27.05.1991', '', '2010-02-21 16:28:00', 1, 'hey', 'sd=001/0&hr=001/255,255,255&hd=002/255,204,153&ey=001/0&fc=001/255,204,153&bd=001/255,204,153&lh=001/255,204,153&rh=001/255,204,153&ch=001/232,177,55&ls=001/232,177,55&rs=001/232,177,55&lg=001/119,159,187&sh=001/175,220,223', 'M', '', 150, 30, 'Habbo Hotel', '2010-02-21 16:28:00'),
(124, 'Liam', 'lilili9', 'wass.1@hotmail.co.uk', '10.8.1988', '', '2010-02-21 16:30:46', 1, 'Here to help.', 'sd=001/0&hr=015/50,50,53&hd=002/237,215,187&ey=005/0&fc=001/237,215,187&bd=001/237,215,187&lh=001/237,215,187&rh=001/237,215,187&ch=010/51,51,51&ls=001/51,51,51&rs=001/51,51,51&lg=004/51,51,51&sh=003/47,45,38', 'M', '', 150, 30, 'Habbo Hotel', '2010-02-21 16:30:46'),
(125, '+-=Nick=-+', 'lol1', 'googled@live.co.uk', '20.09.1990', '', '2010-02-21 16:41:27', 1, '', 'sd=001/0&hr=001/255,255,255&hd=002/255,204,153&ey=001/0&fc=001/255,204,153&bd=001/255,204,153&lh=001/255,204,153&rh=001/255,204,153&ch=001/232,177,55&ls=001/232,177,55&rs=001/232,177,55&lg=001/119,159,187&sh=001/175,220,223', 'M', '', 150, 30, 'Habbo Hotel', '2010-02-21 16:41:27'),
(126, 'PacMan', 'steven1', 'ion_howerton@hotmail.com', '03.09.1992', '', '2010-02-21 16:48:19', 1, 'To do work.', 'sd=001/0&hr=001/255,255,255&hd=002/255,204,153&ey=001/0&fc=001/255,204,153&bd=001/255,204,153&lh=001/255,204,153&rh=001/255,204,153&ch=001/232,177,55&ls=001/232,177,55&rs=001/232,177,55&lg=001/119,159,187&sh=001/175,220,223', 'M', '', 150, 30, 'Habbo Hotel', '2010-02-21 16:48:19'),
(127, 'ZaiZit', '9xk65T', 'dss@f.de', '14.06.1991', '', '2010-02-21 16:50:55', 1, '', 'sd=001/0&hr=005/223,218,190&hd=002/255,204,153&ey=001/0&fc=001/255,204,153&bd=001/255,204,153&lh=001/255,204,153&rh=001/255,204,153&ch=001/199,69,217&ls=002/199,69,217&rs=002/199,69,217&lg=002/215,193,135&sh=002/121,94,83', 'M', '', 150, 30, 'Habbo Hotel', '2010-02-21 16:50:55'),
(128, 'darken', '987654', 'nohave@hotmail.de', '22.01.1992', '', '2010-02-21 17:28:28', 1, '', 'sd=001/0&hr=001/255,255,255&hd=002/203,188,144&ey=005/0&fc=001/203,188,144&bd=001/203,188,144&lh=001/203,188,144&rh=001/203,188,144&ch=001/255,255,102&ls=002/255,255,102&rs=002/255,255,102&lg=001/193,210,219&sh=001/175,220,223', 'M', '', 150, 30, 'Habbo Hotel', '2010-02-21 17:28:28');
INSERT INTO `users` (`id`, `name`, `password`, `email`, `dob`, `phonenumber`, `registered`, `role`, `motto`, `figure`, `sex`, `poolfigure`, `credits`, `gametickets`, `motto_messenger`, `lastactivity`) VALUES
(129, 'Boner', 'boner1', 'lol@lolcakes.com', '11.11.1990', '', '2010-02-21 17:52:18', 1, 'lol missions', 'sd=001/0&hr=001/255,255,255&hd=002/255,204,153&ey=001/0&fc=001/255,204,153&bd=001/255,204,153&lh=001/255,204,153&rh=001/255,204,153&ch=001/232,177,55&ls=001/232,177,55&rs=001/232,177,55&lg=001/119,159,187&sh=001/175,220,223', 'M', '', 106, 30, 'Habbo Hotel', '2010-02-21 18:10:14'),
(130, 'jfro', '1qwerty', 'user@domain.com', '30.11.1990', '', '2010-02-21 17:57:58', 1, '', 'sd=001/0&hr=001/255,255,255&hd=002/255,204,153&ey=001/0&fc=001/255,204,153&bd=001/255,204,153&lh=001/255,204,153&rh=001/255,204,153&ch=001/232,177,55&ls=001/232,177,55&rs=001/232,177,55&lg=001/119,159,187&sh=001/175,220,223', 'M', '', 150, 30, 'Habbo Hotel', '2010-02-21 17:57:58'),
(131, 'MOD-Millsrock', 'mills1', 'xmasradio@hotmail.com', '10.06.1994', '', '2010-02-21 18:35:38', 1, 'Behind every smiling Habbo is a crying emo', 'sd=001/0&hr=001/255,255,255&hd=002/248,229,218&ey=001/0&fc=001/248,229,218&bd=001/248,229,218&lh=001/248,229,218&rh=001/248,229,218&ch=010/187,36,48&ls=001/187,36,48&rs=001/187,36,48&lg=004/51,51,51&sh=003/47,45,38', 'M', '', 150, 30, 'Habbo Hotel', '2010-02-21 18:35:38'),
(132, 'Elxu', 'Leppanen1', 'eluaah@gmail.com', '13.12.1990', '', '2010-02-21 18:41:25', 1, '', 'sd=001/0&hr=001/255,255,255&hd=002/255,204,153&ey=001/0&fc=001/255,204,153&bd=001/255,204,153&lh=001/255,204,153&rh=001/255,204,153&ch=001/232,177,55&ls=001/232,177,55&rs=001/232,177,55&lg=001/119,159,187&sh=001/175,220,223', 'M', '', 150, 30, 'Habbo Hotel', '2010-02-21 18:41:25'),
(134, 'ZGravity', '1oliver', 'samuelslb94@gmail.com', '26.04.1994', '', '2010-02-21 21:20:42', 1, 'Since 2004.', 'sd=001/0&hr=001/255,255,255&hd=002/238,231,224&ey=001/0&fc=001/238,231,224&bd=001/238,231,224&lh=001/238,231,224&rh=001/238,231,224&ch=010/51,51,51&ls=001/51,51,51&rs=001/51,51,51&lg=004/51,51,51&sh=002/255,255,255', 'M', '', 146, 30, 'Habbo Hotel', '2010-02-21 21:23:24'),
(133, 'Pato', 'asd123', 'asd@asd.com', '02.02.1980', '', '2010-02-21 20:24:21', 1, 'ª Pato ª', 'sd=001/0&hr=010/120,109,90&hd=002/237,215,187&ey=001/0&fc=001/237,215,187&bd=001/237,215,187&lh=001/237,215,187&rh=001/237,215,187&ch=010/106,64,92&ls=001/106,64,92&rs=001/106,64,92&lg=006/51,51,51&sh=003/47,45,38', 'M', '', 150, 30, 'Habbo Hotel', '2010-02-21 20:24:21');

-- --------------------------------------------------------

--
-- Table structure for table `users_access`
--

CREATE TABLE IF NOT EXISTS `users_access` (
  `id` int(10) NOT NULL AUTO_INCREMENT,
  `userid` int(10) NOT NULL,
  `ip` varchar(20) NOT NULL,
  `login` datetime NOT NULL DEFAULT '0000-00-00 00:00:00',
  `logout` datetime DEFAULT NULL,
  `registration` bit(1) NOT NULL,
  PRIMARY KEY (`id`),
  UNIQUE KEY `uni` (`id`)
) ENGINE=MyISAM  DEFAULT CHARSET=latin1 AUTO_INCREMENT=331 ;

--
-- Dumping data for table `users_access`
--

INSERT INTO `users_access` (`id`, `userid`, `ip`, `login`, `logout`, `registration`) VALUES
(1, 5, '80.5.56.187', '2010-02-19 03:38:57', NULL, b'0'),
(2, 83, '80.5.56.187', '2010-02-19 03:39:37', NULL, b'0'),
(3, 0, '80.5.56.187', '2010-02-19 03:43:19', NULL, b'0'),
(4, 84, '80.5.56.187', '2010-02-19 03:43:19', NULL, b'0'),
(5, 0, '80.5.56.187', '2010-02-19 03:45:14', NULL, b'1'),
(6, 85, '80.5.56.187', '2010-02-19 03:45:14', NULL, b'0'),
(7, 71, '68.199.142.25', '2010-02-19 03:50:51', NULL, b'0'),
(8, 0, '68.199.142.25', '2010-02-19 03:53:33', NULL, b'1'),
(9, 86, '68.199.142.25', '2010-02-19 03:53:33', NULL, b'0'),
(10, 39, '118.208.163.8', '2010-02-19 05:56:10', NULL, b'0'),
(11, 71, '68.199.142.25', '2010-02-19 06:13:29', NULL, b'0'),
(12, 71, '68.199.142.25', '2010-02-19 06:16:06', NULL, b'0'),
(13, 0, '76.20.213.15', '2010-02-19 06:55:48', NULL, b'1'),
(14, 87, '76.20.213.15', '2010-02-19 06:55:48', NULL, b'0'),
(15, 87, '76.20.213.15', '2010-02-19 06:58:01', NULL, b'0'),
(16, 55, '78.145.55.147', '2010-02-19 11:09:18', NULL, b'0'),
(17, 5, '80.5.56.187', '2010-02-19 11:16:33', NULL, b'0'),
(18, 60, '213.213.219.218', '2010-02-19 11:17:52', NULL, b'0'),
(19, 60, '213.213.219.218', '2010-02-19 11:18:50', NULL, b'0'),
(20, 0, '124.123.196.251', '2010-02-19 12:01:55', NULL, b'1'),
(21, 88, '124.123.196.251', '2010-02-19 12:01:56', NULL, b'0'),
(22, 0, '124.123.196.251', '2010-02-19 12:08:27', NULL, b'1'),
(23, 89, '124.123.196.251', '2010-02-19 12:08:28', NULL, b'0'),
(24, 64, '77.97.77.119', '2010-02-19 12:10:59', NULL, b'0'),
(25, 5, '80.5.56.187', '2010-02-19 12:36:10', NULL, b'0'),
(26, 89, '124.123.196.251', '2010-02-19 12:36:32', NULL, b'0'),
(27, 5, '80.5.56.187', '2010-02-19 12:38:37', NULL, b'0'),
(28, 64, '77.97.77.119', '2010-02-19 12:40:56', NULL, b'0'),
(29, 89, '124.123.196.251', '2010-02-19 12:53:40', NULL, b'0'),
(30, 64, '77.97.77.119', '2010-02-19 13:06:13', NULL, b'0'),
(31, 89, '124.123.196.251', '2010-02-19 13:24:04', NULL, b'0'),
(32, 89, '124.123.196.251', '2010-02-19 13:24:28', NULL, b'0'),
(33, 58, '91.20.147.207', '2010-02-20 10:58:47', NULL, b'0'),
(34, 55, '78.145.55.147', '2010-02-20 11:47:53', NULL, b'0'),
(35, 67, '86.25.213.137', '2010-02-20 11:59:17', NULL, b'0'),
(36, 0, '84.80.68.216', '2010-02-20 11:59:39', NULL, b'1'),
(37, 90, '84.80.68.216', '2010-02-20 11:59:39', NULL, b'0'),
(38, 90, '84.80.68.216', '2010-02-20 12:02:08', NULL, b'0'),
(39, 5, '80.5.56.187', '2010-02-20 12:17:06', NULL, b'0'),
(40, 58, '91.20.147.207', '2010-02-20 12:21:40', NULL, b'0'),
(41, 90, '84.80.68.216', '2010-02-20 12:28:08', NULL, b'0'),
(42, 56, '81.106.206.73', '2010-02-20 12:33:44', NULL, b'0'),
(43, 80, '86.132.192.198', '2010-02-20 12:34:13', NULL, b'0'),
(44, 90, '84.80.68.216', '2010-02-20 12:44:25', NULL, b'0'),
(45, 0, '82.25.21.99', '2010-02-20 12:50:24', NULL, b'1'),
(46, 91, '82.25.21.99', '2010-02-20 12:50:24', NULL, b'0'),
(47, 71, '68.199.142.25', '2010-02-20 12:50:33', NULL, b'0'),
(48, 59, '86.20.8.113', '2010-02-20 12:52:31', NULL, b'0'),
(49, 54, '86.129.58.23', '2010-02-20 13:01:12', NULL, b'0'),
(50, 5, '80.5.56.187', '2010-02-20 13:10:35', NULL, b'0'),
(51, 0, '213.118.140.15', '2010-02-20 13:14:38', NULL, b'1'),
(52, 92, '213.118.140.15', '2010-02-20 13:14:38', NULL, b'0'),
(53, 92, '213.118.140.15', '2010-02-20 13:16:09', NULL, b'0'),
(54, 64, '77.97.77.119', '2010-02-20 13:18:24', NULL, b'0'),
(55, 92, '213.118.140.15', '2010-02-20 13:18:31', NULL, b'0'),
(56, 55, '78.145.55.147', '2010-02-20 13:19:58', NULL, b'0'),
(57, 92, '213.118.140.15', '2010-02-20 13:22:18', NULL, b'0'),
(58, 92, '213.118.140.15', '2010-02-20 13:29:25', NULL, b'0'),
(59, 56, '81.106.206.73', '2010-02-20 13:29:27', NULL, b'0'),
(60, 92, '213.118.140.15', '2010-02-20 13:33:58', NULL, b'0'),
(61, 44, '217.123.214.141', '2010-02-20 13:34:45', NULL, b'0'),
(62, 0, '94.168.212.8', '2010-02-20 13:46:29', NULL, b'1'),
(63, 93, '94.168.212.8', '2010-02-20 13:46:29', NULL, b'0'),
(64, 93, '94.168.212.8', '2010-02-20 13:49:33', NULL, b'0'),
(65, 44, '217.123.214.141', '2010-02-20 13:49:44', NULL, b'0'),
(66, 44, '217.123.214.141', '2010-02-20 13:53:13', NULL, b'0'),
(67, 90, '84.80.68.216', '2010-02-20 13:57:07', NULL, b'0'),
(68, 90, '84.80.68.216', '2010-02-20 13:58:47', NULL, b'0'),
(69, 59, '86.20.8.113', '2010-02-20 14:08:29', NULL, b'0'),
(70, 5, '80.5.56.187', '2010-02-20 14:09:12', NULL, b'0'),
(71, 92, '213.118.140.15', '2010-02-20 14:09:21', NULL, b'0'),
(72, 67, '86.25.213.137', '2010-02-20 14:09:26', NULL, b'0'),
(73, 64, '77.97.77.119', '2010-02-20 14:09:38', NULL, b'0'),
(74, 56, '81.106.206.73', '2010-02-20 14:10:07', NULL, b'0'),
(75, 59, '86.20.8.113', '2010-02-20 14:10:57', NULL, b'0'),
(76, 54, '86.129.58.23', '2010-02-20 14:12:36', NULL, b'0'),
(77, 92, '213.118.140.15', '2010-02-20 14:15:32', NULL, b'0'),
(78, 80, '86.132.192.198', '2010-02-20 14:22:18', NULL, b'0'),
(79, 63, '90.200.198.56', '2010-02-20 14:24:04', NULL, b'0'),
(80, 56, '81.106.206.73', '2010-02-20 14:31:23', NULL, b'0'),
(81, 56, '81.106.206.73', '2010-02-20 14:34:18', NULL, b'0'),
(82, 80, '86.132.192.198', '2010-02-20 14:36:35', NULL, b'0'),
(83, 90, '84.80.68.216', '2010-02-20 14:58:59', NULL, b'0'),
(84, 0, '93.106.119.184', '2010-02-20 15:17:48', NULL, b'1'),
(85, 94, '93.106.119.184', '2010-02-20 15:17:49', NULL, b'0'),
(86, 56, '81.106.206.73', '2010-02-20 15:20:56', NULL, b'0'),
(87, 80, '86.132.192.198', '2010-02-20 15:26:47', NULL, b'0'),
(88, 5, '80.5.56.187', '2010-02-20 15:35:26', NULL, b'0'),
(89, 54, '86.129.58.23', '2010-02-20 15:35:59', NULL, b'0'),
(90, 59, '86.20.8.113', '2010-02-20 15:36:00', NULL, b'0'),
(91, 67, '86.25.213.137', '2010-02-20 15:36:12', NULL, b'0'),
(92, 67, '86.25.213.137', '2010-02-20 15:37:24', NULL, b'0'),
(93, 5, '80.5.56.187', '2010-02-20 15:37:25', NULL, b'0'),
(94, 59, '86.20.8.113', '2010-02-20 15:37:43', NULL, b'0'),
(95, 54, '86.129.58.23', '2010-02-20 15:37:43', NULL, b'0'),
(96, 80, '86.132.192.198', '2010-02-20 15:39:48', NULL, b'0'),
(97, 64, '77.97.77.119', '2010-02-20 15:40:32', NULL, b'0'),
(98, 54, '86.129.58.23', '2010-02-20 15:42:19', NULL, b'0'),
(99, 67, '86.25.213.137', '2010-02-20 15:42:25', NULL, b'0'),
(100, 5, '80.5.56.187', '2010-02-20 15:42:26', NULL, b'0'),
(101, 64, '77.97.77.119', '2010-02-20 15:42:37', NULL, b'0'),
(102, 59, '86.20.8.113', '2010-02-20 15:43:11', NULL, b'0'),
(103, 0, '77.250.243.95', '2010-02-20 16:00:28', NULL, b'1'),
(104, 95, '77.250.243.95', '2010-02-20 16:00:28', NULL, b'0'),
(105, 64, '77.97.77.119', '2010-02-20 16:01:01', NULL, b'0'),
(106, 67, '86.25.213.137', '2010-02-20 16:01:01', NULL, b'0'),
(107, 5, '80.5.56.187', '2010-02-20 16:01:02', NULL, b'0'),
(108, 54, '86.129.58.23', '2010-02-20 16:01:08', NULL, b'0'),
(109, 59, '86.20.8.113', '2010-02-20 16:02:09', NULL, b'0'),
(110, 92, '213.118.140.15', '2010-02-20 16:03:13', NULL, b'0'),
(111, 51, '212.127.191.242', '2010-02-20 16:05:57', NULL, b'0'),
(112, 5, '80.5.56.187', '2010-02-20 16:11:08', NULL, b'0'),
(113, 54, '86.129.58.23', '2010-02-20 16:11:11', NULL, b'0'),
(114, 92, '213.118.140.15', '2010-02-20 16:11:16', NULL, b'0'),
(115, 64, '77.97.77.119', '2010-02-20 16:11:19', NULL, b'0'),
(116, 67, '86.25.213.137', '2010-02-20 16:11:20', NULL, b'0'),
(117, 59, '86.20.8.113', '2010-02-20 16:12:42', NULL, b'0'),
(118, 64, '77.97.77.119', '2010-02-20 16:18:29', NULL, b'0'),
(119, 64, '77.97.77.119', '2010-02-20 16:19:07', NULL, b'0'),
(120, 64, '77.97.77.119', '2010-02-20 16:22:14', NULL, b'0'),
(121, 59, '86.20.8.113', '2010-02-20 16:23:07', NULL, b'0'),
(122, 5, '80.5.56.187', '2010-02-20 16:23:11', NULL, b'0'),
(123, 64, '77.97.77.119', '2010-02-20 16:23:21', NULL, b'0'),
(124, 92, '213.118.140.15', '2010-02-20 16:23:23', NULL, b'0'),
(125, 67, '81.100.27.101', '2010-02-20 16:23:27', NULL, b'0'),
(126, 64, '77.97.77.119', '2010-02-20 16:27:10', NULL, b'0'),
(127, 64, '77.97.77.119', '2010-02-20 16:31:11', NULL, b'0'),
(128, 5, '80.5.56.187', '2010-02-20 16:55:00', NULL, b'0'),
(129, 59, '86.20.8.113', '2010-02-20 16:55:12', NULL, b'0'),
(130, 64, '77.97.77.119', '2010-02-20 16:55:28', NULL, b'0'),
(131, 67, '81.100.27.101', '2010-02-20 16:57:21', NULL, b'0'),
(132, 67, '81.100.27.101', '2010-02-20 16:57:54', NULL, b'0'),
(133, 67, '86.25.215.130', '2010-02-20 17:00:09', NULL, b'0'),
(134, 5, '80.5.56.187', '2010-02-20 17:19:05', NULL, b'0'),
(135, 59, '86.20.8.113', '2010-02-20 17:19:21', NULL, b'0'),
(136, 67, '80.5.44.110', '2010-02-20 17:19:29', NULL, b'0'),
(137, 64, '77.97.77.119', '2010-02-20 17:22:58', NULL, b'0'),
(138, 54, '86.129.58.23', '2010-02-20 17:34:05', NULL, b'0'),
(139, 54, '86.129.58.23', '2010-02-20 17:43:47', NULL, b'0'),
(140, 59, '86.20.8.113', '2010-02-20 17:45:11', NULL, b'0'),
(141, 70, '64.180.64.127', '2010-02-20 17:52:59', NULL, b'0'),
(142, 67, '81.100.25.12', '2010-02-20 18:01:53', NULL, b'0'),
(143, 67, '81.100.25.12', '2010-02-20 18:20:17', NULL, b'0'),
(144, 0, '82.30.19.228', '2010-02-20 18:47:01', NULL, b'1'),
(145, 96, '82.30.19.228', '2010-02-20 18:47:01', NULL, b'0'),
(146, 67, '86.25.212.166', '2010-02-20 18:47:18', NULL, b'0'),
(147, 54, '86.129.58.23', '2010-02-20 18:47:47', NULL, b'0'),
(148, 5, '80.5.56.187', '2010-02-20 19:07:21', NULL, b'0'),
(149, 67, '86.25.212.166', '2010-02-20 19:07:44', NULL, b'0'),
(150, 59, '86.20.8.113', '2010-02-20 19:15:35', NULL, b'0'),
(151, 59, '86.20.8.113', '2010-02-20 19:15:58', NULL, b'0'),
(152, 64, '77.97.77.119', '2010-02-20 19:19:16', NULL, b'0'),
(153, 44, '217.123.214.141', '2010-02-20 19:20:18', NULL, b'0'),
(154, 0, '88.76.201.77', '2010-02-20 19:26:47', NULL, b'1'),
(155, 97, '88.76.201.77', '2010-02-20 19:26:47', NULL, b'0'),
(156, 0, '88.152.229.83', '2010-02-20 19:30:50', NULL, b'1'),
(157, 98, '88.152.229.83', '2010-02-20 19:30:50', NULL, b'0'),
(158, 97, '88.76.201.77', '2010-02-20 19:37:23', NULL, b'0'),
(159, 92, '213.118.140.15', '2010-02-20 20:41:36', NULL, b'0'),
(160, 67, '80.5.46.54', '2010-02-20 20:52:26', NULL, b'0'),
(161, 0, '83.77.59.14', '2010-02-20 21:03:54', NULL, b'1'),
(162, 99, '83.77.59.14', '2010-02-20 21:03:54', NULL, b'0'),
(163, 0, '78.149.191.182', '2010-02-20 21:34:03', NULL, b'1'),
(164, 100, '78.149.191.182', '2010-02-20 21:34:03', NULL, b'0'),
(165, 73, '78.151.186.24', '2010-02-20 21:42:45', NULL, b'0'),
(166, 59, '86.20.8.113', '2010-02-20 21:45:07', NULL, b'0'),
(167, 0, '187.14.44.107', '2010-02-20 22:15:45', NULL, b'1'),
(168, 101, '187.14.44.107', '2010-02-20 22:15:45', NULL, b'0'),
(169, 0, '189.70.76.14', '2010-02-20 23:03:11', NULL, b'1'),
(170, 102, '189.70.76.14', '2010-02-20 23:03:11', NULL, b'0'),
(171, 59, '86.20.8.113', '2010-02-20 23:13:42', NULL, b'0'),
(172, 67, '80.5.46.54', '2010-02-20 23:48:20', NULL, b'0'),
(173, 0, '190.46.111.131', '2010-02-21 00:59:30', NULL, b'1'),
(174, 103, '190.46.111.131', '2010-02-21 00:59:30', NULL, b'0'),
(175, 0, '84.73.226.115', '2010-02-21 01:22:42', NULL, b'1'),
(176, 104, '84.73.226.115', '2010-02-21 01:22:42', NULL, b'0'),
(177, 59, '86.20.8.113', '2010-02-21 01:36:33', NULL, b'0'),
(178, 104, '84.73.226.115', '2010-02-21 01:44:47', NULL, b'0'),
(179, 0, '201.12.130.146', '2010-02-21 03:11:21', NULL, b'1'),
(180, 105, '201.12.130.146', '2010-02-21 03:11:21', NULL, b'0'),
(181, 82, '189.220.30.15', '2010-02-21 03:26:19', NULL, b'0'),
(182, 5, '80.5.56.187', '2010-02-21 03:55:12', NULL, b'0'),
(183, 70, '64.180.64.127', '2010-02-21 08:13:55', NULL, b'0'),
(184, 0, '80.197.151.178', '2010-02-21 08:16:22', NULL, b'1'),
(185, 106, '80.197.151.178', '2010-02-21 08:16:22', NULL, b'0'),
(186, 0, '64.180.64.127', '2010-02-21 08:44:44', NULL, b'1'),
(187, 107, '64.180.64.127', '2010-02-21 08:44:44', NULL, b'0'),
(188, 104, '84.73.226.115', '2010-02-21 09:06:15', NULL, b'0'),
(189, 59, '86.20.8.113', '2010-02-21 11:06:39', NULL, b'0'),
(190, 92, '213.118.141.28', '2010-02-21 11:24:11', NULL, b'0'),
(191, 4, '84.25.138.95', '2010-02-21 11:42:03', NULL, b'0'),
(192, 0, '84.82.108.89', '2010-02-21 12:14:47', NULL, b'1'),
(193, 108, '84.82.108.89', '2010-02-21 12:14:47', NULL, b'0'),
(194, 0, '93.125.196.251', '2010-02-21 12:32:36', NULL, b'1'),
(195, 109, '93.125.196.251', '2010-02-21 12:32:36', NULL, b'0'),
(196, 0, '91.46.90.152', '2010-02-21 13:05:59', NULL, b'1'),
(197, 110, '91.46.90.152', '2010-02-21 13:05:59', NULL, b'0'),
(198, 110, '91.46.90.152', '2010-02-21 13:06:54', NULL, b'0'),
(199, 67, '80.5.45.95', '2010-02-21 13:18:11', NULL, b'0'),
(200, 89, '124.123.196.251', '2010-02-21 13:19:19', NULL, b'0'),
(201, 59, '86.20.8.113', '2010-02-21 13:39:44', NULL, b'0'),
(202, 54, '86.129.58.23', '2010-02-21 13:41:32', NULL, b'0'),
(203, 67, '80.5.45.95', '2010-02-21 13:44:14', NULL, b'0'),
(204, 64, '77.97.77.119', '2010-02-21 13:50:29', NULL, b'0'),
(205, 5, '80.5.56.187', '2010-02-21 13:51:56', NULL, b'0'),
(206, 67, '80.5.45.95', '2010-02-21 13:52:36', NULL, b'0'),
(207, 89, '124.123.196.251', '2010-02-21 13:56:49', NULL, b'0'),
(208, 89, '124.123.196.251', '2010-02-21 13:57:34', NULL, b'0'),
(209, 5, '80.5.56.187', '2010-02-21 14:07:51', NULL, b'0'),
(210, 64, '77.97.77.119', '2010-02-21 14:07:55', NULL, b'0'),
(211, 67, '80.5.45.95', '2010-02-21 14:08:16', NULL, b'0'),
(212, 5, '80.5.56.187', '2010-02-21 14:21:57', NULL, b'0'),
(213, 1, '86.81.163.182', '2010-02-21 14:22:04', NULL, b'0'),
(214, 0, '77.250.122.158', '2010-02-21 14:24:47', NULL, b'1'),
(215, 111, '77.250.122.158', '2010-02-21 14:24:47', NULL, b'0'),
(216, 20, '82.197.12.153', '2010-02-21 14:26:59', NULL, b'0'),
(217, 0, '91.106.166.204', '2010-02-21 14:28:08', NULL, b'1'),
(218, 112, '91.106.166.204', '2010-02-21 14:28:08', NULL, b'0'),
(219, 67, '80.5.45.95', '2010-02-21 14:28:51', NULL, b'0'),
(220, 13, '82.75.10.102', '2010-02-21 14:32:45', NULL, b'0'),
(221, 0, '91.106.166.204', '2010-02-21 14:33:40', NULL, b'1'),
(222, 113, '91.106.166.204', '2010-02-21 14:33:40', NULL, b'0'),
(223, 0, '85.230.105.200', '2010-02-21 14:34:04', NULL, b'1'),
(224, 114, '85.230.105.200', '2010-02-21 14:34:04', NULL, b'0'),
(225, 114, '85.230.105.200', '2010-02-21 14:34:53', NULL, b'0'),
(226, 0, '77.20.53.207', '2010-02-21 14:36:32', NULL, b'1'),
(227, 115, '77.20.53.207', '2010-02-21 14:36:32', NULL, b'0'),
(228, 24, '190.134.178.209', '2010-02-21 14:41:41', NULL, b'0'),
(229, 114, '85.230.105.200', '2010-02-21 14:43:19', NULL, b'0'),
(230, 15, '86.18.195.227', '2010-02-21 14:47:23', NULL, b'0'),
(231, 15, '86.18.195.227', '2010-02-21 14:48:05', NULL, b'0'),
(232, 24, '190.134.178.209', '2010-02-21 14:49:53', NULL, b'0'),
(233, 59, '86.20.8.113', '2010-02-21 14:58:32', NULL, b'0'),
(234, 0, '91.106.166.204', '2010-02-21 15:00:34', NULL, b'1'),
(235, 116, '91.106.166.204', '2010-02-21 15:00:34', NULL, b'0'),
(236, 56, '81.106.206.73', '2010-02-21 15:01:16', NULL, b'0'),
(237, 89, '124.123.196.251', '2010-02-21 15:04:09', NULL, b'0'),
(238, 67, '80.5.45.95', '2010-02-21 15:04:35', NULL, b'0'),
(239, 54, '86.129.58.23', '2010-02-21 15:07:44', NULL, b'0'),
(240, 26, '190.134.178.209', '2010-02-21 15:09:08', NULL, b'0'),
(241, 0, '89.240.217.246', '2010-02-21 15:10:44', NULL, b'1'),
(242, 117, '89.240.217.246', '2010-02-21 15:10:44', NULL, b'0'),
(243, 24, '190.134.178.209', '2010-02-21 15:16:42', NULL, b'0'),
(244, 0, '95.147.217.34', '2010-02-21 15:18:00', NULL, b'1'),
(245, 118, '95.147.217.34', '2010-02-21 15:18:01', NULL, b'0'),
(246, 64, '77.97.77.119', '2010-02-21 15:18:56', NULL, b'0'),
(247, 59, '86.20.8.113', '2010-02-21 15:19:02', NULL, b'0'),
(248, 118, '95.147.217.34', '2010-02-21 15:26:49', NULL, b'0'),
(249, 118, '95.147.217.34', '2010-02-21 15:27:39', NULL, b'0'),
(250, 0, '89.240.217.246', '2010-02-21 15:27:46', NULL, b'1'),
(251, 119, '89.240.217.246', '2010-02-21 15:27:46', NULL, b'0'),
(252, 1, '86.81.163.182', '2010-02-21 15:39:55', NULL, b'0'),
(253, 80, '86.147.208.4', '2010-02-21 15:42:26', NULL, b'0'),
(254, 55, '78.145.55.147', '2010-02-21 15:42:33', NULL, b'0'),
(255, 13, '82.75.10.102', '2010-02-21 15:44:25', NULL, b'0'),
(256, 27, '190.134.178.209', '2010-02-21 15:47:20', NULL, b'0'),
(257, 15, '86.18.195.227', '2010-02-21 15:47:50', NULL, b'0'),
(258, 0, '24.226.73.240', '2010-02-21 15:48:14', NULL, b'1'),
(259, 120, '24.226.73.240', '2010-02-21 15:48:14', NULL, b'0'),
(260, 30, '190.134.178.209', '2010-02-21 15:48:54', NULL, b'0'),
(261, 4, '84.25.138.95', '2010-02-21 15:53:45', NULL, b'0'),
(262, 24, '190.134.178.209', '2010-02-21 15:56:29', NULL, b'0'),
(263, 0, '86.90.226.43', '2010-02-21 15:57:23', NULL, b'1'),
(264, 121, '86.90.226.43', '2010-02-21 15:57:23', NULL, b'0'),
(265, 0, '87.219.32.118', '2010-02-21 15:58:40', NULL, b'1'),
(266, 122, '87.219.32.118', '2010-02-21 15:58:40', NULL, b'0'),
(267, 56, '81.106.206.73', '2010-02-21 16:00:44', NULL, b'0'),
(268, 114, '85.230.105.200', '2010-02-21 16:03:55', NULL, b'0'),
(269, 24, '190.134.178.209', '2010-02-21 16:22:33', NULL, b'0'),
(270, 15, '86.18.195.227', '2010-02-21 16:26:11', NULL, b'0'),
(271, 0, '95.16.90.138', '2010-02-21 16:28:00', NULL, b'1'),
(272, 123, '95.16.90.138', '2010-02-21 16:28:00', NULL, b'0'),
(273, 6, '86.76.41.4', '2010-02-21 16:29:36', NULL, b'0'),
(274, 56, '81.106.206.73', '2010-02-21 16:30:25', NULL, b'0'),
(275, 0, '77.100.180.56', '2010-02-21 16:30:46', NULL, b'1'),
(276, 124, '77.100.180.56', '2010-02-21 16:30:46', NULL, b'0'),
(277, 123, '95.16.90.138', '2010-02-21 16:30:53', NULL, b'0'),
(278, 55, '78.145.55.147', '2010-02-21 16:34:33', NULL, b'0'),
(279, 56, '81.106.206.73', '2010-02-21 16:38:27', NULL, b'0'),
(280, 67, '80.5.46.87', '2010-02-21 16:40:44', NULL, b'0'),
(281, 0, '91.106.166.204', '2010-02-21 16:41:27', NULL, b'1'),
(282, 125, '91.106.166.204', '2010-02-21 16:41:27', NULL, b'0'),
(283, 24, '190.134.178.209', '2010-02-21 16:46:47', NULL, b'0'),
(284, 0, '72.28.254.33', '2010-02-21 16:48:19', NULL, b'1'),
(285, 126, '72.28.254.33', '2010-02-21 16:48:19', NULL, b'0'),
(286, 59, '86.20.8.113', '2010-02-21 16:49:48', NULL, b'0'),
(287, 0, '62.107.137.37', '2010-02-21 16:50:55', NULL, b'1'),
(288, 127, '62.107.137.37', '2010-02-21 16:50:55', NULL, b'0'),
(289, 0, '201.242.27.190', '2010-02-21 17:28:28', NULL, b'1'),
(290, 128, '201.242.27.190', '2010-02-21 17:28:28', NULL, b'0'),
(291, 29, '84.24.23.198', '2010-02-21 17:30:23', NULL, b'0'),
(292, 5, '80.5.56.187', '2010-02-21 17:36:30', NULL, b'0'),
(293, 55, '78.145.55.147', '2010-02-21 17:38:28', NULL, b'0'),
(294, 0, '66.140.105.248', '2010-02-21 17:52:18', NULL, b'1'),
(295, 129, '66.140.105.248', '2010-02-21 17:52:18', NULL, b'0'),
(296, 59, '86.20.8.113', '2010-02-21 17:56:52', NULL, b'0'),
(297, 0, '95.149.250.59', '2010-02-21 17:57:58', NULL, b'1'),
(298, 130, '95.149.250.59', '2010-02-21 17:57:59', NULL, b'0'),
(299, 1, '86.81.163.182', '2010-02-21 17:59:53', NULL, b'0'),
(300, 24, '190.134.178.209', '2010-02-21 18:26:43', NULL, b'0'),
(301, 5, '80.5.56.187', '2010-02-21 18:26:46', NULL, b'0'),
(302, 120, '24.226.73.240', '2010-02-21 18:29:00', NULL, b'0'),
(303, 59, '86.20.8.113', '2010-02-21 18:31:34', NULL, b'0'),
(304, 54, '86.129.58.23', '2010-02-21 18:31:58', NULL, b'0'),
(305, 0, '24.226.73.240', '2010-02-21 18:35:38', NULL, b'1'),
(306, 131, '24.226.73.240', '2010-02-21 18:35:38', NULL, b'0'),
(307, 5, '80.5.56.187', '2010-02-21 18:38:48', NULL, b'0'),
(308, 131, '24.226.73.240', '2010-02-21 18:39:33', NULL, b'0'),
(309, 0, '88.192.135.180', '2010-02-21 18:41:26', NULL, b'1'),
(310, 132, '88.192.135.180', '2010-02-21 18:41:26', NULL, b'0'),
(311, 5, '80.5.56.187', '2010-02-21 18:42:43', NULL, b'0'),
(312, 58, '91.20.177.205', '2010-02-21 18:48:16', NULL, b'0'),
(313, 64, '77.97.77.119', '2010-02-21 19:03:47', NULL, b'0'),
(314, 59, '86.20.8.113', '2010-02-21 19:24:29', NULL, b'0'),
(315, 73, '92.28.96.83', '2010-02-21 19:59:14', NULL, b'0'),
(316, 67, '81.100.24.7', '2010-02-21 19:59:43', NULL, b'0'),
(317, 64, '77.97.77.119', '2010-02-21 20:05:52', NULL, b'0'),
(318, 56, '81.107.19.72', '2010-02-21 20:08:23', NULL, b'0'),
(319, 55, '78.145.55.147', '2010-02-21 20:10:04', NULL, b'0'),
(320, 5, '80.5.56.187', '2010-02-21 20:12:33', NULL, b'0'),
(321, 54, '86.129.58.23', '2010-02-21 20:15:33', NULL, b'0'),
(322, 80, '86.147.208.4', '2010-02-21 20:23:31', NULL, b'0'),
(323, 0, '80.218.11.251', '2010-02-21 20:24:21', NULL, b'1'),
(324, 133, '80.218.11.251', '2010-02-21 20:24:22', NULL, b'0'),
(325, 1, '86.81.163.182', '2010-02-21 20:38:29', NULL, b'0'),
(326, 73, '92.28.96.83', '2010-02-21 20:54:22', NULL, b'0'),
(327, 67, '81.100.28.108', '2010-02-21 20:56:12', NULL, b'0'),
(328, 15, '86.18.195.227', '2010-02-21 21:12:12', NULL, b'0'),
(329, 0, '85.246.242.118', '2010-02-21 21:20:42', NULL, b'1'),
(330, 134, '85.246.242.118', '2010-02-21 21:20:42', NULL, b'0');

-- --------------------------------------------------------

--
-- Table structure for table `users_favoriteflats`
--

CREATE TABLE IF NOT EXISTS `users_favoriteflats` (
  `userid` int(11) NOT NULL,
  `spaceid` int(11) NOT NULL
) ENGINE=MyISAM DEFAULT CHARSET=latin1;

--
-- Dumping data for table `users_favoriteflats`
--

INSERT INTO `users_favoriteflats` (`userid`, `spaceid`) VALUES
(1, 1004),
(1, 1012),
(1, 1013),
(1, 1015),
(1, 1003),
(1, 1004),
(1, 1004),
(1, 1010),
(1, 1013),
(1, 1009),
(1, 1023),
(1, 1027),
(1, 1025),
(1, 1023),
(1, 1051),
(1, 1054),
(1, 1053),
(1, 1050),
(1, 1063),
(1, 1066),
(1, 1061),
(1, 1060),
(1, 1055),
(1, 2099);

-- --------------------------------------------------------

--
-- Table structure for table `users_rights`
--

CREATE TABLE IF NOT EXISTS `users_rights` (
  `userright` varchar(50) NOT NULL,
  `role` tinyint(3) unsigned NOT NULL,
  PRIMARY KEY (`userright`)
) ENGINE=MyISAM DEFAULT CHARSET=latin1;

--
-- Dumping data for table `users_rights`
--

INSERT INTO `users_rights` (`userright`, `role`) VALUES
('default', 0),
('can_buy_credits', 1),
('can_enter_others_rooms', 1),
('can_see_server_info', 1),
('can_enter_any_room', 3),
('can_see_server_status', 1),
('can_alert_user', 2),
('can_kick_user', 2),
('can_alert_space', 3),
('can_kick_space', 3),
('can_be_invisible', 4),
('can_kill_user', 5),
('can_send_servcast', 5),
('can_see_userlist', 5),
('can_modify_credits', 5),
('can_answer_cfh', 2),
('is_any_flatcontroller', 3),
('can_see_hidden_flatowner', 3),
('can_ban_user', 3),
('can_ban_ip', 4),
('can_unban', 4),
('can_moonwalk', 1),
('can_control_bots', 5),
('can_control_server', 5),
('can_use_blunkshell', 5),
('can_login', 1),
('can_trade', 1),
('can_use_special_room_layouts', 1),
('can_furni_chooser', 0),
('can_access_stocks', 1);

/*!40101 SET CHARACTER_SET_CLIENT=@OLD_CHARACTER_SET_CLIENT */;
/*!40101 SET CHARACTER_SET_RESULTS=@OLD_CHARACTER_SET_RESULTS */;
/*!40101 SET COLLATION_CONNECTION=@OLD_COLLATION_CONNECTION */;
